date,title,link
2023-01-01,,https://blog.naver.com/MyBlog.naver
2023-01-01,,https://section.blog.naver.com/
2023-01-01,,https://blog.naver.com/ruizhen0823
2023-01-01,서울에서 크리스마스 보내기/ 서울 트리 명소 추천,https://blog.naver.com/ruizhen0823/222972233291
2023-01-01,,https://blog.naver.com/warrr2020
2023-01-01,"2018 트렌드 노트, 우리는 어디로 가고 있는가",https://blog.naver.com/warrr2020/222972210611
2023-01-01,,https://blog.naver.com/okhwa9914
2023-01-01,종로 다다 호텔 인사동 (서울 숙소),https://blog.naver.com/okhwa9914/222972175455
2023-01-01,,https://blog.naver.com/kkkeepgoing
2023-01-01,"창업일기 2편, 사업 아이템을 찾아라!",https://blog.naver.com/kkkeepgoing/222972021577
2023-01-01,한국관광100선 국내 여행지 후기 모음 ♪,https://blog.naver.com/goyamee/222971846772
2023-01-01,,https://blog.naver.com/gmlgid21
2023-01-01,"반가운 친구들, 반가운 연말",https://blog.naver.com/gmlgid21/222971555913
2023-01-02,,https://blog.naver.com/1byeoliiiii
2023-01-02,"[익선동 맛집] 죽이잘맞아 : 제주식 전복죽, 전복내장죽, 하늘공원 해돋이, 서울 일출 , 서울 전복죽 맛집",https://blog.naver.com/1byeoliiiii/222973121798
2023-01-02,,https://blog.naver.com/lioner81
2023-01-02,대한민국 구석구석 23_24 한국관광 100선,https://blog.naver.com/lioner81/222972385040
2023-01-03,,https://blog.naver.com/jjuy1210
2023-01-03,2월 3월 국내 여행지 추천 겨울 여행 가볼만한곳 BEST4,https://blog.naver.com/jjuy1210/222973852440
2023-01-03,서울 종로 익선동 데이트 가볼만한곳 한옥거리 놀거리 우영우촬영지,https://blog.naver.com/jmusuri/222973432251
2023-01-03,,https://blog.naver.com/koreanbar_kr
2023-01-03,서울편 - 2023~2024 한국 관광 100선,https://blog.naver.com/koreanbar_kr/222973430687
2023-01-04,익선동 한옥마을 카페 청수당 / 딸기 수플레 맛집 야경 명소 아기랑 익선동 나들이 다녀오기,https://blog.naver.com/ghdthxod97/222975180418
2023-01-04,,https://blog.naver.com/osh1041203
2023-01-04,"익선동 청수당, 추운 겨울 1시간 대기하며 카페투어 후기",https://blog.naver.com/osh1041203/222975151206
2023-01-04,,https://blog.naver.com/namaste12366
2023-01-04,"후토마키맛집,익선점 초이다이닝은 신데이트코스로 부상하고 있답니다. 강추드립니다.",https://blog.naver.com/namaste12366/222974901402
2023-01-04,,https://blog.naver.com/m_____mv09
2023-01-04,익선동 찻집 뜰안 옛날 팥빙수 단팥죽 먹으며 데이트 코스로도 굳,https://blog.naver.com/m_____mv09/222974680191
2023-01-05,,https://blog.naver.com/kma5522534
2023-01-05,익선동데이트 명소를 알려드릴께요 익선점 초이다이닝,https://blog.naver.com/kma5522534/222975284693
2023-01-06,,https://blog.naver.com/pjw22233
2023-01-06,종로 데이트-익선잡방 / 몰토,https://blog.naver.com/pjw22233/222977155319
2023-01-06,,https://blog.naver.com/kbeauty-leader
2023-01-06,주말 데이트 명소!! 장소추천☆☆☆ 아기자기 볼게 많은 익선동 맛집 추천,https://blog.naver.com/kbeauty-leader/222976808893
2023-01-07,,https://blog.naver.com/seoulharu
2023-01-07,"부산충동여행 전포카페거리, 전리단길, 전포역주변 서면 토요코인 호텔 골목길",https://blog.naver.com/seoulharu/222977848656
2023-01-07,,https://blog.naver.com/didtprud467
2023-01-07,[익선동 핫플 카페] 소금빵 맛집 소하염전(小夏鹽田),https://blog.naver.com/didtprud467/222977662690
2023-01-07,,https://blog.naver.com/tjsgmlzoq92
2023-01-07,"익선동 호캉스 걷고 먹고 서울 여행 - 이비스 앰버서더 인사동 후기, 종로 익선동 맛집",https://blog.naver.com/tjsgmlzoq92/222977633458
2023-01-07,,https://blog.naver.com/mill59
2023-01-07,"서울 놀거리 가볼만한 곳 서울 여행 필수 코스 인사동, 쌈지길 부터 안녕 인사동 모나미 스토어 나만의 볼펜 만들기 까지",https://blog.naver.com/mill59/222977551490
2023-01-07,런던 베이글 뮤지엄 안국 메뉴 웨이팅 서울 베이글 맛집 SNS 핫플 접수!,https://blog.naver.com/meteorslove/222977546216
2023-01-07,,https://blog.naver.com/kwon___byul
2023-01-07,플롭피자 불광천 새절역주변 데이트코스 추천,https://blog.naver.com/kwon___byul/222977363381
2023-01-08,,https://blog.naver.com/owangbi0803
2023-01-08,서울 가볼만한 곳 익선동 한옥거리,https://blog.naver.com/owangbi0803/222978306649
2023-01-08,익선동 핫플 한옥카페 청수당 식물 정원 말차 디저트 맛집 서울 종로 데이트 코스 가볼만한곳,https://blog.naver.com/masiller/222978302607
2023-01-09,,https://blog.naver.com/ooh0e
2023-01-09,"2023,일상 기록-1",https://blog.naver.com/ooh0e/222979604239
2023-01-09,,https://blog.naver.com/damoauu
2023-01-09,지금 팔리는 것들의 비밀 내용요약,https://blog.naver.com/damoauu/222979500684
2023-01-09,,https://blog.naver.com/stick0614
2023-01-09,서울 종로구 삼일대로 인사동 N285 호텔 수익형 부동산 분양가 위치 분양 정보,https://blog.naver.com/stick0614/222979007571
2023-01-09,추억 속으로의 여행 서울 레트로 거리 익선동 한옥거리를 거닐다.,https://blog.naver.com/gargamel-ajae/222978653687
2023-01-10,서울 여행 가볼만한곳 종묘 유네스코 세계문화유산 종로3가 걷기 좋은 곳 산책 데이트,https://blog.naver.com/masiller/222979964392
2023-01-11,,https://blog.naver.com/jungk0715
2023-01-11,[종로3가] 깨비사주타로 / 익선동 사주 / 익선동 타로 / 종로구 사주 / 익선동 운세 / 종로 사주카페 / 데이트코스,https://blog.naver.com/jungk0715/222981785955
2023-01-11,,https://blog.naver.com/sseol3815
2023-01-11,"[서울여행]-더현대, 안국 런던베이글뮤지엄, 태양의서커스, 잠실 한강공원, 명동 신세계백화점",https://blog.naver.com/sseol3815/222981481832
2023-01-11,,https://blog.naver.com/haetsal4049
2023-01-11,[익선동맛집/태국레스토랑] 데이트코스로 강추하는 아시안 맛집 익선 치앙마이방콕,https://blog.naver.com/haetsal4049/222981457438
2023-01-11,,https://blog.naver.com/dlaalth61002
2023-01-11,한국에서 즐기는 해외명소 리스트,https://blog.naver.com/dlaalth61002/222981377208
2023-01-11,,https://blog.naver.com/seug2580
2023-01-11,익선동타로 익선힐링타로포유&뷰티풀캐리커쳐 추천,https://blog.naver.com/seug2580/222981157511
2023-01-11,,https://blog.naver.com/jyjluv299
2023-01-11,"익선동 카페 아삐뽀레 (ft. 한옥, 종로3가, 포토존, 데이트, 에스프레소, 뱅쇼 뜻 효능)",https://blog.naver.com/jyjluv299/222981086876
2023-01-12,,https://blog.naver.com/no1_doit
2023-01-12,[내돈내먹] 겨울엔 샤브샤브지_feat.익선동 온천집,https://blog.naver.com/no1_doit/222982605540
2023-01-12,서울 전망 좋은 곳 대한민국역사박물관 옥상정원 노을 선셋 포토존 명소 종로 가볼만한곳,https://blog.naver.com/masiller/222982327255
2023-01-12,,https://blog.naver.com/bingo36
2023-01-12,"종묘(자이온종로점), 익선동,북촌 코스",https://blog.naver.com/bingo36/222982318680
2023-01-12,호텔 아트리움 종로 광장시장 근처 알뜰하게 알아보기!,https://blog.naver.com/azsx523/222982315357
2023-01-12,,https://blog.naver.com/prime201
2023-01-12,'생방송투데이-수요맛전' 서울 방이동 대창아귀찜 vs 종로 익선동 대창덮밥·철판부침케이크 맛집 위치는?,https://blog.naver.com/prime201/222981985180
2023-01-12,,https://blog.naver.com/jnpstay
2023-01-12,종로 놀거리 북촌 전통공예체험관 안내,https://blog.naver.com/jnpstay/222981238667
2023-01-12,서울 뚜벅이 여행 인사동 쌈지길 4대문 안 최고의 놀거리 장소.,https://blog.naver.com/gargamel-ajae/222981875271
2023-01-13,,https://blog.naver.com/lin060918
2023-01-13,경주여행 1탄 : 경주맛집_소향몽 & 경주카페_양지다방 & 경주 핫플레이스_ 황리단길 방문기,https://blog.naver.com/lin060918/222983535962
2023-01-13,"종로3가 술집 : 조용한 술집, 익선동 한식 파인 다이닝 '윳' (YOOT)",https://blog.naver.com/ad_yu2016/222982900909
2023-01-14,,https://blog.naver.com/qurtks2828
2023-01-14,2023 한국관광 100선 및 신규 선정 33곳/이거라도 다 가볼수 있다면 너무 행복할 것 같아요.,https://blog.naver.com/qurtks2828/222984192303
2023-01-14,,https://blog.naver.com/finerim
2023-01-14,익선동 맛집 & 이색 데이트코스 ː 치앙마이방콕 익선,https://blog.naver.com/finerim/222984133750
2023-01-14,,https://blog.naver.com/kiwoomfree
2023-01-14,"서울 인사동 카페, 인사동 경인미술관",https://blog.naver.com/kiwoomfree/222983798264
2023-01-15,,https://blog.naver.com/yel_ha
2023-01-15,종강. 나는 게으르다,https://blog.naver.com/yel_ha/222984610655
2023-01-16,,https://blog.naver.com/alhamra
2023-01-16,"[상주카페] 우림::마치 교토에 온 듯한 분위기의 하이엔드 티카페(홍차,녹차)",https://blog.naver.com/alhamra/222985664810
2023-01-16,,https://blog.naver.com/haeunil
2023-01-16,한국인이 꼭! 가봐야 할 #23_24한국관광 100선,https://blog.naver.com/haeunil/222985601487
2023-01-16,,https://blog.naver.com/opag0322
2023-01-16,서울갈만한곳 3곳 서울광장 청계천 광화문광장 탐방,https://blog.naver.com/opag0322/222985508608
2023-01-17,,https://blog.naver.com/bmsorw
2023-01-17,아트몬스터 을지로점,https://blog.naver.com/bmsorw/222987384487
2023-01-17,"[서울 종로구 익선동 데이트·분위기 맛집]2TV생생정보(974회)방영 프랑스 오너쉐프 운영 찐프랑스 음식맛볼수있는 블루리본 프렌치 레스토랑 '빠리가옥'::부야베스수프, 프로방살피자",https://blog.naver.com/turtlecouple/222987094638
2023-01-17,,https://blog.naver.com/mchtlove
2023-01-17,종로 익선동 맛집 <르블란서> 환승연애2 데이트장소,https://blog.naver.com/mchtlove/222986671540
2023-01-18,,https://blog.naver.com/merrychristmas2010
2023-01-18,익선동타로 '익선힐링타로포유&뷰티풀캐리커쳐',https://blog.naver.com/merrychristmas2010/222987921047
2023-01-18,,https://blog.naver.com/autofc0530
2023-01-18,[ 종로 익선동 나들이 ] 데이트코스 => 라미스콘 / 아삐뽀레 / 지오쿠치나 / 소하염전 후기,https://blog.naver.com/autofc0530/222987873140
2023-01-18,,https://blog.naver.com/dep1515
2023-01-18,힐스테이트 세운(힐스에비뉴) 세운푸르지오 헤리시티 상가분양,https://blog.naver.com/dep1515/222987762295
2023-01-18,,https://blog.naver.com/wideopenuniverse
2023-01-18,"1/1~1/7 새해, 계절, 책, 전시, 잡지",https://blog.naver.com/wideopenuniverse/222987715641
2023-01-20,,https://blog.naver.com/maximusjws
2023-01-20,[종로맞춤정장] 포튼가먼트 종로점이 소개해 드리는 익선동 데이트 코스 추천,https://blog.naver.com/maximusjws/222989834974
2023-01-20,,https://blog.naver.com/0111khh
2023-01-20,[계묘년 설연휴정보] 무료 주차장 대중 교통 시간 연장 동서울 남부 터미널 돈의문 마을 서울 역사 한성 백제 박물관 세종 문화 회관 수서역 복정역 남산 한옥 마을 남대문 시장,https://blog.naver.com/0111khh/222989793472
2023-01-20,,https://blog.naver.com/cineglass
2023-01-20,종로 데이트코스 아로마테라피 디톡스 <우주연해독연구소>,https://blog.naver.com/cineglass/222983823978
2023-01-20,,https://blog.naver.com/way2wealth
2023-01-20,152. 부동산 트렌드 2023 (2),https://blog.naver.com/way2wealth/222988006629
2023-01-20,,https://blog.naver.com/choonsik123
2023-01-20,[서울축제] 서울빛초롱축제 후기 광화문 종로 청계천 가볼만한 곳,https://blog.naver.com/choonsik123/222989372936
2023-01-21,,https://blog.naver.com/noow-moon
2023-01-21,때늦은 2022 연말결산,https://blog.naver.com/noow-moon/222990627055
2023-01-21,,https://blog.naver.com/min_jeong94
2023-01-21,익선동 신상카페 한옥랑솜 방문 그리고 종묘 나들이까지♥,https://blog.naver.com/min_jeong94/222990619572
2023-01-21,,https://blog.naver.com/okeystory
2023-01-21,[서울 익선동 실내 애견동반가능 카페_아삐뽀레] SSS급 포토존을 보유한 한옥카페,https://blog.naver.com/okeystory/222990592213
2023-01-21,"국립현대미술관 서울 X 경복궁 X 민속박물관 X 광화문 광장까지, 설 명절에는 고궁과 미술관이 무료!",https://blog.naver.com/tjsdudrhadl/222990572262
2023-01-21,,https://blog.naver.com/chung0901
2023-01-21,알아두면 유용한 설 연휴 정보..무료 주차장 어디? 지하철 연장 언제?,https://blog.naver.com/chung0901/222990296572
2023-01-21,,https://blog.naver.com/dfhjgku
2023-01-21,2023년 가보아야할 여행지 한국관광명소 100선,https://blog.naver.com/dfhjgku/222990266396
2023-01-22,,https://blog.naver.com/yenyo2
2023-01-22,메이커스 X 이쁘다 호텔,https://blog.naver.com/yenyo2/222991086445
2023-01-22,다다 호텔 인사동,https://blog.naver.com/yenyo2/222991073419
2023-01-22,인사동 알 게스트하우스,https://blog.naver.com/yenyo2/222991072194
2023-01-22,,https://blog.naver.com/itoy51
2023-01-22,파란율의 블로그 사이트 맵,https://blog.naver.com/itoy51/222990899864
2023-01-22,"[서울 익선동 실내 애견동반식당_빠리가옥] ""익선동에는 애견동반 식당이 귀하답니다"" 프렌치레스토랑",https://blog.naver.com/okeystory/222990844152
2023-01-23,익선동 분위기있는 고기집 한일옥 평일웨이팅 | 청계천데이트 맛집 익선동데이트 맛집,https://blog.naver.com/jangrose5932/222992087205
2023-01-23,,https://blog.naver.com/hiin4949
2023-01-23,"[익선동 데이트코스][익선동 맛집][익선동 사진] 하리보월드전시회, 도마유즈 라멘",https://blog.naver.com/hiin4949/222992070696
2023-01-23,,https://blog.naver.com/good4452
2023-01-23,서울 종로구 익선동 한옥거리 맛집... 익선애뜻,https://blog.naver.com/good4452/222992048269
2023-01-23,,https://blog.naver.com/newjin90
2023-01-23,[리뷰] 부동산 트렌드 2023 : 대폭락을 기회로 전환하는 법,https://blog.naver.com/newjin90/222992014054
2023-01-23,,https://blog.naver.com/alily33
2023-01-23,익선동캐리커쳐 익선힐링타로포유&뷰티풀캐리커쳐 익선동데이트,https://blog.naver.com/alily33/222991946933
2023-01-23,,https://blog.naver.com/mercurysin
2023-01-23,"[일본여행] 해질녘 노을과 등불이 아름다운 니넨자카, 산넨자카 거리 (기요미즈데라, 사진찍기 좋은 교토)",https://blog.naver.com/mercurysin/222990941201
2023-01-23,메이커스X이쁘다 호텔,https://blog.naver.com/yenyo2/222991645486
2023-01-23,이비스 앰배서더 서울 인사동 호텔,https://blog.naver.com/yenyo2/222991619796
2023-01-23,,https://blog.naver.com/p9573198
2023-01-23,서울에 오면 들러야 할 동네…익선동 한옥마을 골목 포함 아날로그 감성 핫플레이스 나들이 주변의 맛집(종로3가역 근처),https://blog.naver.com/p9573198/222991614411
2023-01-24,,https://blog.naver.com/ojn0625
2023-01-24,익선힐링타로포유&뷰티풀캐리커쳐 _ 익선동캐리커쳐 에서 추억남기자!,https://blog.naver.com/ojn0625/222992918268
2023-01-24,,https://blog.naver.com/rtklove
2023-01-24,"[종로구익선동파스타맛집] 익선동데이트코스 ""돈부리파스타"" 스테이크파스타/탑골공원맛집",https://blog.naver.com/rtklove/222992631538
2023-01-24,,https://blog.naver.com/daeun__n22
2023-01-24,‘황금밸런스’ 우수활동자가 알려 주는 아트리핀 서포터즈 4기 이야기,https://blog.naver.com/daeun__n22/222992457735
2023-01-24,서울 시내 한눈에 담는 서울산 추천 인왕산 자락길 걷다! 수성동 계곡 지나 윤동주 시인의 언덕까지,https://blog.naver.com/cafeinfofam/222992430180
2023-01-24,,https://blog.naver.com/makmu
2023-01-24,부동산 트렌드 2023 Part 5-2,https://blog.naver.com/makmu/222992173896
2023-01-25,,https://blog.naver.com/orchid___jh
2023-01-25,소제동 맛집 : 라운지엑스 에스프레소 바앤드립 조용한 대전 카페,https://blog.naver.com/orchid___jh/222994311070
2023-01-25,,https://blog.naver.com/brightding
2023-01-25,"서울 익선동 맛집 빠리가옥 : 프렌치 레스토랑, 데이트코스 추천",https://blog.naver.com/brightding/222993361004
2023-01-26,,https://blog.naver.com/lmcjj55
2023-01-26,<익선애뜻> 종로맛집 익선동한옥거리 한식맛집,https://blog.naver.com/lmcjj55/222995312785
2023-01-26,,https://blog.naver.com/woohyun0226
2023-01-26,15년만에 가는 경주 여행 (feat. 커피홀릭 가족),https://blog.naver.com/woohyun0226/222995145171
2023-01-26,,https://blog.naver.com/gksttleekf
2023-01-26,2023~2024 한국인이 꼭 가봐야할 한국관광100선,https://blog.naver.com/gksttleekf/222994799072
2023-01-27,,https://blog.naver.com/coridor
2023-01-27,"가성비 NO, 시성비 YES! 익선동 핫플 ‘송암여관’, ‘청수당’어때?",https://blog.naver.com/coridor/222996317676
2023-01-27,,https://blog.naver.com/gggy89
2023-01-27,"[서울] 노랑풍선 2층 시티 버스, 전통문화코스 후기",https://blog.naver.com/gggy89/222996290187
2023-01-27,,https://blog.naver.com/sde1206
2023-01-27,택시운전면허 서울지리 교제,https://blog.naver.com/sde1206/222996187826
2023-01-27,,https://blog.naver.com/metal301301
2023-01-27,인사동 카페 커피빈 오라카이스위츠호텔1층,https://blog.naver.com/metal301301/222995756432
2023-01-28,,https://blog.naver.com/dbsthwls9112
2023-01-28,대전:) 괴정동 청수당 신록 방문솔직후기!( 롯데백화점),https://blog.naver.com/dbsthwls9112/222997761396
2023-01-28,서울데이트 동대문 종로 가볼만한곳 창신지역맛집 밀림,https://blog.naver.com/ping746/222997189106
2023-01-29,,https://blog.naver.com/heea7142
2023-01-29,내가 사랑하는 익선동,https://blog.naver.com/heea7142/222998495127
2023-01-29,,https://blog.naver.com/ss500413
2023-01-29,11월의 서울여행,https://blog.naver.com/ss500413/222998153522
2023-01-29,,https://blog.naver.com/steam13855
2023-01-29,익선동맛집-익선디미방,https://blog.naver.com/steam13855/222997931604
2023-01-30,,https://blog.naver.com/rkgml2174
2023-01-30,서울 여행 익선동 한옥거리,https://blog.naver.com/rkgml2174/222999322687
2023-01-31,,https://blog.naver.com/you_chu
2023-01-31,"[안국역 카페] 아삐뽀레⎮익선동한옥거리카페 추천, 익선동카페거리 포토존 카페 추천 (위치, 메뉴판, 인스타 핫플)",https://blog.naver.com/you_chu/223000804509
2023-01-31,,https://blog.naver.com/friendly_sy
2023-01-31,[서울 연남] 연남동 데이트하기 좋은 물소리 가득한 초록초록 힐링 카페 '청수당공명',https://blog.naver.com/friendly_sy/223000254840
2023-01-31,"서울 종로구 핫플 관광지, 창덕궁 관람 : 입장료, 주차장, 관광 명소, 익선동 떡볶이 맛집 남도분식",https://blog.naver.com/rianse/222999055838
2023-02-01,,https://blog.naver.com/strongselfesteem
2023-02-01,잠실 나들이 코스 추천/롯데월드몰 디라이프스타일키친/월드타워 무료 전시/잠실한강공원 산책,https://blog.naver.com/strongselfesteem/223002451930
2023-02-01,,https://blog.naver.com/basicyeob
2023-02-01,서촌 맛집 잘빠진메밀 - 메밀 팔아서 건물주 된 민성훈 대표님 인터뷰,https://blog.naver.com/basicyeob/223002372004
2023-02-01,서순라길 이화벽화마을 낙산공원까지 서울 걷기 좋은 길,https://blog.naver.com/vicpig/223002338948
2023-02-01,,https://blog.naver.com/gjrudtn9909
2023-02-01,익선동맛집 분위기 좋고 데이트 코스로 좋은 오늘그대와,https://blog.naver.com/gjrudtn9909/223002078099
2023-02-01,,https://blog.naver.com/wemeta
2023-02-01,"물의 도시, 쑤저우(苏州) 일일투어",https://blog.naver.com/wemeta/223001641080
2023-02-02,,https://blog.naver.com/plumclean
2023-02-02,"[익선동, 종로 3가 /카페] 익선동 경치를 한눈에, 복합문화공간 루프탑 카페, 낙원장",https://blog.naver.com/plumclean/223002783711
2023-02-02,,https://blog.naver.com/sehi33
2023-02-02,2023-2024 한국관광100선 도장깨기 해봐요,https://blog.naver.com/sehi33/223000965670
2023-02-03,,https://blog.naver.com/psb011004
2023-02-03,대형프로젝트: 서울 플레이스 모음.zip,https://blog.naver.com/psb011004/223004517938
2023-02-04,,https://blog.naver.com/love_iu93
2023-02-04,Yulgok-ro 10-gil 해밀 한옥 게스트하우스 (서울 숙소),https://blog.naver.com/love_iu93/223004826047
2023-02-04,,https://blog.naver.com/hyun_4231
2023-02-04,"익선동 온천집, 주말 오픈런, 낮술포함 분위기 맛집",https://blog.naver.com/hyun_4231/223004770671
2023-02-05,종로 가볼만한곳 익선동 데이트 코스 놀거리 주말 나들이,https://blog.naver.com/bahna2/223006136586
2023-02-05,"서울 여행코스 종로 볼거리, 놀거리 코스 종로 가볼만한곳 추천",https://blog.naver.com/wjdtjdgy1234/223005863529
2023-02-06,,https://blog.naver.com/yonjin0619
2023-02-06,의왕 백운호수 아울렛 '타임빌라스'ㅣ건축물에 대한 탐구시간,https://blog.naver.com/yonjin0619/223006678043
2023-02-07,,https://blog.naver.com/hye2366
2023-02-07,[용산구 서울역 맛집] 파스타 스테이크 라따뚜이 맛집 데이트장소로 제격 '독립밀방 서울역',https://blog.naver.com/hye2366/223008469962
2023-02-07,"서울 숙소 위치, 어디가 좋아? 믿고 묵는 서울 여행 숙소 추천!",https://blog.naver.com/kr_hotelscom/223800862266
2023-02-07,,https://blog.naver.com/wldn24wldn
2023-02-07,익선동캐리커쳐 익선힐링타로포유&뷰티풀캐리커쳐,https://blog.naver.com/wldn24wldn/223007918737
2023-02-08,,https://blog.naver.com/nephew2490
2023-02-08,[종로/익선동] 파스타 맛집..? 내가 보기엔 익선동데이트,https://blog.naver.com/nephew2490/223009360359
2023-02-10,,https://blog.naver.com/seokokodong
2023-02-10,"일본 교토 여행 / 아라시야마, 도월교 (도게츠교) , 치쿠린 대나무숲, 금각사 (킨카쿠지)",https://blog.naver.com/seokokodong/223011544192
2023-02-10,,https://blog.naver.com/jootime
2023-02-10,(익선동 카페) 도심속 정원 - 청수당 수플레 디저트 카페 ft. 종로 익선 한옥카페 추천 데이트코스,https://blog.naver.com/jootime/223010916164
2023-02-11,,https://blog.naver.com/loopy0032
2023-02-11,[익선동 맛집] 익선동 데이트하기 좋은 파스타 맛집 :: 익선 취향,https://blog.naver.com/loopy0032/223012033948
2023-02-13,종로구 인사동 알 게스트하우스 (서울 숙소),https://blog.naver.com/love_iu93/223014538748
2023-02-13,익선동 소개팅 명소 한옥에서 즐기는 익선애뜻,https://blog.naver.com/hyoheyday/223014516200
2023-02-13,익선동 데이트 코스로 재방문 익선동 맛집 익선취향,https://blog.naver.com/rosaqq/223013833666
2023-02-13,,https://blog.naver.com/w30mm
2023-02-13,"꼭 가봐야 할 국내 여행지100선, 2023년 국내 추천여행지-한국관광100선",https://blog.naver.com/w30mm/223013453447
2023-02-14,,https://blog.naver.com/mydoze
2023-02-14,내돈내산 솔직후기 명동 꽁시면관 본점 샤오롱바오 맛집 데이트,https://blog.naver.com/mydoze/223014870506
2023-02-15,,https://blog.naver.com/ebzzang123
2023-02-15,[익선동 맛집] 빠리가옥 : 프랑스 음식 전문점(Feat.익선동 소개팅 장소 추천),https://blog.naver.com/ebzzang123/223016797239
2023-02-15,,https://blog.naver.com/lkjhgaehvnejjsehwoho
2023-02-15,되살아난 익선동 - 오진암,https://blog.naver.com/lkjhgaehvnejjsehwoho/223016793636
2023-02-15,,https://blog.naver.com/kyw05280
2023-02-15,"종로에서 놀기(페이퍼마쉐, 옛날스티커사진, 초이다이닝, 덕수궁)",https://blog.naver.com/kyw05280/223016338396
2023-02-16,,https://blog.naver.com/theseoulmagazine
2023-02-16,"편안하고 가볍게, 하지만 남들과는 다르게.",https://blog.naver.com/theseoulmagazine/223017913208
2023-02-16,,https://blog.naver.com/naturemobility
2023-02-16,"서울렌트카, 찜카에서 알려주는 서울 여행 가볼만한 곳!",https://blog.naver.com/naturemobility/223017890702
2023-02-16,,https://blog.naver.com/ryeong010906
2023-02-16,20230214 1월+2월중순 종합,https://blog.naver.com/ryeong010906/223017631020
2023-02-16,,https://blog.naver.com/heather1001
2023-02-16,"익선동 - 익선반주 ( 퓨전 한식, 데이트 ,맛집 )",https://blog.naver.com/heather1001/223017190236
2023-02-17,,https://blog.naver.com/privatehoon
2023-02-17,<강남> 코엑스 가볼만한 곳 별마당도서관 가는법,https://blog.naver.com/privatehoon/223018586365
2023-02-18,,https://blog.naver.com/producer77
2023-02-18,서울시 종로구 지역생활권 발전목표 및 전략 2,https://blog.naver.com/producer77/223019968969
2023-02-18,서울 나들이 ㅋ 송해 길에서 익선동 한옥거리까지~~,https://blog.naver.com/lyu1388/223019736629
2023-02-18,,https://blog.naver.com/su_jung-530
2023-02-18,[독일] 뉘른베르크 22.12.20-23 뉘른베르크 크리스마스마켓 Nuremberg Christmas market,https://blog.naver.com/su_jung-530/223019639539
2023-02-19,,https://blog.naver.com/l-jungeun
2023-02-19,"연남동 핫플레이스 익선동 맛집 초이다이닝 다녀왔어요 너무 맛있는게 함정 (위치, 정보 공유)",https://blog.naver.com/l-jungeun/223020911146
2023-02-19,,https://blog.naver.com/freesia_36
2023-02-19,나의 스무 살,https://blog.naver.com/freesia_36/223020771953
2023-02-19,,https://blog.naver.com/coolkidneverdie01
2023-02-19,야 레시라무제크로무,https://blog.naver.com/coolkidneverdie01/223020577286
2023-02-19,,https://blog.naver.com/boramiworld
2023-02-19,[익선] 라쿠엔 : 분위기 좋고 퀄리티 좋은 야키토리 코스요리 먹고 왔어요 강추,https://blog.naver.com/boramiworld/223020516618
2023-02-20,,https://blog.naver.com/pmkmk59
2023-02-20,2023년2월18일토요일,https://blog.naver.com/pmkmk59/223021432901
2023-02-21,,https://blog.naver.com/dailyafternoon
2023-02-21,종로와 혜화동을 다녀오다(Feat. 연극 '라면') 서이추 환영,https://blog.naver.com/dailyafternoon/223023092337
2023-02-22,남산이 보이는 용산 야경 명소,https://blog.naver.com/sawtiger/223024626824
2023-02-22,,https://blog.naver.com/biue10
2023-02-22,[광주 첨단 롯데마트 근처 포플레이 맛집 추천] 넓고 분위기 좋은 샤브샤브 맛집 온천집 내돈내산 후기,https://blog.naver.com/biue10/223024009533
2023-02-22,종로 가볼만한곳 익선동 데이트 코스 놀거리 많은 핫플 한옥거리,https://blog.naver.com/bjstour/223022637259
2023-02-23,,https://blog.naver.com/sworker1
2023-02-23,서울여행 필수코스 창덕궁 후원관람 사전 예약하고 가시죠,https://blog.naver.com/sworker1/223025849638
2023-02-23,,https://blog.naver.com/rladkfma851
2023-02-23,[포항-경주 뚜벅이 여행 Day.02] 까불이냐?,https://blog.naver.com/rladkfma851/223025405968
2023-02-23,,https://blog.naver.com/kabblog
2023-02-23,"한국 최초의 부동산 개발업자, 정세권!(feat. 건양사, 북촌 한옥마을)",https://blog.naver.com/kabblog/223024926801
2023-02-24,,https://blog.naver.com/ckm02600
2023-02-24,익선동 맛집 히츠지야 익선,https://blog.naver.com/ckm02600/223026311731
2023-02-24,,https://blog.naver.com/munhwanuricard
2023-02-24,[가맹점소식] 2023년 1월 문화누리카드 신규/추천가맹점,https://blog.naver.com/munhwanuricard/223026070314
2023-02-25,,https://blog.naver.com/chaechae7705
2023-02-25,익선동 양고기 맛집 찾으신다면 '히츠지야 익선'♬,https://blog.naver.com/chaechae7705/223027589725
2023-02-25,,https://blog.naver.com/kongvely__
2023-02-25,익선동데이트코스 [돈부리파스타] 색다른 메뉴가 있는 파스타맛집,https://blog.naver.com/kongvely__/223026767922
2023-02-25,,https://blog.naver.com/yss0660
2023-02-25,부산대구울산 철학원,https://blog.naver.com/yss0660/223026993420
2023-02-26,,https://blog.naver.com/lyshin0506
2023-02-26,종로구 N285호텔 인사동 숙박시설 분양,https://blog.naver.com/lyshin0506/223835843359
2023-02-26,"서울 도너츠 맛집 , 익선동 카페 도넛정수 익선점",https://blog.naver.com/kiwoomfree/223027817264
2023-02-26,[여행뉴스 모음]2월 4주차 여행관련 뉴스 모아보기,https://blog.naver.com/hntmd1/223027809389
2023-02-27,,https://blog.naver.com/gaeun_____
2023-02-27,을지로 와인바 _ 힙지로 와인 분위기 넘사벽 ' 을지로쎄시봉 ',https://blog.naver.com/gaeun_____/223029773628
2023-02-27,,https://blog.naver.com/tkatjd1238
2023-02-27,종로 서순라길 순라길비비 : 돌담뷰 와인바가 매력적인 데이트 코스 맛집,https://blog.naver.com/tkatjd1238/223029738497
2023-02-27,,https://blog.naver.com/realty_go
2023-02-27,연간 방문객 300→60만명…익선동 날아오르게 한 '핫플 메이커',https://blog.naver.com/realty_go/223029169116
2023-02-27,,https://blog.naver.com/jimmini_
2023-02-27,[홍대카페추천]청수당공명/연남데이트코스추천,https://blog.naver.com/jimmini_/223028946317
2023-02-27,,https://blog.naver.com/sin_woo1
2023-02-27,돈화문로 11길의 두 얼굴 '익선동 한옥거리',https://blog.naver.com/sin_woo1/223028804113
2023-02-28,,https://blog.naver.com/yadori27
2023-02-28,경주 2박3일 여행 - 조돌칼국수 / 대릉원 / 석굴암 / 월정교,https://blog.naver.com/yadori27/223030724734
2023-02-28,,https://blog.naver.com/livia620
2023-02-28,2월 일상,https://blog.naver.com/livia620/223030367617
2023-02-28,,https://blog.naver.com/yeseul_ll
2023-02-28,"익선동 맛집 르블란서 | 프랑스 가정식 레스토랑, 예약 추천",https://blog.naver.com/yeseul_ll/223030166480
2023-02-28,,https://blog.naver.com/kciis33
2023-02-28,"서울역,시청역 권역 <그랜드센트럴> 대형 오피스, 사무실 임대정보",https://blog.naver.com/kciis33/223030153556
2023-03-01,,https://blog.naver.com/ssanai808
2023-03-01,익선동,https://blog.naver.com/ssanai808/223031715390
2023-03-01,,https://blog.naver.com/kyung830605
2023-03-01,에일당- 종로 익선동 한옥거리 피자 파스타 맛집 /한옥감성/ 아이와 런치 후기/ 가성비 런치이벤트,https://blog.naver.com/kyung830605/223031371332
2023-03-01,"서울 익선동 카페 소하염전, 색다른 데이트 장소",https://blog.naver.com/merry_jung/223031339168
2023-03-02,"서울 나들이 대학로 데이트 놀거리 낙산공원 성곽길 가는법, 주차장 꿀팁",https://blog.naver.com/hoducoke93/223032993352
2023-03-02,,https://blog.naver.com/sae__zero
2023-03-02,[한국후지필름 서포터즈]감성지기 유니브 1기 지원(feat.출사사진 몰아보기),https://blog.naver.com/sae__zero/223032956532
2023-03-02,,https://blog.naver.com/springcoach
2023-03-02,4인 가족 1박2일 서울 호캉스 #가성비 좋은 레지던스 호텔 오라카이 인사동 스위츠(수영장/조식/주차 포함 18만5천원) #서울여행,https://blog.naver.com/springcoach/223032427333
2023-03-03,,https://blog.naver.com/jmmo0722
2023-03-03,"[서울 여행] 옛 정서와 트렌디함을 동시에, 서울 사진 명소 :: 동대문디자인플라자(DDP), 그라운드시소 서촌, 쌈지길, 한옥거리, 경복궁, 북촌 한옥마을",https://blog.naver.com/jmmo0722/223033484089
2023-03-03,"도시 한복판에서 만나는 고즈넉한 한옥의 정취, 서울 여행 명소 익선동 한옥거리 탐방기",https://blog.naver.com/dlsen0115/223029576088
2023-03-04,,https://blog.naver.com/dh111882
2023-03-04,익선동 삼겹살 맛집 익선세겹살,https://blog.naver.com/dh111882/223034984749
2023-03-04,,https://blog.naver.com/kslee0691
2023-03-04,"[7-1] 서울 서촌, 산책하기 좋은 곳(feat. 술 화덕 빵 이상의 집 한국 관광 100선)",https://blog.naver.com/kslee0691/223034483405
2023-03-04,,https://blog.naver.com/giveminbest
2023-03-04,"[안국역/종로] 한옥에서 즐기는 프렌지 와인바 ‘난아’ (메뉴 추천, 데이트 장소로 제격!)",https://blog.naver.com/giveminbest/223034308013
2023-03-05,,https://blog.naver.com/nsky03
2023-03-05,서울 도보 해설 관광 율곡로 궁궐 담장길 - 골목길의 추억과 복원된 담장길 2시간 산책 코스.,https://blog.naver.com/nsky03/223035670958
2023-03-05,,https://blog.naver.com/wjddbstjs159
2023-03-05,인사동 맛집 데이트코스로 딱 좋은 종로 돈가스 오얏카츠,https://blog.naver.com/wjddbstjs159/223035618010
2023-03-05,,https://blog.naver.com/ohdec
2023-03-05,익선동 한식 맛집 종로 데이트코스 익선애뜻,https://blog.naver.com/ohdec/223035404045
2023-03-05,,https://blog.naver.com/joshua012
2023-03-05,"1월, 2월 이야기",https://blog.naver.com/joshua012/223035306541
2023-03-05,,https://blog.naver.com/chanel429
2023-03-05,익선동맛집 회오리오므라이스와 스테이크 데이트연인 단골 익선취향,https://blog.naver.com/chanel429/223035086596
2023-03-06,,https://blog.naver.com/ebizdr
2023-03-06,"익선동우동 맛집 [기생우동] 익선동혼밥 하기 좋은 맛있는 일식 우동, 나베 전문점 / 분위기가 너무 좋아요 ^^ 숨겨진맛집 이네요 데이트코스로 좋아보입니다",https://blog.naver.com/ebizdr/223035973484
2023-03-06,[푸켓2일차 가족여행] 수영하고 올드타운 갔다 씨푸드로 마무리!,https://blog.naver.com/choopha0501/223035842920
2023-03-07,,https://blog.naver.com/nahee12087
2023-03-07,"서울도심 기본계획 2023, 북촌 인사동 돈화문로 지역 (3)",https://blog.naver.com/nahee12087/223037769228
2023-03-07,,https://blog.naver.com/8252jang
2023-03-07,익선동 덮밥 맛집 배키욘방 사진찍기좋은 곳,https://blog.naver.com/8252jang/223037565985
2023-03-07,,https://blog.naver.com/a220210
2023-03-07,서울 명소 탐방기 - 익선동,https://blog.naver.com/a220210/223037494045
2023-03-07,"익선동 한옥거리 가볼만한곳 놀거리! - 빠리가옥, 익선 하이웨스트!",https://blog.naver.com/bigway22/223037331491
2023-03-08,익선동 맛집 지오쿠치나 피자 파스타 추천,https://blog.naver.com/duswk75/223038645826
2023-03-08,,https://blog.naver.com/nari8808
2023-03-08,인사동호텔 N285 홍보관 분양소식,https://blog.naver.com/nari8808/223038538466
2023-03-08,,https://blog.naver.com/guidesyj
2023-03-08,서울 인사동 N285호텔 분양및 투자정보,https://blog.naver.com/guidesyj/223038350285
2023-03-08,,https://blog.naver.com/rlaaudrb115
2023-03-08,인사동 N285호텔 낙원동 레지던스 생숙 투자 호텔 임대수익 부동산 신규 분양상품 갤러리 유니트 평형타입 홍보관 상담예약,https://blog.naver.com/rlaaudrb115/223038260866
2023-03-08,,https://blog.naver.com/ryt1658
2023-03-08,죽기 전에 꼭 가봐야 할 한국 관광지 100곳,https://blog.naver.com/ryt1658/223038094813
2023-03-09,,https://blog.naver.com/sjw110427
2023-03-09,죽기전에 가봐야할 여행지 100곳 - ① 서울 편,https://blog.naver.com/sjw110427/223039537865
2023-03-09,,https://blog.naver.com/mirek2
2023-03-09,F&B 사업 통해 브랜드 확장하는 패션·뷰티업계,https://blog.naver.com/mirek2/223039475500
2023-03-11,,https://blog.naver.com/soheejang82
2023-03-11,"[강의후기] 타우만, 컨텐츠와 상업용부동산",https://blog.naver.com/soheejang82/223041580871
2023-03-11,,https://blog.naver.com/jspa6904
2023-03-11,"""내 신조가 주택으로 돈 벌지 말자다.""",https://blog.naver.com/jspa6904/223041403343
2023-03-11,,https://blog.naver.com/demonstrate9947
2023-03-11,익선동 맛집 꼭가야할명소 익선디미방,https://blog.naver.com/demonstrate9947/223041151707
2023-03-12,,https://blog.naver.com/minzzok
2023-03-12,익선동 갈매기살과 목살 찐 맛집 - 서대포집 (종로3가 노포 고기집),https://blog.naver.com/minzzok/223042366341
2023-03-12,군산 여행코스 경암동 철길마을 레트로 여행지,https://blog.naver.com/chahyang88/223042325965
2023-03-13,,https://blog.naver.com/naye282
2023-03-13,종로구 익선동 데이트코스 후토마키맛집 초이다이닝 익선점,https://blog.naver.com/naye282/223043245398
2023-03-13,,https://blog.naver.com/qwe4798
2023-03-13,인사동 N285호텔 인사동문화거리 레지던스 호텔 생숙 세컨하우스 낙원동 현장 견본주택 분양 투자정보,https://blog.naver.com/qwe4798/223042749446
2023-03-14,서울 여행 코스 멋진 덕수궁 석조전 외 서울 가볼만한곳 6,https://blog.naver.com/pkj5456/223044697270
2023-03-14,,https://blog.naver.com/whois339
2023-03-14,"#익선동, 인사동, 북촌 한옥마을",https://blog.naver.com/whois339/223043998682
2023-03-14,,https://blog.naver.com/hosssung
2023-03-14,부동산의 전망 / 조선일보 김경민 자료에서,https://blog.naver.com/hosssung/223043809634
2023-03-14,,https://blog.naver.com/1214dddd
2023-03-14,종로3가역/익선동 루프탑 술집 추천 옥상,https://blog.naver.com/1214dddd/223043720126
2023-03-14,,https://blog.naver.com/dpdms5516
2023-03-14,네? 제가 대졸이라구요?,https://blog.naver.com/dpdms5516/223043704378
2023-03-15,익선동 청수당 한옥거리 카페 서울 가볼만한곳 흑임자케이크,https://blog.naver.com/jinlovesjin/223045328134
2023-03-15,,https://blog.naver.com/dkssud7892
2023-03-15,"익선동 양고기, 웨이팅 맛집 [히츠지야 익선]",https://blog.naver.com/dkssud7892/223045162971
2023-03-15,,https://blog.naver.com/netscj
2023-03-15,상업공간과 관광 요소와의 시너지,https://blog.naver.com/netscj/223044945512
2023-03-16,,https://blog.naver.com/novieter
2023-03-16,"서울 익선동 술집 I 시미시미 : 분위기 좋은 안주 맛집 핫플 (+예약 방법, 메뉴 추천)",https://blog.naver.com/novieter/223046591732
2023-03-16,,https://blog.naver.com/bluesoso
2023-03-16,용산 백빈건널목_ 사진 명소로 유명한 나의 아저씨 서울 드라마 촬영지,https://blog.naver.com/bluesoso/223046474171
2023-03-16,,https://blog.naver.com/pjsoon02231
2023-03-16,"[부동산 공부] 종로구 분위기임장 - 광화문역~독립문역~서대문역까지 ""경희궁자이, 돈의문동부센트레빌 일단 투픽"", ""영천시장 꽈배기 맛집""",https://blog.naver.com/pjsoon02231/223044544286
2023-03-17,,https://blog.naver.com/book_n_trip
2023-03-17,"3월, 대나무조명맛집 익선동 청수당카페",https://blog.naver.com/book_n_trip/223047687806
2023-03-17,,https://blog.naver.com/dolbogi_
2023-03-17,"을지로와 종로, 핫한 맛집들 뿌신 후기 (꾸왁칼국수,챔프커피,빠우,서울레코드,옛날스티커사진,자이온커피하우스,장군굴보쌈)",https://blog.naver.com/dolbogi_/223047654678
2023-03-17,,https://blog.naver.com/muskman_
2023-03-17,작년 연말 그 사이 어딘가,https://blog.naver.com/muskman_/223047492360
2023-03-17,,https://blog.naver.com/7henry
2023-03-17,따릉이 타고 청계천~시청~덕수궁~익선동~낙산공원 방문!!,https://blog.naver.com/7henry/223047443878
2023-03-17,,https://blog.naver.com/yjyjvvvl
2023-03-17,서울의 커플 데이트 명소 가볼만한곳 베스트 10,https://blog.naver.com/yjyjvvvl/223047326053
2023-03-18,북촌한옥마을- 아이와 서울여행/ 북촌한옥마을 가는 길/ 북촌 핫플 포토존 위치/ 북촌 놀거리 볼거리/ 서울 가볼만한 곳/맛집,https://blog.naver.com/kyung830605/223048427012
2023-03-18,온천집 익선 1분도 웨이팅 안하는법 ㅋㅋㅋㅋ 예약 고!,https://blog.naver.com/livlong/223048228158
2023-03-19,"활기가 돌아온 오랜 서울 여행 명소, 서울가볼만한곳 인사동과 쌈지길 탐방기",https://blog.naver.com/dlsen0115/223006921090
2023-03-20,서울 1박2일 명소 투어 : 외국인친구 관광시켜주기 놀거리추천,https://blog.naver.com/solid453/223050208375
2023-03-20,,https://blog.naver.com/joongsan510
2023-03-20,부활 김태원 박완규씨 #익선통하다 #운세상담,https://blog.naver.com/joongsan510/223049643159
2023-03-20,,https://blog.naver.com/joono48529
2023-03-20,익선동 카페 아삐뽀레 인생샷 보장! 내돈내산,https://blog.naver.com/joono48529/223049586819
2023-03-21,,https://blog.naver.com/jeabin24561
2023-03-21,싱가폴 이야기 (1),https://blog.naver.com/jeabin24561/223051001647
2023-03-21,,https://blog.naver.com/mummu_nyamnya
2023-03-21,부산 흰여울문화마을 여행 후기 : 흰여울문화마을에서 만난 강아지 주꿈이와 고양이 소품샵 소소한흰여울,https://blog.naver.com/mummu_nyamnya/223048633930
2023-03-22,,https://blog.naver.com/designedigroup
2023-03-22,파스타집 인테리어 감성 식당으로 소문 나는 법!,https://blog.naver.com/designedigroup/223052363894
2023-03-23,,https://blog.naver.com/marigold0914
2023-03-23,백스트리트피자 | 행궁동 피자 맛집,https://blog.naver.com/marigold0914/223053473297
2023-03-23,,https://blog.naver.com/mediact1
2023-03-23,[활자형 매체 콘텐츠 Pick ③] 창덕궁 앞 열하나 동네,https://blog.naver.com/mediact1/223053376843
2023-03-24,,https://blog.naver.com/expicks
2023-03-24,키치죠지에는 그리움과 새로움이 있다.,https://blog.naver.com/expicks/223054811540
2023-03-24,,https://blog.naver.com/milly_seo
2023-03-24,"2박3일 일본 도쿄 여행기 2-3일차 : 아사쿠사 센소지, 파르페와 딸기사냥, 산리오스토어, 신주쿠 호시노커피",https://blog.naver.com/milly_seo/223054788730
2023-03-24,,https://blog.naver.com/willy1109
2023-03-24,[서울 여행지 추천] 가보고나서 너무 추천하는 익선동 안국역에서 종로3가 여행코스,https://blog.naver.com/willy1109/223054656708
2023-03-24,,https://blog.naver.com/ari_kkari
2023-03-24,다시 시작 2023. 03. 24,https://blog.naver.com/ari_kkari/223054611294
2023-03-24,,https://blog.naver.com/agaeha
2023-03-24,우당탕탕 부산여행! #Day3(끝) 롯데호텔 부산 체크아웃·보수동 헌책방거리·국제시장,https://blog.naver.com/agaeha/223054448076
2023-03-24,,https://blog.naver.com/jy1813
2023-03-24,익선디미방 / 익선동 맛집 / 익선동 카페 / 강북 익선동 데이트 / 한옥카페 한옥랑솜 카페 / 신라호텔 더라이브러리,https://blog.naver.com/jy1813/223054252083
2023-03-24,제주 여행지 추천 코스 이호테우해변 전농로 벚꽃거리 장전리 왕벚꽃 등,https://blog.naver.com/oaasissya/223054172032
2023-03-25,,https://blog.naver.com/audtjrpms
2023-03-25,서울 근교 벚꽃 명소 15곳 모음집 벌써 봄이 찾아왔어! (~˙∇˙)~ 전국적으로 들리는 벚꽃 소식들,https://blog.naver.com/audtjrpms/223055560767
2023-03-25,,https://blog.naver.com/habuzi2
2023-03-25,청계천매화거리와 청계천걷기,https://blog.naver.com/habuzi2/223055539923
2023-03-25,,https://blog.naver.com/grateful8276
2023-03-25,익선잡방: 서울 익선동 브런치의 숨은 보석,https://blog.naver.com/grateful8276/223055327475
2023-03-25,,https://blog.naver.com/manage4004
2023-03-25,Dior Dream Atelier at Today 너와 익선의 식사,https://blog.naver.com/manage4004/223055023711
2023-03-26,,https://blog.naver.com/lusa_holic
2023-03-26,인사동데이트코스 맛있는 한끼 쌈지길맛집 온따뜻한솥밥,https://blog.naver.com/lusa_holic/223056199293
2023-03-26,,https://blog.naver.com/fuel12098
2023-03-26,종로 익선잡방에서 즐기는 즐거운 브런치 데이트,https://blog.naver.com/fuel12098/223056101839
2023-03-26,,https://blog.naver.com/unite2459
2023-03-26,익선동의 아늑한 은신처 익선잡방 파스타,https://blog.naver.com/unite2459/223056045750
2023-03-26,,https://blog.naver.com/tmflalqldrn
2023-03-26,입사 전 일상 pt.3/ 한강공원/ 사당역 투어/ 토익/ 익선동 탐험,https://blog.naver.com/tmflalqldrn/223055926454
2023-03-26,,https://blog.naver.com/diplomat3014
2023-03-26,익선동의 숨겨진 보석을 찾아서: 미식 탐험,https://blog.naver.com/diplomat3014/223055895402
2023-03-26,,https://blog.naver.com/hanbora3
2023-03-26,[종로] 홍매화 절정 고궁 데이트 추천(창덕궁),https://blog.naver.com/hanbora3/223055781075
2023-03-26,"익선동,인사동,안국 놀거리,카페,무료 전시 정리(서울시립미술관,덕수궁)",https://blog.naver.com/ahbooom/223039506308
2023-03-26,,https://blog.naver.com/sosotamgu
2023-03-26,"서울 레트로 감성 명소 <해방촌> feat. 후암동 108계단, 신흥시장",https://blog.naver.com/sosotamgu/223054610414
2023-03-27,,https://blog.naver.com/jooyun8993
2023-03-27,"[익선동 맛집] 살롱순라, 덕수궁 데이트코스 코스로 좋을 분위기 갑 한옥 레스토랑 (서순라길 맛집, 파스타, 종로3가역 스테이크)",https://blog.naver.com/jooyun8993/223057041040
2023-03-27,"청계광장에서 인사동경인미술관,익선동한옥거리,종로3가까지걷기",https://blog.naver.com/habuzi2/223057009891
2023-03-27,,https://blog.naver.com/yobing2
2023-03-27,다음 정거장은 익선동 카페 낙원역입니다! 저녁에 가면 더 예쁜 기찻길 카페!,https://blog.naver.com/yobing2/223056973811
2023-03-27,도시 속 역사 탐방 - 탑골공원,https://blog.naver.com/a220210/223056941652
2023-03-27,,https://blog.naver.com/brute11519
2023-03-27,익선동 핫플레이스 탐방: 파스타 외 오늘 그대와 함께,https://blog.naver.com/brute11519/223056933591
2023-03-27,,https://blog.naver.com/ireulzim
2023-03-27,의왕 롯데몰 프리미엄 아울렛 타임빌라스 방문기 놀러가기 좋은 수도권 대형쇼핑몰,https://blog.naver.com/ireulzim/223056551838
2023-03-27,,https://blog.naver.com/lsuk5538
2023-03-27,따뜻한 봄날 내외국인관광객들로 활기찬 명동거리로 봄나들이 여행오세요!~~ 임실장의 상권상가부동산이야기,https://blog.naver.com/lsuk5538/223056428452
2023-03-27,,https://blog.naver.com/gap1011
2023-03-27,N285 호텔 인사동 트리플 역세권 수익형부동산 숙박시설 분양가 잔여호실 문의,https://blog.naver.com/gap1011/223055797394
2023-03-28,,https://blog.naver.com/betray6039
2023-03-28,익선동맛집 후기 : 익선잡방에서 맛있는 올데이 브런치,https://blog.naver.com/betray6039/223058198352
2023-03-28,,https://blog.naver.com/harangru
2023-03-28,서울데이트코스 먹투어 광장시장 익선동 쌈지길,https://blog.naver.com/harangru/223058142976
2023-03-28,,https://blog.naver.com/hut14694
2023-03-28,익선동 숨은 맛집 익선잡방에서 즐기는 맛있는 식사,https://blog.naver.com/hut14694/223058113558
2023-03-28,,https://blog.naver.com/halodaddy
2023-03-28,익선동 맛집 익선취향 데이트 장소로 좋네요!,https://blog.naver.com/halodaddy/223057878860
2023-03-28,니콘 Z fc 오감기록 중 시각에 집중하다,https://blog.naver.com/merry_jung/223057778150
2023-03-28,,https://blog.naver.com/gydms9722
2023-03-28,[종로 맛집]익선애뜻ㅣ익선동 데이트코스로 강추!,https://blog.naver.com/gydms9722/223057696775
2023-03-28,,https://blog.naver.com/cjssus2679
2023-03-28,"전국일주7일차::경주 대릉원, 경주 황리단길, 동궁과 월지 야경",https://blog.naver.com/cjssus2679/223057434749
2023-03-28,,https://blog.naver.com/meat11992
2023-03-28,익선동 익선잡방에서 즐기는 맛있는 브런치,https://blog.naver.com/meat11992/223057622435
2023-03-29,,https://blog.naver.com/challenge5751
2023-03-29,익선동 맛집의 매력을 찾아서: 익선디미방,https://blog.naver.com/challenge5751/223058664844
2023-03-29,,https://blog.naver.com/hence9020
2023-03-29,익선동 매력체험 오늘의 맛있는 체험 너와 익선,https://blog.naver.com/hence9020/223058541869
2023-03-29,,https://blog.naver.com/format13778
2023-03-29,오늘은 맛있는 파스타와 리조또 즐기기 익선동 익선점 너와,https://blog.naver.com/format13778/223058477104
2023-03-29,,https://blog.naver.com/promise12045
2023-03-29,익선동 숨은 명소 방문: 익선 잡방 맛집,https://blog.naver.com/promise12045/223058468276
2023-03-29,,https://blog.naver.com/homeram
2023-03-29,2023.03.28 화요일,https://blog.naver.com/homeram/223058397350
2023-03-30,,https://blog.naver.com/scan14685
2023-03-30,익선디미방 : 짭짤한 익선동 한옥집,https://blog.naver.com/scan14685/223060368329
2023-03-30,,https://blog.naver.com/realizehappy
2023-03-30,익선동맛집 익선동데이트 장소로 추천하는 익선취향,https://blog.naver.com/realizehappy/223060328025
2023-03-30,,https://blog.naver.com/daji1
2023-03-30,[서울 벚꽃 구경] 2023.03.30기준 창덕궁 벚꽃 / 창덕궁 매화 개화 상황,https://blog.naver.com/daji1/223060318657
2023-03-30,,https://blog.naver.com/cji6157
2023-03-30,사이투어 서울 시티 투어 (전일 관광 소개 / 8시간),https://blog.naver.com/cji6157/223060222790
2023-03-30,,https://blog.naver.com/workah
2023-03-30,담솥 익선점 짧고 굵은 내돈내산 리뷰 (#사진만 많음ㅋ #익선동맛집),https://blog.naver.com/workah/223060156835
2023-03-30,,https://blog.naver.com/nowhere9766
2023-03-30,익선동 숨은 명소 익선 잡방 맛집,https://blog.naver.com/nowhere9766/223060084619
2023-03-30,,https://blog.naver.com/north10460
2023-03-30,서울숲 방문: 맛집과 문화 여행,https://blog.naver.com/north10460/223059876163
2023-03-30,,https://blog.naver.com/date5961
2023-03-30,서울 익선동 익선디미방에서 맛있는 한식방문,https://blog.naver.com/date5961/223059783736
2023-03-30,"창덕궁 벚꽃 홍매화, 창경궁 대온실 / 문화의날 무료입장 고궁 꽃놀이가기",https://blog.naver.com/deamsgod/223059675872
2023-03-30,,https://blog.naver.com/rent13358
2023-03-30,익선동 맛집 방문: 익선잡방을 찾아서,https://blog.naver.com/rent13358/223059524752
2023-03-30,,https://blog.naver.com/basket9677
2023-03-30,익선디미방의 맛을 찾아서: 익선동에서 꼭 가봐야 할 맛집,https://blog.naver.com/basket9677/223059522868
2023-03-30,,https://blog.naver.com/gpfus505
2023-03-30,"한강벚꽃 나들이 천호광진교 광나루에서 아차산역까지 벚꽃 산책(광나루역, 워커힐, 진원조닭한마리, 서울커피익선점) 서울 벚꽃 추천",https://blog.naver.com/gpfus505/223059496771
2023-03-31,,https://blog.naver.com/kairos-i
2023-03-31,3월31일 벚꽃 나들이,https://blog.naver.com/kairos-i/223061296260
2023-03-31,,https://blog.naver.com/luvyaalwyas
2023-03-31,"서울_익선애뜻, 외국인도 한국인 입맛도 사로잡은 익선동 한식 맛집 웨이팅 맛집",https://blog.naver.com/luvyaalwyas/223061156063
2023-03-31,,https://blog.naver.com/99960387
2023-03-31,"서울 종로] 익선동 카페 아삐뽀레, 데이트하기 좋은 사진 맛집",https://blog.naver.com/99960387/223061101108
2023-03-31,서울근교 겹벚꽃 명소 추천 벚꽃이 져도 볼 수 있는! 서울근교 겹벚꽃 스팟을 모아왔어,https://blog.naver.com/audtjrpms/223061074167
2023-03-31,,https://blog.naver.com/ynkkabuli21
2023-03-31,[종로] 익선동 회식으로 종로 대관이 가능한 익선동 목장,https://blog.naver.com/ynkkabuli21/223060795420
2023-03-31,,https://blog.naver.com/gydld
2023-03-31,[Weekly] 봄 인가봐,https://blog.naver.com/gydld/223060675401
2023-03-31,,https://blog.naver.com/seoyeon_brokerage
2023-03-31,[한국 최초의 부동산 개발업자 정세권!],https://blog.naver.com/seoyeon_brokerage/223060642972
2023-03-31,,https://blog.naver.com/satellite4534
2023-03-31,익선동맛집 후기: 익선디미방의 맛있는 음식과 넓은 좌석,https://blog.naver.com/satellite4534/223060591767
2023-03-31,,https://blog.naver.com/spare7698
2023-03-31,레트로한 매력: 익선동 익선잡방 맛집 후기,https://blog.naver.com/spare7698/223060520677
2023-04-01,,https://blog.naver.com/hospital9603
2023-04-01,익선동 숨은 명소 방문: 익선디미방 후기,https://blog.naver.com/hospital9603/223062019263
2023-04-01,,https://blog.naver.com/sapain
2023-04-01,익선동에서 태국을 느끼다 치앙마이방콕,https://blog.naver.com/sapain/223061977385
2023-04-01,,https://blog.naver.com/hiro3507
2023-04-01,서울근교 벚꽃구경 미사리조정경기장 미사리경정공원 벚꽃 미사리뚝방길 주차,https://blog.naver.com/hiro3507/223061964391
2023-04-01,,https://blog.naver.com/hot333_99
2023-04-01,"경주 벚꽃 명소 황룡원 포토스팟, 황룡사스테이, 대릉원",https://blog.naver.com/hot333_99/223061947420
2023-04-01,,https://blog.naver.com/electronic14619
2023-04-01,오늘의 맛과 분위기 익선동 익선과 너,https://blog.naver.com/electronic14619/223061898147
2023-04-01,,https://blog.naver.com/warehouse13795
2023-04-01,오늘의 너와 익선마늘줄기맛집에서 퓨전한옥체험,https://blog.naver.com/warehouse13795/223061877739
2023-04-01,,https://blog.naver.com/jen0147
2023-04-01,"[서울/잠실] 돈부리 파스타 | 송파나루역 석촌호수 데이트 코스 추천, 송리단길맛집, 메뉴와 가격",https://blog.naver.com/jen0147/223061846129
2023-04-01,,https://blog.naver.com/sacred11500
2023-04-01,익선동 맛집의 색다른 분위기와 맛있는 요리를 만나다,https://blog.naver.com/sacred11500/223061785914
2023-04-01,창덕궁 투어 가이드 관람시간 및 후원 홍매화 감상 꿀팁,https://blog.naver.com/realizehappy/223061781001
2023-04-01,,https://blog.naver.com/sejin0309
2023-04-01,서울도보여행_율곡로 궁궐담장길,https://blog.naver.com/sejin0309/223061503309
2023-04-01,,https://blog.naver.com/cocktail0403
2023-04-01,2023 3월 4주차~5주차: 틈틈이 꽃구경,https://blog.naver.com/cocktail0403/223061635644
2023-04-01,,https://blog.naver.com/curve10317
2023-04-01,익선동 맛집 리뷰: 익선디미방만의 퓨전요리,https://blog.naver.com/curve10317/223061578772
2023-04-01,,https://blog.naver.com/propose14217
2023-04-01,익선동 숨은 명소를 찾아서: 익선디미방과 익선잡방 리뷰,https://blog.naver.com/propose14217/223061569052
2023-04-01,,https://blog.naver.com/erica_daily
2023-04-01,⭐️익선동 타로카페 : [깨비 사주타로] 익선동 데이트코스로도 강력추천‼️,https://blog.naver.com/erica_daily/223061504329
2023-04-01,,https://blog.naver.com/tkdgmlahffk
2023-04-01,"벚꽃명소,봄에 어디가",https://blog.naver.com/tkdgmlahffk/223061453530
2023-04-01,,https://blog.naver.com/bell66300
2023-04-01,맛있고 아늑한 익선동 익선잡방,https://blog.naver.com/bell66300/223061433894
2023-04-01,,https://blog.naver.com/goshumi
2023-04-01,"[서울 종로] 종로 익선동 삼겹살 맛집 - 익선동 목장 후기, 삼겹살 항정살 추천, 종로 맛집",https://blog.naver.com/goshumi/223061434168
2023-04-02,,https://blog.naver.com/94hee64
2023-04-02,"[삼청동 벚꽃] 정독도서관, 북촌한옥마을 벚꽃구경 | 광장시장, 힙지로, 종각포장마차 마무리",https://blog.naver.com/94hee64/223062826309
2023-04-02,,https://blog.naver.com/parkst0415
2023-04-02,행궁동 피자와 맥주가 기막혔던 백스트리트피자,https://blog.naver.com/parkst0415/223062714492
2023-04-02,,https://blog.naver.com/ellarowoon
2023-04-02,다영먼스 with 3월은 영어로 에취,https://blog.naver.com/ellarowoon/223062583380
2023-04-02,,https://blog.naver.com/amplify14966
2023-04-02,익선동 익선잡방에서 맛있는 브런치를 만나다,https://blog.naver.com/amplify14966/223062496857
2023-04-02,,https://blog.naver.com/seoulsary
2023-04-02,벛꽃명소 남산둘레길 추천코스 - 국립극장편 feat. 소월로 주민 추천,https://blog.naver.com/seoulsary/223062410136
2023-04-02,,https://blog.naver.com/village381
2023-04-02,익선디미방에서 기억에 남는 식사: 고즈넉한 동네 방문,https://blog.naver.com/village381/223062397254
2023-04-02,,https://blog.naver.com/niwoo1112
2023-04-02,[벚꽃명소] 벚꽃팝콘 서울벚꽃명소추천 북촌 정독도서관,https://blog.naver.com/niwoo1112/223062198326
2023-04-03,,https://blog.naver.com/song64980
2023-04-03,익선동 익선잡방에서 즐기는 로맨틱 다이닝,https://blog.naver.com/song64980/223063804737
2023-04-03,,https://blog.naver.com/dutl9241
2023-04-03,"4월 2일, 아이아이표 종로점령기?",https://blog.naver.com/dutl9241/223063665890
2023-04-03,,https://blog.naver.com/ajffkdldz
2023-04-03,"서울 벚꽃놀이 명소 정독도서관 위치, 주차정보, 4월2일 개화상태",https://blog.naver.com/ajffkdldz/223063371735
2023-04-03,"은지새나 일상 _ 3월 마지막 주, 4월 첫째 주 주간일기",https://blog.naver.com/rain930814/223062965948
2023-04-03,서울 남산 벚꽃 남산 둘레길 산책로 따라 남산골 한옥마을 까지,https://blog.naver.com/ka8564/223062917039
2023-04-04,,https://blog.naver.com/uriim123
2023-04-04,휘뚜루마뚜루로 돌아보는 3월,https://blog.naver.com/uriim123/223064720521
2023-04-04,,https://blog.naver.com/dietboxer
2023-04-04,서울 촌놈의 이렇게 된 이상 청와대로 간다 서울시내투어 서촌풍경 우연히 만나본 청와대자율주행버스,https://blog.naver.com/dietboxer/223064410720
2023-04-04,,https://blog.naver.com/weigh13847
2023-04-04,오늘의 너와 익선: 익선동 맛집 현장 방문,https://blog.naver.com/weigh13847/223064386188
2023-04-04,,https://blog.naver.com/silk70920
2023-04-04,익선동 익선잡방에서 최고의 브런치 감성을 찾다,https://blog.naver.com/silk70920/223064373817
2023-04-04,,https://blog.naver.com/likeunmi
2023-04-04,3월 28일 ~ 4월 1일.zip,https://blog.naver.com/likeunmi/223064364049
2023-04-04,,https://blog.naver.com/brick14371
2023-04-04,익선동 맛집으로 떠나는 맛집기행,https://blog.naver.com/brick14371/223064194885
2023-04-04,,https://blog.naver.com/castle390
2023-04-04,북촌 한옥 게스트하우스 공심가 한옥,https://blog.naver.com/castle390/223064160239
2023-04-04,,https://blog.naver.com/nurse7251
2023-04-04,익선동 익선잡방의 오감체험,https://blog.naver.com/nurse7251/223064020962
2023-04-04,,https://blog.naver.com/lseungbin728
2023-04-04,절전모드로 살기,https://blog.naver.com/lseungbin728/223063983493
2023-04-05,,https://blog.naver.com/travel_cat
2023-04-05,경주 2박3일 여행코스 가볼만한곳 먹거리 리스트,https://blog.naver.com/travel_cat/223066129820
2023-04-05,,https://blog.naver.com/naejyu
2023-04-05,2023.04 #1 어떡해요? 인생 너무 재미없어요♀️,https://blog.naver.com/naejyu/223066056329
2023-04-05,,https://blog.naver.com/allow3289
2023-04-05,익선동 리모델링 한옥맛집의 매력을 찾아서: 익선잡방,https://blog.naver.com/allow3289/223066041483
2023-04-05,주말 나들이 연남동 벚꽃길 벚꽃엔딩~,https://blog.naver.com/8252jang/223065786380
2023-04-05,,https://blog.naver.com/chbmoney
2023-04-05,서울 벚꽃 명소 - 북촌 정독도서관,https://blog.naver.com/chbmoney/223065715129
2023-04-05,,https://blog.naver.com/joydahyun
2023-04-05,멀리서 보면 갓생 가까이서 보면 갓댐,https://blog.naver.com/joydahyun/223065682581
2023-04-05,,https://blog.naver.com/d_day0928
2023-04-05,익선동맛집 익선동데이트 코스로 제격인 익선취향,https://blog.naver.com/d_day0928/223065662327
2023-04-05,,https://blog.naver.com/flexible5564
2023-04-05,Today You and 익선: 매력적인 익선동 맛집에서 기억에 남는 식사 추억,https://blog.naver.com/flexible5564/223065588324
2023-04-05,,https://blog.naver.com/cocoya71
2023-04-05,"1박 2일 KTX 뚜벅이 경주 여행> 1Day - 카페 어마무시, 셀픽스 네컷사진, 첨성대, 한정식 동리, 벚꽃축제♡",https://blog.naver.com/cocoya71/223065415398
2023-04-06,,https://blog.naver.com/dailyz0ey
2023-04-06,홍제역 카페 소설원 | 술빵 카스텔라 | 동양풍 루프탑 카페 | 홍제 데이트코스,https://blog.naver.com/dailyz0ey/223067155554
2023-04-06,,https://blog.naver.com/iiikyiii1
2023-04-06,이영자 맛집 익선동 즉석떡볶이 남도분식/가성비 좋은 데이트 맛집,https://blog.naver.com/iiikyiii1/223067113171
2023-04-06,,https://blog.naver.com/starshine867
2023-04-06,무계정사길 - 무릉도원 계곡을 찾아 헤매다,https://blog.naver.com/starshine867/223066863161
2023-04-06,,https://blog.naver.com/sjs9640
2023-04-06,대전 도룡동 맛집으로 소문난 익선잡방 대전신세계 Art&Science점!,https://blog.naver.com/sjs9640/223066575494
2023-04-07,,https://blog.naver.com/k0201511
2023-04-07,익선동맛집 데이트장소로 좋은 익선잡방,https://blog.naver.com/k0201511/223067980199
2023-04-07,서울 핫플 종로 이색 놀거리 종로3가 포장마차 거리 야외 갈만한곳 데이트 추천,https://blog.naver.com/yerini95n/223067936457
2023-04-07,,https://blog.naver.com/lsm_911221
2023-04-07,데이트명소 종로구 익선동 맛집 돈부리파스타(feat.곱창파스타) 다녀온 후기!!,https://blog.naver.com/lsm_911221/223067480204
2023-04-07,,https://blog.naver.com/choikoil
2023-04-07,을지로 맛집 - 을지다래 (을지로3가역 맛집/을지로 술집/낙곱새 맛집/을지로 데이트),https://blog.naver.com/choikoil/223067477575
2023-04-07,,https://blog.naver.com/siminsikdang
2023-04-07,종로3가데이트 꼭 가야 할 곳,https://blog.naver.com/siminsikdang/223067366680
2023-04-07,,https://blog.naver.com/censor7805
2023-04-07,익선동맛집 발견 : 익선잡방,https://blog.naver.com/censor7805/223067323198
2023-04-07,,https://blog.naver.com/suffer4257
2023-04-07,익선동 숨은 명소 익선 잡방 맛집,https://blog.naver.com/suffer4257/223067273128
2023-04-08,,https://blog.naver.com/judyy1210
2023-04-08,오늘도 얼렁뚱땅 3월 정산 블로그 ~~ 화이탱!,https://blog.naver.com/judyy1210/223068824322
2023-04-08,,https://blog.naver.com/krlatjswjd
2023-04-08,봄이에요,https://blog.naver.com/krlatjswjd/223068748365
2023-04-08,,https://blog.naver.com/twist8110
2023-04-08,익선동 브런치 '익선잡방',https://blog.naver.com/twist8110/223068658418
2023-04-08,,https://blog.naver.com/nowadays1769
2023-04-08,익선동 익선디미방 + 루스카(RUSKA),https://blog.naver.com/nowadays1769/223068590265
2023-04-08,,https://blog.naver.com/jwy9808
2023-04-08,[#2023✏️] 벚꽃놀이,https://blog.naver.com/jwy9808/223068383037
2023-04-08,서울구경 가볼만한곳 삼청동 익선동 한옥거리 데이트 명동볼거리 명동숙소,https://blog.naver.com/bada3347/223068344817
2023-04-09,,https://blog.naver.com/chef3434
2023-04-09,"[익선동 맛집] 자그마한 것 하나까지 취향저격인 맛집, '익선잡방'",https://blog.naver.com/chef3434/223069616898
2023-04-09,,https://blog.naver.com/yerleyquinn
2023-04-09,"[개인연습생 일상] 4월 3일 ~ 4월 9일 Word around town that I love my 26's(그릭요거트, 양재천, 동물원, 해쭈 고매요리, 슬램덩크 아이맥스 등)",https://blog.naver.com/yerleyquinn/223069404089
2023-04-09,,https://blog.naver.com/ekdnjs1217
2023-04-09,3월일기(2),https://blog.naver.com/ekdnjs1217/223069158660
2023-04-09,,https://blog.naver.com/break11147
2023-04-09,익선동맛집 '오늘그대와'에서 파스타 리조또에 와인 한 잔 좋아요.,https://blog.naver.com/break11147/223069018011
2023-04-09,,https://blog.naver.com/wjsxn1233
2023-04-09,익선동 서울맛집 구스아일랜드 서울맛집,https://blog.naver.com/wjsxn1233/223069012381
2023-04-09,익선동 맛집 익선동 익선잡방 제대로 된 곳 드디어 찾았어요,https://blog.naver.com/betray6039/223068943687
2023-04-10,"익선동 맛집,데이트코스 익선취향 주말 웨이팅후기",https://blog.naver.com/youngnrichstar/223070659468
2023-04-10,,https://blog.naver.com/chzh97wkd
2023-04-10,신규가노사 서울 적응기 ##2,https://blog.naver.com/chzh97wkd/223070626620
2023-04-10,,https://blog.naver.com/gmldms784
2023-04-10,"[서촌 데이트] 종로 3가에서 경복궁 역까지 봄날의 데이트 :: 온센, 모노맨션, 운현궁, 경복궁",https://blog.naver.com/gmldms784/223070030294
2023-04-10,,https://blog.naver.com/heircm27
2023-04-10,"분위기 좋은 한옥 주점, 신선술집 도원 :: 건대입구 데이트 코스 추천",https://blog.naver.com/heircm27/223069975996
2023-04-10,,https://blog.naver.com/diaryj_
2023-04-10,"[서울] 외국인 친구들 데리고 서울 투어 1/연남동 삼겹살/광장시장 녹두전,떡볶이,호떡/북촌한옥마을//남산타워/홍대 치킨앤카레군",https://blog.naver.com/diaryj_/223069953795
2023-04-10,,https://blog.naver.com/jeonghw1984
2023-04-10,01번 버스 타고 남산 산책_남산 스타벅스,https://blog.naver.com/jeonghw1984/223069950644
2023-04-11,,https://blog.naver.com/98sfb89dsb8f
2023-04-11,인기 가수,https://blog.naver.com/98sfb89dsb8f/223071335605
2023-04-11,,https://blog.naver.com/eongdin
2023-04-11,"서순라길 카페 : 트마리(서순라길카페, 카페 후 산책 필수! ❤️, 드립커피 전문, 데이트 추천)",https://blog.naver.com/eongdin/223070071306
2023-04-11,호호식당 익선동핫플 익선동한옥거리에 가볼만한 익선동데이트 명소,https://blog.naver.com/kmvine25/223071006513
2023-04-11,,https://blog.naver.com/neutral10084
2023-04-11,익선동 브런치 익선잡방에서 깔끔하게,https://blog.naver.com/neutral10084/223070844573
2023-04-12,,https://blog.naver.com/myid2327
2023-04-12,3월 나머지(2),https://blog.naver.com/myid2327/223072877000
2023-04-12,,https://blog.naver.com/jeewoo08_
2023-04-12,우리나라의 수도 서울을 소개합니다,https://blog.naver.com/jeewoo08_/223072649017
2023-04-12,,https://blog.naver.com/hee-vely9608
2023-04-12,벚꽃 나들이 추천/종로 종묘/창덕궁/창경궁/찬양집/오죽이네/치즈인더스트리/익선동놀거리,https://blog.naver.com/hee-vely9608/223072608727
2023-04-12,,https://blog.naver.com/wawacoaching88
2023-04-12,#익선동놀거리 데이트코스 알려드려요,https://blog.naver.com/wawacoaching88/223072600737
2023-04-13,,https://blog.naver.com/hbhwang04
2023-04-13,와! 진짜 바쁘고 약속도 많은 4월 삼분의 일,https://blog.naver.com/hbhwang04/223073974115
2023-04-13,,https://blog.naver.com/ljy0911
2023-04-13,성수동 놀거리 4번출구 연무장길 가볼만한 곳,https://blog.naver.com/ljy0911/223073683018
2023-04-13,,https://blog.naver.com/jscho7942
2023-04-13,[전철여행] 지하철 1 ~ 9호선 등 서울 수도권 모든 노선 만보코스 중심,https://blog.naver.com/jscho7942/223073380606
2023-04-13,서울 실내 데이트하기 좋은 서울 데이트코스 알려줌,https://blog.naver.com/seouldatepop/223072565973
2023-04-13,,https://blog.naver.com/mong2233
2023-04-13,서울 전통문화의 거리 갤러리의 인사동 N285 HOTEL 정보 안내,https://blog.naver.com/mong2233/223064518886
2023-04-14,,https://blog.naver.com/tlsdudm
2023-04-14,매일 매일은 우유,https://blog.naver.com/tlsdudm/223074517815
2023-04-14,,https://blog.naver.com/yumddanglife
2023-04-14,[종로3가역맛집] 이경문순대곱창 술안주로 곱창전골 어때요? +디저트 익선주택 홍콩와플/ 데이트코스 추천,https://blog.naver.com/yumddanglife/223074172596
2023-04-14,,https://blog.naver.com/nayhs
2023-04-14,익선동맛집 익선취향 맛보장 감성가득한 익선동데이트 명소,https://blog.naver.com/nayhs/223074038555
2023-04-14,,https://blog.naver.com/paris1114
2023-04-14,익선동 나들이-서울커피,https://blog.naver.com/paris1114/223073979394
2023-04-15,,https://blog.naver.com/seonyou_lim
2023-04-15,삼청동 놀거리 북촌네컷사진 더필름북촌 투명네컷,https://blog.naver.com/seonyou_lim/223075772440
2023-04-15,,https://blog.naver.com/izmw6252
2023-04-15,사람구경반 서울여행 나들이 서울여행,https://blog.naver.com/izmw6252/223075718571
2023-04-16,,https://blog.naver.com/yebon5313
2023-04-16,4/16 일요일,https://blog.naver.com/yebon5313/223076396720
2023-04-17,,https://blog.naver.com/rendezvoused_
2023-04-17,날씨가 좋아,https://blog.naver.com/rendezvoused_/223077399582
2023-04-17,아이와 1박2일 서울여행 코스- 서울 여행지추천/아이와 대중교통 여행/중학생 유치원생/아이와 가볼만한 곳,https://blog.naver.com/kyung830605/223077132687
2023-04-17,,https://blog.naver.com/ggelatwo
2023-04-17,혜화역 스테이크 나래함박 불향과 맛 제대로 즐기기,https://blog.naver.com/ggelatwo/223077049909
2023-04-17,,https://blog.naver.com/loveanfruf
2023-04-17,[종로 카페 추천]고양이와 한옥의 만남 ‘익선동 식물’ 카페 |주말 웨이팅,https://blog.naver.com/loveanfruf/223076875625
2023-04-17,익선동 가볼만한곳 서울 카페 치즈인더스트리 치즈공업사 한옥거리 데이트 놀거리,https://blog.naver.com/everlsk/223076722319
2023-04-17,종로호캉스 서울 야경이 끝내주는 곳,https://blog.naver.com/siminsikdang/223075221816
2023-04-17,종로3가 포차거리 달맞이 종로익선점 숙성회+육사시미 조합 GOOD,https://blog.naver.com/onlybymozz/223076228413
2023-04-18,대구관광지 대구근대문화골목 투어 반월당 진골목 스타벅스 미도다방,https://blog.naver.com/zinizio/223077948057
2023-04-18,"봄의 신록이 아름다운 서울 여행 명소, 서울가볼만한곳 종로 서순라길 탐방기",https://blog.naver.com/dlsen0115/223076967724
2023-04-19,,https://blog.naver.com/serase_trip
2023-04-19,"한옥 품은 종로 공원 산책, 종로 가볼만한곳",https://blog.naver.com/serase_trip/223079656820
2023-04-19,,https://blog.naver.com/lee-yulmu
2023-04-19,4월 서울 | 겹벚꽃보러 보라매공원 | 튤립 가득한 서울숲 산책 | 아침 일찍 덕수궁 -1-,https://blog.naver.com/lee-yulmu/223079344647
2023-04-19,서울도심 기본계획 2023(서울도심의 주요정책과제1),https://blog.naver.com/producer77/223079104431
2023-04-20,,https://blog.naver.com/gida1
2023-04-20,"서울 골목길 가볼만한곳 돈의동쪽방촌골목,익선동길, 계동길 촬영 출사",https://blog.naver.com/gida1/223080687366
2023-04-20,서울도심 기본계획 2023(서울도심의 주요정책과제 2),https://blog.naver.com/producer77/223079980136
2023-04-21,,https://blog.naver.com/urlp3990
2023-04-21,종로 인터넷 설치 인터넷티비 가입 전화 sk lg kt 결합 혜택가득,https://blog.naver.com/urlp3990/223081164768
2023-04-21,,https://blog.naver.com/ko_sungmin
2023-04-21,의왕 백운밸리 퍼스트원 롯데아울렛 타임빌라스 인구유입 효과,https://blog.naver.com/ko_sungmin/223080939967
2023-04-22,"[국내여행] 해방촌 신상카페 호우주의보 | 서울 가오픈 카페 | 드립카페, 메뉴, 포토존 추천",https://blog.naver.com/minseo9513/223082438286
2023-04-22,,https://blog.naver.com/topjoys
2023-04-22,젠트리피케이션 뜻 원인 해결방안 (feat. 백종원),https://blog.naver.com/topjoys/223082342068
2023-04-22,,https://blog.naver.com/mindorongg
2023-04-22,3월에서 4월,https://blog.naver.com/mindorongg/223082300759
2023-04-22,,https://blog.naver.com/hyew0908
2023-04-22,종로3가 익선동 종로 노포맛집 종로맛집 이경문순대곱창 | 웨이팅 팁,https://blog.naver.com/hyew0908/223082210785
2023-04-22,,https://blog.naver.com/yura_happy
2023-04-22,|종로 익선동| 특별했던 데이트 코스 동양학과 박사님이 봐주신 사주 익선 통하다,https://blog.naver.com/yura_happy/223082181365
2023-04-22,"종로 인사동 가볼만한곳, 서순라길 따라 인사동 쌈지길, 경인미술관",https://blog.naver.com/foreverck/223082108297
2023-04-22,,https://blog.naver.com/rkdckgus123
2023-04-22,"그때가 좋았지,, 돌려줘 내 백수생활 ( ｡ •̀ ᴖ •́ ｡)",https://blog.naver.com/rkdckgus123/223081979495
2023-04-22,,https://blog.naver.com/naomi1003
2023-04-22,Delayed Senioritis 본업(공부) 빼고 모든 게 재밌는 요즘♀️,https://blog.naver.com/naomi1003/223081798831
2023-04-23,,https://blog.naver.com/thisisaaa
2023-04-23,[은평] 북한산이 보이는 은평한옥마을 카페 1인1잔(서울데이트코스/드라이브),https://blog.naver.com/thisisaaa/223082450391
2023-04-23,,https://blog.naver.com/gihyun1799
2023-04-23,벚꽃엔딩,https://blog.naver.com/gihyun1799/223082504614
2023-04-24,익선동 데이트 서울 한옥카페 등선재 쫀득한 크로플,https://blog.naver.com/x_dairy/223084136332
2023-04-24,,https://blog.naver.com/definite14419
2023-04-24,익선동카페 참고해서 확인해볼게요!,https://blog.naver.com/definite14419/223083742977
2023-04-24,,https://blog.naver.com/doityourself1
2023-04-24,나만의 단단한 세계관 만들기 #<하나부터 열까지 신경쓸게 너무많은 브랜딩> #박지현,https://blog.naver.com/doityourself1/223083329285
2023-04-24,,https://blog.naver.com/syeonna93
2023-04-24,"[익선동 데이트코스] 종로 낙곱새 맛집 ""달랭이""",https://blog.naver.com/syeonna93/223081458910
2023-04-25,,https://blog.naver.com/ellin999
2023-04-25,경주 황리단길 백조식당 황남쫀드기 데이트코스,https://blog.naver.com/ellin999/223085065404
2023-04-25,,https://blog.naver.com/ssinzzzang
2023-04-25,익선동한옥거리 볼거리와 낙원역 카페추천,https://blog.naver.com/ssinzzzang/223084446060
2023-04-26,,https://blog.naver.com/kmj0657
2023-04-26,종로맛집 익선동 살롱순라 파스타 데이트코스로딱,https://blog.naver.com/kmj0657/223086107034
2023-04-26,,https://blog.naver.com/y0t0k0
2023-04-26,방송정보 맛집 위치 주소 번호 메뉴 식당 및 정보 알아보기 ( 1 ),https://blog.naver.com/y0t0k0/223086082644
2023-04-26,,https://blog.naver.com/potw0051
2023-04-26,문화와 가치를 창조하는 컨설팅 “도시에 즐거움을 채우다” - 강동완 주식회사 디벨로펀[DEVELOFUN] 대표이사 / 오우가 카페·박말순 레스토랑·포시즌스풀 대표,https://blog.naver.com/potw0051/223085598087
2023-04-26,,https://blog.naver.com/coolcool1219
2023-04-26,"맛과 멋이 공존하는 익선동 맛집, 달랭이에서 정성으로 만든 한식즐기기! -익선동맛집 달랭이",https://blog.naver.com/coolcool1219/223085460933
2023-04-26,,https://blog.naver.com/injason5608
2023-04-26,데이트명소로 분위기도 좋은 익선동맛집 익선디미방,https://blog.naver.com/injason5608/223085125634
2023-04-27,,https://blog.naver.com/humairapole
2023-04-27,믿을수 있는 상주 고기집,https://blog.naver.com/humairapole/223086939026
2023-04-27,,https://blog.naver.com/spiriti
2023-04-27,서울뷰 맛집 도넛정수 창신점 그리고 테르트르,https://blog.naver.com/spiriti/223086822250
2023-04-27,서울 진풍경 가볼만한곳 돈의동 쪽방 골목길 사진출사,https://blog.naver.com/gida1/223086599767
2023-04-27,,https://blog.naver.com/jgld8093
2023-04-27,서울의 숨겨진 명소 10곳 추천,https://blog.naver.com/jgld8093/223086385560
2023-04-28,서울 봄나들이 사진찍기 좋은곳 명동성당 야경명소 밤데이트,https://blog.naver.com/kkyycc27/223088098677
2023-04-28,,https://blog.naver.com/rkdwnlgkxm
2023-04-28,[국내여행] 경주..처음가보았다!(스압),https://blog.naver.com/rkdwnlgkxm/223087784193
2023-04-28,,https://blog.naver.com/hwajung9814
2023-04-28,누가 대전 노잼이래~~평화로운 졸잼 대전 당일치기 부수기!!!!!,https://blog.naver.com/hwajung9814/223087773068
2023-04-28,,https://blog.naver.com/bjch9926
2023-04-28,대전도룡동맛집 가족 나들이했던 익선잡방 대전신세계 Art&Science점,https://blog.naver.com/bjch9926/223087495136
2023-04-28,,https://blog.naver.com/wnoelothsu
2023-04-28,대전도룡동맛집 데이트 중 이용했던 익선잡방 대전신세계 Art&Science점 최고네요,https://blog.naver.com/wnoelothsu/223087478075
2023-04-28,,https://blog.naver.com/jsdh3206
2023-04-28,대전 도룡동 맛집 익선잡방 대전신세계 Art&Science점 예쁘고 맛있어요,https://blog.naver.com/jsdh3206/223087465684
2023-04-29,,https://blog.naver.com/zzang242424
2023-04-29,[종로익선동맛집] 빠삭족발 - #익선동데이트코스 #익선동파스타,https://blog.naver.com/zzang242424/223088944243
2023-04-29,,https://blog.naver.com/jaynworld
2023-04-29,서울 10대 유망 상권 제 2편 - 종로3가 / 신림 / 가로수길,https://blog.naver.com/jaynworld/223088927971
2023-04-29,,https://blog.naver.com/momentwithvividcolor
2023-04-29,"[서울/서울근교여행] 눈호강하는 사진맛집 카페 추천. 어니언안국, 익선동 낙원장, 인천 메이드림",https://blog.naver.com/momentwithvividcolor/223088796631
2023-04-29,,https://blog.naver.com/kelly024
2023-04-29,익선동 카페 한옥 뷰를 한 눈에 볼 수 있는 감성 가득한 카페 낙원장 ㅣ 예쁜 디저트 카페,https://blog.naver.com/kelly024/223085621816
2023-04-29,,https://blog.naver.com/sina_173
2023-04-29,그동안의 일상- 엄마와 첫 데이트,https://blog.naver.com/sina_173/223088195280
2023-04-30,,https://blog.naver.com/yuri008
2023-04-30,"수원 행궁동 맛집: 백스트리트피자, 행궁동 데이트 코스로 좋았던 행리단길 맛집",https://blog.naver.com/yuri008/223089767116
2023-04-30,,https://blog.naver.com/kdd_house
2023-04-30,이태원 데이트 코스 와인바 비스트로 이태원121,https://blog.naver.com/kdd_house/223089746776
2023-04-30,[합정역맛집] 한길 비스트로 - #합정역파스타맛집 #합정역데이트코스,https://blog.naver.com/zzang242424/223089709902
2023-04-30,,https://blog.naver.com/sjluv1106
2023-04-30,스무살 봄,https://blog.naver.com/sjluv1106/223089030613
2023-05-01,,https://blog.naver.com/bbigaeng
2023-05-01,4월은 빛나요 ~,https://blog.naver.com/bbigaeng/223090749729
2023-05-01,,https://blog.naver.com/l572
2023-05-01,[음굿] 서울여행코스 혼자여행 | 무작정 걷는 코스 | 익선동한옥거리 인사동문화의거리 정독도서관 북촌한옥마을 만리동,https://blog.naver.com/l572/223090714373
2023-05-01,,https://blog.naver.com/chh961011
2023-05-01,여의도 윤중로 벚꽃길 & 진주집,https://blog.naver.com/chh961011/223090347246
2023-05-01,여행자 삐삐아빠 4월 가볼만한곳 여행 원픽( 1 Pick ),https://blog.naver.com/son018/223090188926
2023-05-01,,https://blog.naver.com/narin0805
2023-05-01,2023 #4,https://blog.naver.com/narin0805/223089825604
2023-05-02,,https://blog.naver.com/chorliebe
2023-05-02,[윤호찌 따라하기07] 성수동 <서산식당> - 5천원의 의미,https://blog.naver.com/chorliebe/223091530171
2023-05-02,,https://blog.naver.com/heo1432
2023-05-02,"익선동데이트명소,종로양식맛집살롱순라",https://blog.naver.com/heo1432/223091524350
2023-05-02,,https://blog.naver.com/thekogwanghwi
2023-05-02,5월 2일 두 번째 독서 기록- 우리의 공간,https://blog.naver.com/thekogwanghwi/223091345518
2023-05-02,,https://blog.naver.com/esuaa
2023-05-02,N285 호텔 인사동 분양,https://blog.naver.com/esuaa/223091038432
2023-05-02,,https://blog.naver.com/didiglgl15
2023-05-02,홍대입구역 카페 청수당 공명 연남 디저트 맛집 데이트 코스 추천,https://blog.naver.com/didiglgl15/223091020206
2023-05-02,,https://blog.naver.com/flskfl88
2023-05-02,"서울 궁투어 코스 7, 창덕궁 창경궁 종묘 율곡로 궁궐담장길 외",https://blog.naver.com/flskfl88/223089474841
2023-05-03,,https://blog.naver.com/melodytravel
2023-05-03,서울 한국관광100선 23~24년 한국인이 꼭 가봐야할 관광지,https://blog.naver.com/melodytravel/223092582751
2023-05-03,,https://blog.naver.com/waiwana
2023-05-03,"[도산공원] 런던 베이글 뮤지엄 도산점, 압구정 베이글 맛집! 주말 오픈런 후기",https://blog.naver.com/waiwana/223092415892
2023-05-03,,https://blog.naver.com/wimh0504
2023-05-03,서울구석구석투어/영어가이드 후기/국내 영어가이드 투어/서울시 팸투어 (종로구/성동구),https://blog.naver.com/wimh0504/223092343956
2023-05-03,,https://blog.naver.com/jwje1030
2023-05-03,23년 들어선지 5개월만에 쓰는 23년도 일상 ㅎㅅㅎ,https://blog.naver.com/jwje1030/223092194578
2023-05-03,,https://blog.naver.com/orthofairy
2023-05-03,✔️서울역 모임 추천코스 - 4층 카페 센터커피 / 맛집 독립밀방 / 한옥 칵테일바 청파랑,https://blog.naver.com/orthofairy/223092159501
2023-05-03,,https://blog.naver.com/wfpa5224
2023-05-03,서울에서의 기억에 남을 이색 여행지,https://blog.naver.com/wfpa5224/223092022030
2023-05-03,종로 목시 서울 인사동 (서울 숙소),https://blog.naver.com/love_iu93/223091936300
2023-05-03,종로 호텔 비즈 종로 인사동 (서울 숙소),https://blog.naver.com/love_iu93/223091923873
2023-05-04,,https://blog.naver.com/mojji486_
2023-05-04,"[인사동맛집 '최대감네'] 익선동 맛집, 인사동 최대감네, 종로 샤브샤브 맛집",https://blog.naver.com/mojji486_/223093814735
2023-05-04,,https://blog.naver.com/flavorfiesta
2023-05-04,익선동 데이트 명소입니다. <간판없는가게>,https://blog.naver.com/flavorfiesta/223093625022
2023-05-05,,https://blog.naver.com/rimee_16250
2023-05-05,"[안국역호텔/인사동호텔]스탠다드더블 고층 조계사뷰 나이트리 인사동 (무료셀프락커, 주변관광지소개)",https://blog.naver.com/rimee_16250/223094498606
2023-05-05,,https://blog.naver.com/women_man
2023-05-05,종로/익선동 | 빈티지 느낌 가득한 한옥에서 먹는 파스타 맛집 |데이트코스 추천 |간판없는가게,https://blog.naver.com/women_man/223094463363
2023-05-05,,https://blog.naver.com/ufkr1050
2023-05-05,[광교맛집] 광교 데이트 맛집 담솥 광교아브뉴프랑점,https://blog.naver.com/ufkr1050/223093996043
2023-05-05,,https://blog.naver.com/it6383
2023-05-05,익선동 맛집 꼭가야할명소 익선디미방,https://blog.naver.com/it6383/223094333703
2023-05-05,,https://blog.naver.com/sungafamily
2023-05-05,"서울나들이 (한국근현대미술전,익선동,창경궁)",https://blog.naver.com/sungafamily/223094177795
2023-05-05,서울 종로 놀거리 시간여행 명소 돈의문 박물관마을 주차 정보,https://blog.naver.com/teddyprincess/223094127182
2023-05-05,,https://blog.naver.com/sugi033177
2023-05-05,한국 관광 서울 가봐야 할 여행지 top7,https://blog.naver.com/sugi033177/223094082846
2023-05-06,,https://blog.naver.com/lovegreen_phoenix
2023-05-06,비 오는 날 걷기 데이트 맛집 익선동 솔솥 안국역 레이어드,https://blog.naver.com/lovegreen_phoenix/223095192751
2023-05-06,,https://blog.naver.com/jss3290
2023-05-06,익선동 맛집 온천집 일본 감성 가득한 핫플레이스,https://blog.naver.com/jss3290/223095130939
2023-05-06,"맛집과 카페가 가득한 익선동 한옥 거리 나들이, 아늑한 한옥 카페 감꽃당 추천",https://blog.naver.com/maroyuki/223094858197
2023-05-06,,https://blog.naver.com/2lsh2
2023-05-06,[독서 리뷰 981.102 『나의 문화유산답사기 9: 서울편1(만천명월 주인옹은 말한다)』,https://blog.naver.com/2lsh2/223090478287
2023-05-06,,https://blog.naver.com/syqo0013
2023-05-06,내 주말 도시 여행의 특별한 순간들,https://blog.naver.com/syqo0013/223094657539
2023-05-07,,https://blog.naver.com/wkdldjsxm03
2023-05-07,"<종로 / 익선동> 데이트코스 추천, 중국 란주 50년 경력의 정통방식을 자랑하는 종각역 맛집! 샤오바오우육면입니다.",https://blog.naver.com/wkdldjsxm03/223095656709
2023-05-08,,https://blog.naver.com/msej202
2023-05-08,<시티투어버스> 서울사람 서울 관광 _ 도심고궁남산코스,https://blog.naver.com/msej202/223096794903
2023-05-08,,https://blog.naver.com/jackey0206
2023-05-08,"일본 도쿄 여행 가볼만한 곳, 벚꽃 핀 익선동 같은 신주쿠 오모이데요코초 골목길 (feat. 야키토리 맛집)",https://blog.naver.com/jackey0206/223096187994
2023-05-08,,https://blog.naver.com/hsc660312
2023-05-08,【K-여행정보】2023한국최고인기영화드라마촬영지총정리강력추천여행가볼만한곳장소위치?,https://blog.naver.com/hsc660312/223096127775
2023-05-08,,https://blog.naver.com/2skye1
2023-05-08,"[ 디올 ] 성수 미스 디올 전시회, 성수동 디올 팝업스토어, MISS DIOR EXHIBITION, 성수동 가볼만한 곳, 성수동 데이트 추천",https://blog.naver.com/2skye1/223096122366
2023-05-08,,https://blog.naver.com/yumj2613
2023-05-08,서울 여행의 숨은 명소 TOP 10,https://blog.naver.com/yumj2613/223096004090
2023-05-08,,https://blog.naver.com/sh011001
2023-05-08,서울관광 추천 테마코스 한류스타 팬이라면?,https://blog.naver.com/sh011001/223094089317
2023-05-09,,https://blog.naver.com/hanjakga486
2023-05-09,"딸들과 서울1박2일 코스,알차게 다녀왔어요~",https://blog.naver.com/hanjakga486/223097174070
2023-05-09,서울관광 추천 테마코스 미디어 속 서울 코스,https://blog.naver.com/sh011001/223094123067
2023-05-10,,https://blog.naver.com/tenantnews
2023-05-10,"핸디즈, ‘어반스테이 부티크 익선’ 16번째 지점 오픈",https://blog.naver.com/tenantnews/223098494047
2023-05-10,,https://blog.naver.com/sczq5714
2023-05-10,서울의 숨겨진 관광명소,https://blog.naver.com/sczq5714/223098401976
2023-05-10,,https://blog.naver.com/bueb7734
2023-05-10,"서울 여행 가이드: 명소, 맛집, 숙소 추천",https://blog.naver.com/bueb7734/223098265668
2023-05-10,,https://blog.naver.com/roddl2
2023-05-10,"[안국역 맛집] 창덕궁 옆 북촌 가성비 보쌈정식, 천하보쌈",https://blog.naver.com/roddl2/223098244832
2023-05-10,,https://blog.naver.com/kim-rosa
2023-05-10,"2023년 5월 10일 수요일, 3월 정산",https://blog.naver.com/kim-rosa/223098195900
2023-05-10,,https://blog.naver.com/xx_is_
2023-05-10,[익선동] 나들이 추천_후토마키 초이다이닝 / 한옥카페 시그니처알 / 모모필름,https://blog.naver.com/xx_is_/223096383772
2023-05-10,"손 대면 핫플 동네 멋집 출연진 김성주, 김지은 - 비법을 전수할 카페전문가는 누구?",https://blog.naver.com/lhswind2/223098024723
2023-05-10,나를 위한 서울 가볼만한곳 14곳 서대문독립공원 서대문형무소역사관 안중근의사기념관 이화벽화마을 한옥거리 상암평화의공원 마장동축산시장,https://blog.naver.com/sseotaiji/223097883454
2023-05-11,,https://blog.naver.com/lib_rarian
2023-05-11,"[종로구] 오랜만의 종로탐구, 데이트 핫플레이스 익선동 걷기",https://blog.naver.com/lib_rarian/223099688403
2023-05-11,,https://blog.naver.com/dinegroupcorp
2023-05-11,크래프트 루 Craft Roo,https://blog.naver.com/dinegroupcorp/223099488623
2023-05-11,,https://blog.naver.com/mpij4728
2023-05-11,여행자를 위한 아름다운 명소 추천,https://blog.naver.com/mpij4728/223099446309
2023-05-11,한국 여행자들이 선호하는 명소 10곳,https://blog.naver.com/sczq5714/223099413467
2023-05-11,,https://blog.naver.com/rdxk5139
2023-05-11,한국의 숨겨진 매력적인 명소 5곳,https://blog.naver.com/rdxk5139/223099404362
2023-05-11,,https://blog.naver.com/f2rhc842
2023-05-11,대한민국 숨겨진 호수와 명소 탐방,https://blog.naver.com/f2rhc842/223099368819
2023-05-11,한국K드라마촬영지100여행 핫플사진명소,https://blog.naver.com/hsc660312/223099306391
2023-05-11,,https://blog.naver.com/yaksucom
2023-05-11,[50대 어학연수] 홈스테이 아침식사/작은파리쫓는방법/시장구경,https://blog.naver.com/yaksucom/223098984774
2023-05-11,,https://blog.naver.com/jwparkbgy
2023-05-11,"관람객 342만, 국민의 정원 된 청와대",https://blog.naver.com/jwparkbgy/223098937040
2023-05-12,"내가 애정하는 종로 가볼만한곳 놀거리, 먹거리, 볼거리(혜화, 익선동)",https://blog.naver.com/0307khy/223100597414
2023-05-12,,https://blog.naver.com/thdl1126
2023-05-12,익선동 맛집 익선 121 데이트장소,https://blog.naver.com/thdl1126/223100243596
2023-05-12,서울숲역 맛집 성수 점심 핫플 에이돈,https://blog.naver.com/ggelatwo/223099779310
2023-05-13,,https://blog.naver.com/david_donghee
2023-05-13,"익선애뜻 - 익선동 맛집, 한식찐맛집, 웨이팅맛집, 토요일 오픈런 후기, 데이트 #sini",https://blog.naver.com/david_donghee/223101300430
2023-05-13,,https://blog.naver.com/csk8221
2023-05-13,전통의 거리 인사동을 걷고 오다~,https://blog.naver.com/csk8221/223101096215
2023-05-13,,https://blog.naver.com/ojct8188
2023-05-13,서울에서 즐길 수 있는 특별한 여행지,https://blog.naver.com/ojct8188/223100844076
2023-05-13,,https://blog.naver.com/iam2yj63
2023-05-13,아무고토 하기 실타,https://blog.naver.com/iam2yj63/223100715456
2023-05-14,,https://blog.naver.com/rupin99
2023-05-14,"[수원 축제] 화려한 연등의 향연, 2023 수원 연등회",https://blog.naver.com/rupin99/223101982608
2023-05-14,,https://blog.naver.com/molela
2023-05-14,절벽마을_낙산공원,https://blog.naver.com/molela/223101510352
2023-05-14,세계 여행의 놀라운 명소 10곳 소개,https://blog.naver.com/ojct8188/223101492577
2023-05-15,,https://blog.naver.com/qkrththdus
2023-05-15,"타이베이 4박5일여행 2일차_예스지 투어 (예류,스펀,지우펀)",https://blog.naver.com/qkrththdus/223103065007
2023-05-15,해방촌 카페 자연 속 빗소리를 감상하는 호우주의보,https://blog.naver.com/jjh30417/223102977710
2023-05-15,"서울 인사동 쌈지길, 볼거리, 즐길 거리로 북적북적~(feat. 인사동에 골동품상, 화랑이 많은 이유)",https://blog.naver.com/kslee0691/223102652313
2023-05-15,,https://blog.naver.com/as0tylbi
2023-05-15,"도심 속 작은 여행, 서울의 숨겨진 명소 5곳 소개",https://blog.naver.com/as0tylbi/223102635098
2023-05-15,,https://blog.naver.com/loveajm83
2023-05-15,숨겨진 서울 장미 명소 익선동 한옥거리,https://blog.naver.com/loveajm83/223102373962
2023-05-15,,https://blog.naver.com/dibj3123
2023-05-15,겨울철 아름다운 한국 여행지 7곳,https://blog.naver.com/dibj3123/223102241329
2023-05-16,,https://blog.naver.com/leeji0530
2023-05-16,23.5.14 서울.1 SAAP 연남점 | 맥코이 | 티크닉 | 연남동 카페 | 고래네 익선동 | 제주위트 시장바 팝업 | 종로,https://blog.naver.com/leeji0530/223103826635
2023-05-16,서울 당일치기 여행 북촌한옥마을 종로 데이트코스 가볼만한곳 BEST4,https://blog.naver.com/jjuy1210/223103811392
2023-05-16,,https://blog.naver.com/kgg8308
2023-05-16,"힙지로 맛집 탐방, 을지로3가 맛집들",https://blog.naver.com/kgg8308/223103805154
2023-05-16,,https://blog.naver.com/songdu93
2023-05-16,종로3가 맛집 잘빠진메밀 익선점 외국인 교환학생 친구랑 가고 싶은 곳,https://blog.naver.com/songdu93/223103775174
2023-05-16,서울 익선동 놀거리 한옥거리 카페 소하염전 외 5곳,https://blog.naver.com/11ansgallry/223103344804
2023-05-16,의외의 서울 장미 명소 정독도서관,https://blog.naver.com/loveajm83/223103341478
2023-05-16,,https://blog.naver.com/gyvuive
2023-05-16,"[한국일상] 서울나들이: 한남동, 한강, 광장시장, 익선동, 을지로",https://blog.naver.com/gyvuive/223103333418
2023-05-16,"여행 느낌, 서울 1박2일",https://blog.naver.com/merry_mayy/223103295711
2023-05-16,,https://blog.naver.com/kyso9192
2023-05-16,세계 각국의 숨겨진 명소 소개,https://blog.naver.com/kyso9192/223103223589
2023-05-17,,https://blog.naver.com/busi1609
2023-05-17,마법같은 동경의 골목 탐방,https://blog.naver.com/busi1609/223104913361
2023-05-17,,https://blog.naver.com/hd2892fo
2023-05-17,"도시 탐험가를 위한 숨겨진 매력 발견, 작은 골목길 여행지 추천 5곳",https://blog.naver.com/hd2892fo/223104441567
2023-05-17,,https://blog.naver.com/liverame6
2023-05-17,종로(익선동) 카페 - 낙원역,https://blog.naver.com/liverame6/223104436919
2023-05-17,,https://blog.naver.com/a13b8rty
2023-05-17,"다가오는 겨울을 맞이하는 따뜻한 데이트 코스 탐방, 서울의 겨울 로맨틱 성지 5곳",https://blog.naver.com/a13b8rty/223104333250
2023-05-17,,https://blog.naver.com/redox17
2023-05-17,익선동에 다녀 왔습니다,https://blog.naver.com/redox17/223104162570
2023-05-18,,https://blog.naver.com/ochy0702
2023-05-18,가족과 함께 즐기는 서울 여행 추천,https://blog.naver.com/ochy0702/223105238883
2023-05-18,,https://blog.naver.com/peal9930
2023-05-18,한국 여행자들을 위한 최고의 명소,https://blog.naver.com/peal9930/223105235946
2023-05-18,,https://blog.naver.com/bofr7511
2023-05-18,세계 여행자들이 꼭 가봤어야 하는 명소 10선,https://blog.naver.com/bofr7511/223105228333
2023-05-18,,https://blog.naver.com/vsfy3791
2023-05-18,한국에서 가볼만한 명소 10선,https://blog.naver.com/vsfy3791/223105220446
2023-05-18,서울에서 가볼만한 명소 10곳,https://blog.naver.com/dibj3123/223105205512
2023-05-18,,https://blog.naver.com/izvp2894
2023-05-18,"한국 여행지 추천, 놓치지 말아야 할 스팟",https://blog.naver.com/izvp2894/223105200817
2023-05-18,,https://blog.naver.com/mpwq8693
2023-05-18,국내 여행지 추천: 행복한 가족 휴가,https://blog.naver.com/mpwq8693/223105184980
2023-05-18,,https://blog.naver.com/wufw8874
2023-05-18,한국 여행의 멋진 명소 5곳 추천,https://blog.naver.com/wufw8874/223105184380
2023-05-19,,https://blog.naver.com/miso108mj
2023-05-19,인사동 N285 호텔 레지던스 숙박시설 잔여세대 상담 예약,https://blog.naver.com/miso108mj/223106797804
2023-05-19,,https://blog.naver.com/lovej79
2023-05-19,익선동 프렌치 레스토랑 무위낙원 여기가 낙원...,https://blog.naver.com/lovej79/223106780700
2023-05-19,,https://blog.naver.com/runninghaetae
2023-05-19,[찐맛집] 익선동맛집 한옥에서 먹는 어마어마한 분위기의 익선동프렌치 찐맛집 무위낙원!!!,https://blog.naver.com/runninghaetae/223106662829
2023-05-19,,https://blog.naver.com/930316_
2023-05-19,record : apr.,https://blog.naver.com/930316_/223106213947
2023-05-19,,https://blog.naver.com/sdk39dska
2023-05-19,Last Christmas - 이선희,https://blog.naver.com/sdk39dska/223106179374
2023-05-19,,https://blog.naver.com/seeyou500
2023-05-19,모두 다 사랑 !,https://blog.naver.com/seeyou500/223106146561
2023-05-19,,https://blog.naver.com/relr9004
2023-05-19,한국 여행: 서울의 숨겨진 명소,https://blog.naver.com/relr9004/223106074822
2023-05-19,명동 여행 가이드: 쇼핑과 먹거리의 천국,https://blog.naver.com/wfpa5224/223106070375
2023-05-20,,https://blog.naver.com/wldmsqkr0924
2023-05-20,성수동와인바 [기러기둥지 성수] 성수동와인 맛집 + 분위기 맛집! 특별한 날 모임 데이트 코스 추천,https://blog.naver.com/wldmsqkr0924/223107388539
2023-05-20,,https://blog.naver.com/xfen8775
2023-05-20,서울 주말 여행 추천 5가지 명소,https://blog.naver.com/xfen8775/223106947150
2023-05-21,,https://blog.naver.com/kimarce
2023-05-21,그러니 나를 믿고 세상을 무너뜨리자,https://blog.naver.com/kimarce/223107485084
2023-05-22,,https://blog.naver.com/kimsh384
2023-05-22,4월,https://blog.naver.com/kimsh384/223108932241
2023-05-22,,https://blog.naver.com/hrlee0629
2023-05-22,[23.5.15.~5.21.] 장미가 활짝 핀 한 주♡,https://blog.naver.com/hrlee0629/223108700786
2023-05-22,,https://blog.naver.com/jjjjj_1201
2023-05-22,서울 익선동 숙소 <어반스테이 부티크 익선 >,https://blog.naver.com/jjjjj_1201/223108501720
2023-05-22,,https://blog.naver.com/duddms3642
2023-05-22,[일상] 베이글맛집 : 런던베이글뮤지엄안국 : 안국역맛집 : 빵지순례 : 쪽파크림치즈,https://blog.naver.com/duddms3642/223108322657
2023-05-22,"서울 테라스 카페 데이트, 야외식당 & 핫플 서울호텔 추천",https://blog.naver.com/dmgk32/223108304896
2023-05-22,한국의 숨겨진 명소 10곳 소개,https://blog.naver.com/kyso9192/223108244039
2023-05-22,,https://blog.naver.com/tqwy1113
2023-05-22,가을에 가볼만한 한국 명소 추천,https://blog.naver.com/tqwy1113/223108243871
2023-05-23,,https://blog.naver.com/qkrthwls501
2023-05-23,✨경 박소진 탄신일 축 ✨,https://blog.naver.com/qkrthwls501/223109944574
2023-05-23,,https://blog.naver.com/uhehecc
2023-05-23,수성아트피아 재개관 기념 <명사특강>한국사 강사 최태성,https://blog.naver.com/uhehecc/223109667589
2023-05-23,,https://blog.naver.com/71dud47h
2023-05-23,"서울을 찾아 삼만리, 빛나는 도시의 숨겨진 보물",https://blog.naver.com/71dud47h/223109596781
2023-05-23,,https://blog.naver.com/like_cuty
2023-05-23,"신라면세점, 아모레퍼시픽과 손잡고 팝업 전시",https://blog.naver.com/like_cuty/223109295160
2023-05-23,,https://blog.naver.com/yes1676
2023-05-23,"신라면세점, 아모레퍼시픽과 손잡고 팝업 전시",https://blog.naver.com/yes1676/223109273443
2023-05-24,,https://blog.naver.com/euxene
2023-05-24,[서울 종로구/권농동/종로3가역/서순라길] 종로 데이트 코스 추천 “살롱순라”,https://blog.naver.com/euxene/223110522066
2023-05-24,,https://blog.naver.com/t7wd4yq4
2023-05-24,서울 옛길을 걷며 기억 속의 추억을 찾아,https://blog.naver.com/t7wd4yq4/223110446346
2023-05-24,,https://blog.naver.com/kwgil7779
2023-05-24,"신라면세점-아모레퍼시픽, '유행화장전' 팝업 전시",https://blog.naver.com/kwgil7779/223110287272
2023-05-25,,https://blog.naver.com/abc913d
2023-05-25,익선동 카페 감꽃당 실내에 감나무가 있는 이색 데이트명소,https://blog.naver.com/abc913d/223111861234
2023-05-25,,https://blog.naver.com/realtor_ahn
2023-05-25,[성수동 기록] 성수동의 새로운 거점 사무실이 될 루프스테이션 서울숲,https://blog.naver.com/realtor_ahn/223111744077
2023-05-25,,https://blog.naver.com/simtang317
2023-05-25,"[익선동맛집] 세컨디포레스트 익선점, 데이트하기 좋은 캐쥬얼한 파스타집",https://blog.naver.com/simtang317/223111592337
2023-05-25,,https://blog.naver.com/hye906
2023-05-25,일상(_용량 주의_),https://blog.naver.com/hye906/223111471568
2023-05-25,,https://blog.naver.com/sweet79505
2023-05-25,"지금 가장 핫한 곳, 핫플 알아보기",https://blog.naver.com/sweet79505/223111333542
2023-05-25,,https://blog.naver.com/skylove0325
2023-05-25,"종로 익선동 데이트 코스 _ 카페 온 , 초이다이닝 , 떡가게종춘 익선",https://blog.naver.com/skylove0325/223111331684
2023-05-25,,https://blog.naver.com/lzbo1780
2023-05-25,매혹적인 도시 여행지 추천,https://blog.naver.com/lzbo1780/223111234672
2023-05-25,,https://blog.naver.com/ayuh9384
2023-05-25,한국의 숨겨진 명소 5곳 추천,https://blog.naver.com/ayuh9384/223111194339
2023-05-25,,https://blog.naver.com/swag5591
2023-05-25,"내 취향 저격, 도시 탐험하기",https://blog.naver.com/swag5591/223111183553
2023-05-25,,https://blog.naver.com/ahlx7696
2023-05-25,2023년 가장 인기있는 여행지 추천,https://blog.naver.com/ahlx7696/223111168296
2023-05-25,,https://blog.naver.com/carpe333_
2023-05-25,[종로] 익선동 놀거리 인사동 쌈지길에 종로 조계사 연등행사까지 한국미 뿜뿜,https://blog.naver.com/carpe333_/223109690492
2023-05-25,,https://blog.naver.com/orangemini26
2023-05-25,[일상] 03.27~04.02 벚꽃으로 시작하는 4월일상,https://blog.naver.com/orangemini26/223110428400
2023-05-26,,https://blog.naver.com/123sandra
2023-05-26,익선동 여행 어반스테이부티크익선 디럭스더블 호캉스 후기,https://blog.naver.com/123sandra/223112805074
2023-05-26,익선동맛집 익선취향 익선동데이트코스로 좋네,https://blog.naver.com/8ighth/223112799689
2023-05-26,,https://blog.naver.com/clzls8812
2023-05-26,잘빠진메밀 익선점이 종로 술집 중에 최고여요 존맛탱이라능~~~~,https://blog.naver.com/clzls8812/223112726662
2023-05-26,,https://blog.naver.com/ygsy0099
2023-05-26,청계천과 함께하는 고급 삼겹살 맛집청계천 맛집 양연화로 종로직영점,https://blog.naver.com/ygsy0099/223112704509
2023-05-26,,https://blog.naver.com/sora5631
2023-05-26,코스 팝업 익선동 첫날 입장 및 오후 재고,https://blog.naver.com/sora5631/223112699794
2023-05-26,,https://blog.naver.com/joore1015
2023-05-26,"익선동 코스 팝업스토어 5/26 구매후기(14:30 입장, 웨이팅 시간, 위치, 지쳐요…)",https://blog.naver.com/joore1015/223112657380
2023-05-26,,https://blog.naver.com/whatsinmytrip
2023-05-26,가성비 좋은 종로 숙소 찾고 있다면? 2022 신축 n285호텔 인사동,https://blog.naver.com/whatsinmytrip/223112642593
2023-05-26,,https://blog.naver.com/scarletkim_98
2023-05-26,"서순라길 맛집 잘빠진메밀 익선점, 서울 생활의달인 막국수, 창덕궁 근처 막국수 맛있는 집",https://blog.naver.com/scarletkim_98/223110004167
2023-05-26,,https://blog.naver.com/fertile243372
2023-05-26,익선동카페 야무지게 받아보세요.,https://blog.naver.com/fertile243372/223112122074
2023-05-26,,https://blog.naver.com/hwangsajoo_1
2023-05-26,종로3가 커플 사주 궁합 잘 보는 익선동핫플 - 익선통하다,https://blog.naver.com/hwangsajoo_1/223112013047
2023-05-27,서울 종로3가 익선동 포장마차거리 핫플 놀거리 가는법,https://blog.naver.com/ljy0911/223113310380
2023-05-27,,https://blog.naver.com/totopepper
2023-05-27,"[맛집탐방] 문래동 베이커리 카페 사진 맛집 '기글giggle' (위치, 추천 메뉴, 가격, 주차 등)",https://blog.naver.com/totopepper/223112415691
2023-05-27,,https://blog.naver.com/iksuk
2023-05-27,서울 저녁 핫플레이스. 종로 3가역 6번출구 포차거리 / 종로 핫풀 익선동 갬성이 살아있는 야장의 거리,https://blog.naver.com/iksuk/223113063836
2023-05-27,"[종로구] 종로3가역 인싸들의 디너가 있는 익선동 떡볶이 맛집, 창화당",https://blog.naver.com/lib_rarian/223099113465
2023-05-27,종로 이비스 앰배서더 서울 인사동 호텔 (서울 숙소),https://blog.naver.com/love_iu93/223112948660
2023-05-27,,https://blog.naver.com/dmsdud437
2023-05-27,"익선동 볼거리 COS 코스 퀼티드 백 팝업스토어 방문 후기 (재고, 수량 등)",https://blog.naver.com/dmsdud437/223112937443
2023-05-27,,https://blog.naver.com/artshow1010
2023-05-27,캘리그라피?,https://blog.naver.com/artshow1010/223112865363
2023-05-28,,https://blog.naver.com/9211416
2023-05-28,[익선동카페]치즈공업사,https://blog.naver.com/9211416/223113871978
2023-05-28,"서울 종로구 익선동 맛집, 종로3가역 근처 프렌치 레스토랑 '무위낙원'",https://blog.naver.com/good4452/223113602799
2023-05-29,,https://blog.naver.com/fraction11206
2023-05-29,익선동카페 알뜰히 참고하자.,https://blog.naver.com/fraction11206/223114909486
2023-05-29,,https://blog.naver.com/gqzcejgw
2023-05-29,서울의 아기자기 공원과 거리들,https://blog.naver.com/gqzcejgw/223114790293
2023-05-29,,https://blog.naver.com/buildup2580
2023-05-29,종로 익선동 핫플레이스 맛집 추천 루프트탑 카페 wooz,https://blog.naver.com/buildup2580/223114703082
2023-05-29,,https://blog.naver.com/ondin79
2023-05-29,한옥랑솜 익선 익선동카페 에 다녀왔어여,https://blog.naver.com/ondin79/223114652071
2023-05-29,,https://blog.naver.com/6m1wd4ec
2023-05-29,익선동맛집 초이다이닝 익선점: 귀여운 맛과 특별한 경험,https://blog.naver.com/6m1wd4ec/223114649030
2023-05-29,,https://blog.naver.com/ynr228
2023-05-29,[행사] 연등회 2023 - 종로에서 열리는 석가탄신일 놀거리 먹거리 많은 불교 행사! 인사동~종각 조계사 까지 서울 연등 행사 후기,https://blog.naver.com/ynr228/223111681915
2023-05-29,,https://blog.naver.com/inmu0ee9
2023-05-29,"익선동맛집 초이다이닝 익선점, 건강과 맛이 어우러진 특별한 식사를 즐겨보세요!",https://blog.naver.com/inmu0ee9/223114477229
2023-05-30,,https://blog.naver.com/london2stay
2023-05-30,"20230530 익선동 COS 코스 퀼팅백 퀼티드백 팝업스토어 후기, 재고 및 웨이팅 현황, 입장 마감 시간",https://blog.naver.com/london2stay/223115976684
2023-05-30,제주도 아이와 가볼만한곳 제주 애월 포함 아이랑,https://blog.naver.com/oaasissya/223115946821
2023-05-30,,https://blog.naver.com/hamzzi_eat
2023-05-30,'익선애뜻' 종로 익선동 데이트 코스 맛집,https://blog.naver.com/hamzzi_eat/223115937855
2023-05-30,,https://blog.naver.com/rlaskdud24
2023-05-30,"충무로 파스타 맛집, 최고의 기억인 데이트 명소 보틀러",https://blog.naver.com/rlaskdud24/223115401280
2023-05-30,,https://blog.naver.com/parkingpark0413
2023-05-30,안국역 인사동 인근 주차장 완벽 가이드! 파킹박으로 저렴하고 간편하게 주차하자,https://blog.naver.com/parkingpark0413/223115353228
2023-05-30,,https://blog.naver.com/mjinchul1
2023-05-30,[종로3가역맛집/호반]지금은 병어철. 술꾼들을 유혹하는 병어찜이 일품,https://blog.naver.com/mjinchul1/223114763893
2023-05-31,,https://blog.naver.com/omom-
2023-05-31,서울 종로 익선동 한옥거리 맛집 익선애뜻 퓨전 한식당 이색 데이트 코스,https://blog.naver.com/omom-/223116756774
2023-05-31,,https://blog.naver.com/wanyi1227
2023-05-31,빗속의 COS 코스 구름빵 팝업,https://blog.naver.com/wanyi1227/223116474880
2023-05-31,,https://blog.naver.com/k___sr
2023-05-31,익선애뜻 : 익선동데이트 코스 실패없는 곳,https://blog.naver.com/k___sr/223116317512
2023-05-31,,https://blog.naver.com/93bobo
2023-05-31,종로 익선동가볼만한곳 한옥거리 서울걷기좋은곳,https://blog.naver.com/93bobo/223116271641
2023-05-31,,https://blog.naver.com/sp5tcgea
2023-05-31,"미지의 골목길, 상상의 나래를 펼쳐보다",https://blog.naver.com/sp5tcgea/223116059394
2023-06-01,,https://blog.naver.com/happymovie00
2023-06-01,안국역 칵테일바 오브오브라이트 가성비 칵테일 추천 (feat. 익선동 칵테일바),https://blog.naver.com/happymovie00/223117962555
2023-06-01,,https://blog.naver.com/gngzzrzo
2023-06-01,아름다운 추억이 가득한 전주 한옥마을 여행기,https://blog.naver.com/gngzzrzo/223117838525
2023-06-01,,https://blog.naver.com/creammy114
2023-06-01,[종로 | 익선동] 힙한 디저트 맛집 낙원장 | 익선동 대형카페 루프탑 한옥카페 추천 | 추억의 스티커 사진 |,https://blog.naver.com/creammy114/223117341613
2023-06-01,,https://blog.naver.com/poshg7960
2023-06-01,[익선동 맛집] 일본의 덮밥을 제대로 나타낸 프리미엄 덮밥 가게! 익선동 한옥거리에 위치한 배키욘방 익선!,https://blog.naver.com/poshg7960/223117307877
2023-06-01,,https://blog.naver.com/0n16dplu
2023-06-01,익선동 호텔세탁 위생적인 침구 세탁업체,https://blog.naver.com/0n16dplu/223116591162
2023-06-01,,https://blog.naver.com/jncouncil
2023-06-01,"종로구의회, 한양길 상생발전을 위한 지역 주민과의 만남",https://blog.naver.com/jncouncil/223115743673
2023-06-01,,https://blog.naver.com/4f2zvzpb
2023-06-01,"도시의 숨소리를 들으며, 걸어본 독특한 거리 이야기",https://blog.naver.com/4f2zvzpb/223117131649
2023-06-01,,https://blog.naver.com/tp00tghc
2023-06-01,꿈처럼 아름다운 유럽 여행기록,https://blog.naver.com/tp00tghc/223117081697
2023-06-02,,https://blog.naver.com/chouquette7
2023-06-02,"익선동 핫플 투어 - COS 구름백 팝업, 소하 염전 소금 빵, 치즈 인더스트리, 떡산 안국",https://blog.naver.com/chouquette7/223118923238
2023-06-02,,https://blog.naver.com/holakuki
2023-06-02,익선동맛집 초이다이닝 :: 익선동데이트코스 종로돈까스 서울후토마끼맛집,https://blog.naver.com/holakuki/223118906187
2023-06-02,,https://blog.naver.com/quasarpulsar
2023-06-02,"4월 주말여행_창원,대구,서울",https://blog.naver.com/quasarpulsar/223118658348
2023-06-02,,https://blog.naver.com/ghdwldms1192
2023-06-02,[팝업] 종로 익선동 COS 코스 팝업 후기 5/30 기준,https://blog.naver.com/ghdwldms1192/223118159315
2023-06-02,"서울의 피크(Peak), 창신동을 가다",https://blog.naver.com/tenantnews/223118073361
2023-06-03,,https://blog.naver.com/qhfka39
2023-06-03,"[서울 3박 4일] 서울 (식도락) 여행 3,4일차 (서울 종로 여행코스 추천, 광장시장 맛집 뿌시기)",https://blog.naver.com/qhfka39/223119183430
2023-06-03,,https://blog.naver.com/joyfulplace-
2023-06-03,부산명소) 흰여울문화마을 솔직 후기 ❤️ / 부산관광지 후기,https://blog.naver.com/joyfulplace-/223119171577
2023-06-03,,https://blog.naver.com/sophia9302
2023-06-03,사는 곳이 운명이다,https://blog.naver.com/sophia9302/223119170705
2023-06-03,,https://blog.naver.com/dlsgp20
2023-06-03,익선동 놀거리 :: 흑백사진 셀프사진관 오디티모드 신라스테이 광화문점,https://blog.naver.com/dlsgp20/223118428508
2023-06-03,,https://blog.naver.com/qnelcjstk043
2023-06-03,싱가포르여행 코스추천 아랍스트리트 술탄모스크 응커피,https://blog.naver.com/qnelcjstk043/223118615818
2023-06-03,,https://blog.naver.com/isr04201
2023-06-03,봄 벚꽃 그리고 번아웃,https://blog.naver.com/isr04201/223118981277
2023-06-04,,https://blog.naver.com/halee0221
2023-06-04,"마포/연남동 파스타 맛집 :: 카멜로연남, 데이트 코스 혹은 소개팅 장소로 추천",https://blog.naver.com/halee0221/223120265572
2023-06-04,"서울 저녁 데이트 추천 조개사, 송현공원 락스퍼영화제, 인사동, 카페, 익선동까지",https://blog.naver.com/junsnet/223119911211
2023-06-04,,https://blog.naver.com/olanska
2023-06-04,창덕궁 맛집 살롱순라 종로 데이트코스로 좋은 한옥식당후기 가격 주차,https://blog.naver.com/olanska/223119941728
2023-06-04,,https://blog.naver.com/i1214
2023-06-04,수원 맛집 행궁동 술집 행리단길 백스트리트피자에서 피맥 데이트,https://blog.naver.com/i1214/223119863691
2023-06-04,,https://blog.naver.com/turn11904
2023-06-04,익선동카페 한눈에 준비해요~,https://blog.naver.com/turn11904/223119633011
2023-06-05,,https://blog.naver.com/smbizkhnet
2023-06-05,“무엇이 사람들이 스스로 찾아오는 공간을 만드는가?”… ‘미다스의 손’ 공간 기획 전문가가 제시한 <살아남는 공간 기획의 6가지 핵심 법칙>,https://blog.naver.com/smbizkhnet/223121229676
2023-06-05,,https://blog.naver.com/kk_kei
2023-06-05,코스 팝업 스토어 후기 :: COS 코스 퀼티드 백 구름빵 팝업,https://blog.naver.com/kk_kei/223120819109
2023-06-05,,https://blog.naver.com/yeonyvly
2023-06-05,[종로/익선동 젤라또] 익선동 데이트 코스 후식 조선젤라또,https://blog.naver.com/yeonyvly/223120767840
2023-06-05,,https://blog.naver.com/incorporate8786
2023-06-05,익선동카페 한번에 참고하세요,https://blog.naver.com/incorporate8786/223120347487
2023-06-05,,https://blog.naver.com/bung1145
2023-06-05,양양 놀러갈 곳 낙산사 후기에요,https://blog.naver.com/bung1145/223065555669
2023-06-06,,https://blog.naver.com/tangerine989
2023-06-06,[익선동 카페] 청수당 :: 고즈넉한 분위기 한옥 핫플 카페 (웨이팅),https://blog.naver.com/tangerine989/223120599914
2023-06-06,,https://blog.naver.com/hello_imny
2023-06-06,2023.04 - 2023.05,https://blog.naver.com/hello_imny/223121564819
2023-06-06,,https://blog.naver.com/purelove1009
2023-06-06,종로맛집 데이트코스로 추천하는 살롱순라,https://blog.naver.com/purelove1009/223120555915
2023-06-06,,https://blog.naver.com/anything196
2023-06-06,"SBS의 카페 심폐소생 예능 <손대면 핫플 동네멋집> 정보 출연진, 김성주 김지은 유정수(공간전문가 글로우서울)",https://blog.naver.com/anything196/223121286890
2023-06-07,,https://blog.naver.com/zksxkfltm13
2023-06-07,뚜벅이 경주여행 코스 : 황리단길 맛집 동리 후기,https://blog.naver.com/zksxkfltm13/223121599465
2023-06-08,,https://blog.naver.com/sweet_but_psycho
2023-06-08,익선동맛집 데이트코스로도 좋은 파스타 맛집 익선취향 (애견동반가능),https://blog.naver.com/sweet_but_psycho/223123930330
2023-06-08,,https://blog.naver.com/yrp1htq7
2023-06-08,"서울, 전통과 현대가 공존하는 도시의 아름다움",https://blog.naver.com/yrp1htq7/223123752848
2023-06-08,,https://blog.naver.com/xwspbppa
2023-06-08,서울의 숨은 명소와 부산의 대표적인 관광지,https://blog.naver.com/xwspbppa/223123741872
2023-06-08,서울 인사동 쌈지길 놀거리 실내 데이트 코스,https://blog.naver.com/pkj5456/223123305925
2023-06-08,,https://blog.naver.com/nqtza4dd
2023-06-08,서울의 숨은 명소! 반드시 가봐야 할 8곳,https://blog.naver.com/nqtza4dd/223123238033
2023-06-09,,https://blog.naver.com/graenolae
2023-06-09,공주 가볼만한곳 연미산자연미술공원 공주 맛집 제민천 카페 등 공주 여행 코스,https://blog.naver.com/graenolae/223124865009
2023-06-09,"경기 수원 방화수류정 : 피크닉 장소로도 추천하고 싶은, 야경과 일몰 맛집 추천, 수원 가볼 만한 곳",https://blog.naver.com/ssp04038/223124850206
2023-06-09,,https://blog.naver.com/growth202305
2023-06-09,종로구 익선동 핫 플 방문~~~~~ (돈부리 파스타 익선),https://blog.naver.com/growth202305/223124834458
2023-06-09,,https://blog.naver.com/o___ov
2023-06-09,나의 일상글...!♡,https://blog.naver.com/o___ov/223124588914
2023-06-09,,https://blog.naver.com/cxxgigz4
2023-06-09,국내여행 트렌드 - 해외여행 대신 국내로! 서울 속 숨은 명소와 제주도의 특별한 맛을 즐기,https://blog.naver.com/cxxgigz4/223124379000
2023-06-09,종로 통통 쁘띠호텔 (서울 숙소),https://blog.naver.com/love_iu93/223124128442
2023-06-09,,https://blog.naver.com/kimo23k
2023-06-09,"김성주, 아내 카페 폐업 후 '방송 노예' 주장... 1억 손실로 인한 어려움",https://blog.naver.com/kimo23k/223123209816
2023-06-09,익선동 가볼만한곳 서울 카페 낙원역 한옥거리 데이트 놀거리,https://blog.naver.com/everlsk/223124069946
2023-06-10,,https://blog.naver.com/frorog_g
2023-06-10,"[종로,서울] 성공적인 익선동 코스(담솥, 식물 카페)",https://blog.naver.com/frorog_g/223125474260
2023-06-10,,https://blog.naver.com/haeun2853
2023-06-10,"주말 데이트 광장시장 맛집&광장시장 주차장 정보| 광장시장 부촌 육회, 떡볶이 빈대떡 꼬마김밥 보리밥 칼국수 우뭇가사리",https://blog.naver.com/haeun2853/223125063191
2023-06-10,,https://blog.naver.com/plok27
2023-06-10,"[익선동맛집] 갬성 가득 데이트 핫플, 간판없는 가게 + 가는 방법!",https://blog.naver.com/plok27/223125039141
2023-06-11,,https://blog.naver.com/seoynch
2023-06-11,1/2,https://blog.naver.com/seoynch/223126093314
2023-06-11,,https://blog.naver.com/lg8sre94
2023-06-11,서울에서 즐기는 특별한 골목길 탐험,https://blog.naver.com/lg8sre94/223126045148
2023-06-11,,https://blog.naver.com/ewds1126
2023-06-11,<종로 익선동> 데이트코스 추천 자주 생각날거 같은 맛 샤오바오우육면,https://blog.naver.com/ewds1126/223125833744
2023-06-12,,https://blog.naver.com/kdmate
2023-06-12,"글로우서울의 유정수 대표 기업의 실패 이야기,서울 제일 핫플레이스 익선동 스타트업 기업 소개",https://blog.naver.com/kdmate/223126956134
2023-06-12,,https://blog.naver.com/gst3000
2023-06-12,"권기창 안동시장, 관광 선진지 벤치마킹 '광폭행보'",https://blog.naver.com/gst3000/223126941882
2023-06-12,,https://blog.naver.com/efps123
2023-06-12,"익선동맛집, 초이다이닝 익선점 - 현대적인 분위기에서 맛과 멋을 즐기다",https://blog.naver.com/efps123/223126913659
2023-06-12,"유정수 글로우서울 대표 카페 익선동 청수당 매장 나이 직업 프로필 (손대면 핫플 동네멋집, 서민갑부)",https://blog.naver.com/sooyeon1202/223126665634
2023-06-12,K드라마촬영지여행 서울핫플레이스서순라길 숨은골목맛집코스 추천감성핫플명소 전통한옥카페거리 성곽둘레길 고궁한복체험,https://blog.naver.com/hsc660312/223126394779
2023-06-12,전국 여행지 국내 여행 관광지도 따라 가볼만한곳 한국관광100선,https://blog.naver.com/redann8926/223126388547
2023-06-12,,https://blog.naver.com/qve9otn0
2023-06-12,"서울의 골목길 여행지 추천 - 오랜 역사와 아기자기한 매력을 담은 익선동, 연남동, 을지로",https://blog.naver.com/qve9otn0/223126276881
2023-06-13,,https://blog.naver.com/dbstnqls2080
2023-06-13,"서울 종로 여행 일정 정리, 뚜벅이로 관광명소 하루만에 도장깨기 ♀️",https://blog.naver.com/dbstnqls2080/223128034403
2023-06-13,,https://blog.naver.com/mdgv2xi9
2023-06-13,"익선동맛집 초이다이닝 익선점, 주변 관광 명소와 가까운 복잡한 맛의 조화",https://blog.naver.com/mdgv2xi9/223127766993
2023-06-13,,https://blog.naver.com/sorry7723
2023-06-13,안국역 종로3가 분위기 좋은 데이트 코스 추천 아브와 ☕️,https://blog.naver.com/sorry7723/223127433492
2023-06-14,,https://blog.naver.com/xvxxcq41455
2023-06-14,"익선동맛집 초이다이닝 익선점, 다양한 메뉴와 퓨전 요리로 유명한 맛집",https://blog.naver.com/xvxxcq41455/223129040486
2023-06-14,,https://blog.naver.com/flos_sun
2023-06-14,[23年4月 일상] 즐거운 마음으로,https://blog.naver.com/flos_sun/223129003346
2023-06-14,"""횟집만 가득하던 부산 해운대에 '이 가게' 차렸더니 매출 대박""",https://blog.naver.com/realty_go/223128781847
2023-06-14,,https://blog.naver.com/bonheur_yoon
2023-06-14,온천집,https://blog.naver.com/bonheur_yoon/223128553111
2023-06-15,,https://blog.naver.com/hbimj
2023-06-15,"서울 가볼만한곳 창경궁 고궁투어 자세한 후기 (가는길, 입장료, 대온실, 역사이야기)",https://blog.naver.com/hbimj/223130056586
2023-06-15,,https://blog.naver.com/zero_yujeans
2023-06-15,종로 3가 '친구네 포차' 추천 / 종로 포장마차 이용 팁 / 종로 포차 거리 데이트 동선.,https://blog.naver.com/zero_yujeans/223129647761
2023-06-15,,https://blog.naver.com/wjd4485
2023-06-15,냥뉴일상(범죄도시3 / 냥뉴의 서울구경),https://blog.naver.com/wjd4485/223129385751
2023-06-15,,https://blog.naver.com/ijkvmvza
2023-06-15,한국어권에서 인기 있는 여행지 추천.,https://blog.naver.com/ijkvmvza/223129231233
2023-06-15,,https://blog.naver.com/zvcs57hs
2023-06-15,"익선동맛집 초이다이닝 익선점, 음식 포장 서비스로 편리한 맛집",https://blog.naver.com/zvcs57hs/223129184281
2023-06-16,,https://blog.naver.com/i2dull
2023-06-16,공간기획전문 유정수의 근자감,https://blog.naver.com/i2dull/223130695468
2023-06-16,,https://blog.naver.com/mariabok
2023-06-16,[단독]대전의 ‘익선동’에 일제 때 철도관사 옮긴다며 100년 된 한옥 허문다,https://blog.naver.com/mariabok/223130683907
2023-06-16,,https://blog.naver.com/cowhair__
2023-06-16,[종로3가] 한옥랑솜 익선동카페 탐방기,https://blog.naver.com/cowhair__/223130257291
2023-06-17,,https://blog.naver.com/rsmyyk88
2023-06-17,"동네멋집 유정수 프로필, 공간의신 카페의신 유정수의 모든 정보",https://blog.naver.com/rsmyyk88/223131662073
2023-06-17,,https://blog.naver.com/f8erhp3a
2023-06-17,"익선동맛집 초이다이닝 익선점 | 주차 편리, 종로 명소와 가까운 핫플레이스",https://blog.naver.com/f8erhp3a/223131454506
2023-06-17,,https://blog.naver.com/woghd9248
2023-06-17,수도권 당일치기 여행을 계획 중이라면? 추천 여행지 5곳!,https://blog.naver.com/woghd9248/223131429459
2023-06-17,,https://blog.naver.com/31p2j5ny
2023-06-17,"익선동맛집 초이다이닝 익선점, 고풍스러운 건물과 실내에서 맛있는 음식을 즐겨보세요",https://blog.naver.com/31p2j5ny/223131163003
2023-06-17,,https://blog.naver.com/awesome_kr
2023-06-17,[익선동 퓨전 맛집] 로제 떡볶이에 대만 맥주 한 잔 l 하구,https://blog.naver.com/awesome_kr/223131065215
2023-06-18,,https://blog.naver.com/pink_hama9211
2023-06-18,최고의 양갈비를 즐길 수 있는 곳 히츠지야익선 익선동맛집,https://blog.naver.com/pink_hama9211/223132267307
2023-06-18,,https://blog.naver.com/jh5_5
2023-06-18,타베호다이코스 무한리필 히츠지야익선 익선동맛집,https://blog.naver.com/jh5_5/223132102940
2023-06-18,,https://blog.naver.com/lassie5656
2023-06-18,데이트 커플들의 명소 예약 장소 유명한곳 히츠지야익선 익선동맛집,https://blog.naver.com/lassie5656/223132101421
2023-06-18,,https://blog.naver.com/soic2364
2023-06-18,<종로탐방> 허리우드클래식 '실버영화관',https://blog.naver.com/soic2364/223131845403
2023-06-19,,https://blog.naver.com/seokminjoo
2023-06-19,쉬가이아토너패드 쉬가이아 바다포도 점보패드(미백토너패드)공구 6.22~6.24,https://blog.naver.com/seokminjoo/223133313347
2023-06-19,,https://blog.naver.com/purplelady88
2023-06-19,익선동 한옥거리 파스타 맛집 <오늘 그대와>,https://blog.naver.com/purplelady88/223133183522
2023-06-19,,https://blog.naver.com/skskalsl1001
2023-06-19,익선동맛집 데이트장소로 좋은 히츠지야익선,https://blog.naver.com/skskalsl1001/223132980847
2023-06-19,,https://blog.naver.com/crunky0504
2023-06-19,양갈비를 맛있게 먹을수 있는 익선동맛집 히츠지야익선,https://blog.naver.com/crunky0504/223132979822
2023-06-19,,https://blog.naver.com/ghslghsl1020
2023-06-19,코스요리로 무한리필이 가능한 익선동맛집 히츠지야익선,https://blog.naver.com/ghslghsl1020/223132975836
2023-06-19,,https://blog.naver.com/lovely_nyg
2023-06-19,서울 익선동 화덕피자 파스타 샐러드 맛집 지오쿠치나 수요미식회 레스토랑 데이트코스,https://blog.naver.com/lovely_nyg/223132877141
2023-06-19,,https://blog.naver.com/twowool8806
2023-06-19,한식과 양식의 만남 익선동 맛집 반기다,https://blog.naver.com/twowool8806/223132821052
2023-06-19,,https://blog.naver.com/sosim520
2023-06-19,히츠지야익선 양고기 찐 징기스칸 전문점 익선동맛집,https://blog.naver.com/sosim520/223132728931
2023-06-19,,https://blog.naver.com/butcher13648
2023-06-19,익선동 맛집 꼭가야할명소 익선디미방,https://blog.naver.com/butcher13648/223132464456
2023-06-19,,https://blog.naver.com/ditpdus
2023-06-19,"3월, 찐 한해의 시작 (오랫동안 맘만 먹은 운동 시작했단 소리)",https://blog.naver.com/ditpdus/223132401322
2023-06-20,,https://blog.naver.com/boa417
2023-06-20,익선동 사주 익선통하다 :) 단짝이랑 실내데이트하러가서 사주보고 왔어용~,https://blog.naver.com/boa417/223134364471
2023-06-20,,https://blog.naver.com/sngvvx38
2023-06-20,"익선동맛집 '초이다이닝 익선점': 가족, 친구, 연인과 함께하는 특별한 맛의 여정!",https://blog.naver.com/sngvvx38/223134316707
2023-06-20,,https://blog.naver.com/look_at_my_record
2023-06-20,"[서울 맛집] 인테리어 맛집 식당 Best 5 (더구룸, 치앙마이방콕, 세븐티포 비스트로, 문화식당, 오파토)",https://blog.naver.com/look_at_my_record/223134308904
2023-06-20,,https://blog.naver.com/sealof
2023-06-20,의왕시 타임빌라스의 푸드코트 '익선동121 & 수수하지만 굉장해',https://blog.naver.com/sealof/223134095989
2023-06-20,,https://blog.naver.com/k9pq92de33z5z9
2023-06-20,인스타갬성 맛집!! 오늘그대와 익선 익선동맛집,https://blog.naver.com/k9pq92de33z5z9/223133813577
2023-06-20,,https://blog.naver.com/gogoma0
2023-06-20,휘둘마뚤 하나둘셋!,https://blog.naver.com/gogoma0/223133710055
2023-06-20,국내 여행지도 관광지도 전국지도 대한민국 한국관광100선,https://blog.naver.com/redann8926/223133622814
2023-06-20,,https://blog.naver.com/lovesk7327985
2023-06-20,"혼술, 데이트, 가족 외식까지 다양한 장소익선동 맛집 반기다",https://blog.naver.com/lovesk7327985/223133452842
2023-06-21,,https://blog.naver.com/armed49
2023-06-21,[을지로 맛집] 청계천 데이트 미경산 한우 : 한암동 을지트윈타워점,https://blog.naver.com/armed49/223135310528
2023-06-21,,https://blog.naver.com/ujmb4778
2023-06-21,"익선동 맛집, 놀거리, 체험 총 정리!",https://blog.naver.com/ujmb4778/223134867448
2023-06-21,,https://blog.naver.com/catfa0520
2023-06-21,종로 맛집 갬성 넘치는 살롱순라,https://blog.naver.com/catfa0520/223134717913
2023-06-21,,https://blog.naver.com/hwahwa8
2023-06-21,"종로 익선동 파스타 맛집 익선취향, 왜 데이트 명소라는지 알겠다",https://blog.naver.com/hwahwa8/223134379432
2023-06-22,,https://blog.naver.com/0z5tswwh
2023-06-22,서울 옛길을 걷며 추억을 찾아가는 특별한 여행,https://blog.naver.com/0z5tswwh/223135686586
2023-06-23,,https://blog.naver.com/soonbinsoomom
2023-06-23,지금 서울은? 서울시 주요 명소 113곳의 '실시간 정보' 한눈에,https://blog.naver.com/soonbinsoomom/223136691514
2023-06-23,,https://blog.naver.com/rhcc
2023-06-23,결국 뉴요커는 되지 못했지만,https://blog.naver.com/rhcc/223136654698
2023-06-23,,https://blog.naver.com/purelady21
2023-06-23,"익선동 데이트, 종로 낙곱새 맛집 평화연남",https://blog.naver.com/purelady21/223135728436
2023-06-23,,https://blog.naver.com/danger87685
2023-06-23,연극및공연장운영 확실하게 정리하기,https://blog.naver.com/danger87685/223136395040
2023-06-24,,https://blog.naver.com/1k6w9ysh
2023-06-24,익선동맛집 초이다이닝 익선점! 서울 종로구에 위치한 맛과 풍성함이 어울린 공간,https://blog.naver.com/1k6w9ysh/223137568455
2023-06-24,,https://blog.naver.com/tmgi981012
2023-06-24,양고기를 특수부위까지 전부 즐길 수 있는 익선동맛집 히츠지야익선,https://blog.naver.com/tmgi981012/223137328834
2023-06-24,,https://blog.naver.com/soho_ceo
2023-06-24,"색으로 물든 골목, 빛이 수놓은 야경… 아시아 끝자락에 찍고 온 초록빛 쉼표",https://blog.naver.com/soho_ceo/223137324178
2023-06-24,"[익선동 맛집] 무위낙원, 운치있는 한옥에서 누리는 와인과 프렌치",https://blog.naver.com/simtang317/223137276826
2023-06-25,,https://blog.naver.com/yoon_jung__
2023-06-25,"특별하고 소중한 휴가 스토리 , 세번째 이야기 ෆ 종로 맛집 추천 [ 익선정육 ]",https://blog.naver.com/yoon_jung__/223138588228
2023-06-25,,https://blog.naver.com/blossomjinn
2023-06-25,"잘빠진메밀 익선점 : 한옥 분위기좋은 익선동 막걸리 주점, 생활의달인 종로3가 맛집",https://blog.naver.com/blossomjinn/223138563206
2023-06-25,,https://blog.naver.com/snstkfka3556
2023-06-25,익선동맛집 히츠지야익선 뜻깊은 시간 보내기:),https://blog.naver.com/snstkfka3556/223138531141
2023-06-25,,https://blog.naver.com/snstkfka3554
2023-06-25,익선동맛집 히츠지야익선 누린내 없는 양고기 즐기기:),https://blog.naver.com/snstkfka3554/223138530214
2023-06-25,,https://blog.naver.com/a2863554
2023-06-25,익선동맛집 히츠지야익선 포장마차거리 추천:),https://blog.naver.com/a2863554/223138499645
2023-06-25,,https://blog.naver.com/fordm1795
2023-06-25,종로3가 익선동 라자냐 맛집 :: 익선잡방,https://blog.naver.com/fordm1795/223138372629
2023-06-25,,https://blog.naver.com/gpfls9612
2023-06-25,"필름일기 #7, 8: 2022 가을부터 2023 여름까지",https://blog.naver.com/gpfls9612/223138341969
2023-06-25,,https://blog.naver.com/skgkt21
2023-06-25,종로(익선동) - 플리퍼스 카페,https://blog.naver.com/skgkt21/223138272348
2023-06-25,,https://blog.naver.com/starandyoung
2023-06-25,전주 당일치기 여행코스(현대옥/전주수목원/차경/완산공원/다가양조장),https://blog.naver.com/starandyoung/223135294235
2023-06-26,,https://blog.naver.com/pktlia
2023-06-26,세계에서 가장 아름다운 동네 익선동 한옥거리 익선다다 브랜딩 이야기,https://blog.naver.com/pktlia/223139583347
2023-06-26,,https://blog.naver.com/tip0311
2023-06-26,익선동맛집 누룩 숙성방식을 사용하여 잡내가 없는 히츠지야익선,https://blog.naver.com/tip0311/223139582023
2023-06-26,,https://blog.naver.com/maslove22
2023-06-26,토마호크양갈비를 무한으로 먹을 수 있는 익선동맛집 히츠지야익선,https://blog.naver.com/maslove22/223139144494
2023-06-26,"「북촌 한옥마을」 한옥의 아침, 북촌문화센터 후기",https://blog.naver.com/medical_salon/223139265593
2023-06-26,,https://blog.naver.com/rpvf3530
2023-06-26,익선동대행운전 제대로 찾아보자?,https://blog.naver.com/rpvf3530/223139110868
2023-06-26,,https://blog.naver.com/limyk3217
2023-06-26,서울시 주요 명소 113곳의 '실시간 정보' 한눈에,https://blog.naver.com/limyk3217/223137663729
2023-06-27,,https://blog.naver.com/joohee195
2023-06-27,[종로 맛집] 서울 한복판에서 맛보는 신선한 조개구이 <통영항바다생협 종로점>,https://blog.naver.com/joohee195/223140556814
2023-06-27,,https://blog.naver.com/houseofselah
2023-06-27,[종로/ 히츠지야 익선] 특상타베호다이 2인에 노미호다이 코스(주류 무한리필) 2만원 추가해서 무제한 먹었어요,https://blog.naver.com/houseofselah/223140373140
2023-06-27,,https://blog.naver.com/yuna96lee
2023-06-27,[종로3가] 미갈매기살-카페 온-포차거리 :: 한여름밤 노포 야장감성 웨이팅없이 막차타기,https://blog.naver.com/yuna96lee/223139879693
2023-06-28,,https://blog.naver.com/mcst_pr
2023-06-28,"뮤지컬 <모차르트!>, 공연 <루체른 심포니&임윤찬>, 뮤지컬 <베르나르다 알바>, 연극 <이방인의 노래> 등 함께 즐기는 문화생활",https://blog.naver.com/mcst_pr/223141283907
2023-06-28,,https://blog.naver.com/talktome21
2023-06-28,대한민국 명장이 만든 커플링의 대명사 윌링 주얼리,https://blog.naver.com/talktome21/223140657008
2023-06-28,,https://blog.naver.com/angers1992
2023-06-28,경주 맛집 추천 : 황남쫀드기/포항물회/경주여행/경주핫플/황리단길먹거리추천,https://blog.naver.com/angers1992/223140963218
2023-06-28,,https://blog.naver.com/hehew
2023-06-28,[기록]23년 4월에는 뭐먹고 살았나,https://blog.naver.com/hehew/223140648380
2023-06-29,,https://blog.naver.com/dongle_almang
2023-06-29,"230615 익선동 & 북촌 나들이(빠리가옥, 솔트24, 광화문광장)",https://blog.naver.com/dongle_almang/223142566241
2023-06-29,,https://blog.naver.com/backpackingforplant
2023-06-29,만달레이에서의 첫날- 열하루째(20.01.18),https://blog.naver.com/backpackingforplant/223142075781
2023-06-29,,https://blog.naver.com/wy1svmft
2023-06-29,"익선동맛집, 초이다이닝 익선점: 다양한 선택지와 푸짐한 양의 맛있는 음식",https://blog.naver.com/wy1svmft/223142145189
2023-06-29,,https://blog.naver.com/safety_wonny
2023-06-29,"[독서 서평] 있는 공간, 없는 공간",https://blog.naver.com/safety_wonny/223142111349
2023-06-29,,https://blog.naver.com/b9oxwtcr
2023-06-29,"익선동맛집, 초이다이닝 익선점: 야외 테라스와 주차장으로 편안한 식사를 즐겨보세요",https://blog.naver.com/b9oxwtcr/223141953329
2023-06-29,,https://blog.naver.com/a9ib2co5
2023-06-29,"서울을 찾아 삼만리, 빛나는 도시의 숨겨진 보물을 찾아서",https://blog.naver.com/a9ib2co5/223141895424
2023-06-30,익선동 카페 가볼만한곳 티퍼런스 서울 데이트코스 하트시그널 티클래스,https://blog.naver.com/niky8888/223143493134
2023-06-30,익선동대행운전 찾으신다면 기억해요?,https://blog.naver.com/rpvf3530/223143145475
2023-06-30,맛있는 양고기와 분위기 좋은 히츠지야익선 익선동맛집,https://blog.naver.com/sosim520/223143121070
2023-06-30,,https://blog.naver.com/9wkbwghf
2023-06-30,"익선동맛집 초이다이닝 익선점, 주변 관광 명소와 문화 시설이 어우러진 맛있는 공간",https://blog.naver.com/9wkbwghf/223142957051
2023-06-30,,https://blog.naver.com/lmo878520
2023-06-30,익선동맛집 쉽게 보기 힘든 화로구이는 특수부위 양설로 냄새없이 부드러운 식감을 맛볼수가 있는 히츠지야익선,https://blog.naver.com/lmo878520/223142728845
2023-06-30,,https://blog.naver.com/lmo8785
2023-06-30,익선동맛집 히츠지야만의 특제소스로 만든 일본식 함바그로 달달함과 고기의 육즙을 즐길수가 있는 히츠지야익선,https://blog.naver.com/lmo8785/223142727812
2023-06-30,,https://blog.naver.com/9jlatsa3
2023-06-30,"익선동맛집 초이다이닝, 다양한 음료와 함께 맛있는 식사를 즐겨보세요",https://blog.naver.com/9jlatsa3/223142682574
2023-07-01,익선동카페 티퍼런스 서울 하트시그널 티클래스 서울데이트 코스,https://blog.naver.com/eunryori_/223144213944
2023-07-01,,https://blog.naver.com/one8450
2023-07-01,[익선동맛집] 국물 파스타와 스테이크가 먹고 싶을 땐 익선동 ‘익선디미방’,https://blog.naver.com/one8450/223144237416
2023-07-01,,https://blog.naver.com/lnglng22
2023-07-01,[서울 종로구] 서울 나들이 ' 익선동과 광장시장 ',https://blog.naver.com/lnglng22/223144209291
2023-07-01,,https://blog.naver.com/loxt64nl
2023-07-01,"익선동맛집 초이다이닝, 신선한 재료와 품질에 높은 관심을 가진다",https://blog.naver.com/loxt64nl/223144067845
2023-07-01,"익선동 카페 데이트코스 추천, 티퍼런스 퍼플티 티클래스!",https://blog.naver.com/jeongwon84/223143950729
2023-07-01,,https://blog.naver.com/pzh2xhfa
2023-07-01,"""매혹적인 도시의 낭만을 느끼다: 서울에서 펼쳐지는 특별한 여행""",https://blog.naver.com/pzh2xhfa/223143828669
2023-07-02,,https://blog.naver.com/zqjel7vd
2023-07-02,봄날 서울 여행 - 따뜻한 햇살과 사랑스러운 카페의 매력,https://blog.naver.com/zqjel7vd/223144682352
2023-07-02,,https://blog.naver.com/cherishj0106
2023-07-02,[뉴스레터 몽땅 기록] 호박레터 - 中 편,https://blog.naver.com/cherishj0106/223144659353
2023-07-02,[서울 서촌 한옥스테이JNPstay 주변] 종로놀거리 이색 종로 데이트 익선동 블란서미술관 드로잉카페 추천합니다,https://blog.naver.com/jnpstay/223144352757
2023-07-03,,https://blog.naver.com/tig03180
2023-07-03,"익선동데이트장소로 추천하는곳,익선취향 인기메뉴뿌수기",https://blog.naver.com/tig03180/223146004565
2023-07-03,"(서울 종로구 / 익선동 한옥거리 #3) 서울에서 가장 오래된 한옥 마을. 이제는 서울의 대표적인 관광, 핫 플레이스 Ikseon-dong Hanok Street",https://blog.naver.com/dickprod/223083349374
2023-07-03,,https://blog.naver.com/inform1428
2023-07-03,익선동맛집 초이다이닝 익선점: 다양한 퓨전 요리와 편리한 접근성,https://blog.naver.com/inform1428/223145780282
2023-07-03,,https://blog.naver.com/t4w0npcx
2023-07-03,"익선동맛집 초이다이닝 익선점, 주변 관광 명소와 함께 마라 니꾸동으로 유명한 아늑한 맛집",https://blog.naver.com/t4w0npcx/223145707444
2023-07-03,,https://blog.naver.com/hansbae
2023-07-03,숲캉스/거제여행/여행신문/미술관/인공지능신문,https://blog.naver.com/hansbae/223145503190
2023-07-03,,https://blog.naver.com/sosweet1207
2023-07-03,히츠익선양고기가 먹고싶을때마다 생각나는 익선동맛집 히츠지야익선을 다녀왔어요,https://blog.naver.com/sosweet1207/223143189145
2023-07-03,,https://blog.naver.com/13tjdwjd
2023-07-03,[7월] 다시쓰는 하루 기록,https://blog.naver.com/13tjdwjd/223145008516
2023-07-04,,https://blog.naver.com/gracepyj725
2023-07-04,십 육년만의 해후,https://blog.naver.com/gracepyj725/223146848402
2023-07-04,,https://blog.naver.com/wlsl8245
2023-07-04,익선동 맛집 데이트코스로 좋은 익선취향 후기,https://blog.naver.com/wlsl8245/223146790904
2023-07-04,,https://blog.naver.com/flameman22
2023-07-04,서순라길 카페 맛집 <파이키> - 감성 끝판왕 중의 끝판왕 북카페,https://blog.naver.com/flameman22/223146688424
2023-07-04,,https://blog.naver.com/yun_yeo
2023-07-04,종로5가 노천카페 일트커피 통창으로 보는 창경궁 돌담,https://blog.naver.com/yun_yeo/223146322587
2023-07-04,,https://blog.naver.com/minha4429
2023-07-04,5월 일기 :: 한달일기를 한달씩 미루는 중,https://blog.naver.com/minha4429/223146035451
2023-07-05,,https://blog.naver.com/qlcsk392
2023-07-05,온천집 익선 _ 익선동 핫플 / 익선동 맛집 / 익선동 분위기좋은 맛집 / 종로샤브샤브집 ✿,https://blog.naver.com/qlcsk392/223147821407
2023-07-05,,https://blog.naver.com/d5dvcfk7
2023-07-05,익선동맛집 초이다이닝 익선점 신메뉴와 친절한 서비스로 쾌적한 식사 환경을 선사합니다,https://blog.naver.com/d5dvcfk7/223147785319
2023-07-05,,https://blog.naver.com/cmhub
2023-07-05,구석구석 골목길의 숨은 매력을 찾아서,https://blog.naver.com/cmhub/223146747830
2023-07-05,,https://blog.naver.com/gochangyg
2023-07-05,웹3.0 시대와 인사동,https://blog.naver.com/gochangyg/223147210716
2023-07-05,,https://blog.naver.com/melangtonin
2023-07-05,서울 가볼만한 곳_ #열린송현 녹지광장(ft. 100년 만에 개방/종로 핫플/데이트 코스/하늘소 전망대),https://blog.naver.com/melangtonin/223146985072
2023-07-05,,https://blog.naver.com/lallulallu88
2023-07-05,분위기깡패 익선동 유명 맛집 간판없는가게 파스타 맛집,https://blog.naver.com/lallulallu88/223147139534
2023-07-06,,https://blog.naver.com/moonbella226
2023-07-06,익선애뜻 익선동 웨이팅 맛집,https://blog.naver.com/moonbella226/223148997931
2023-07-06,더멀팩 공구 콜라겐팩7.10~7.12,https://blog.naver.com/seokminjoo/223148564672
2023-07-06,,https://blog.naver.com/eb_park
2023-07-06,[익선동맛집] 데이트 추천 레스토랑 반기다에서 퓨전 한식코스,https://blog.naver.com/eb_park/223148543623
2023-07-06,,https://blog.naver.com/dn3m4kme
2023-07-06,"서울의 오아시스, 아기자기한 공원과의 도심 속 여행",https://blog.naver.com/dn3m4kme/223148228126
2023-07-06,,https://blog.naver.com/fm6k362w
2023-07-06,"비결린 골목길, 숨겨진 세계로의 초대",https://blog.naver.com/fm6k362w/223148140749
2023-07-07,,https://blog.naver.com/c_kong0
2023-07-07,익선동맛집 일본여행 온 느낌이 드는 양고기 맛집 히즈지야 익선,https://blog.naver.com/c_kong0/223149959091
2023-07-07,,https://blog.naver.com/zr6x0rr8
2023-07-07,동네 여행 감성을 충전하는 지역별 명소 탐방,https://blog.naver.com/zr6x0rr8/223149516353
2023-07-07,,https://blog.naver.com/ramjjangtravel
2023-07-07,종로 카페) 뷰맛집 분위기맛집 익선동한옥카페 익선동디저트 한옥랑솜,https://blog.naver.com/ramjjangtravel/223149508766
2023-07-07,,https://blog.naver.com/yr1117
2023-07-07,서울 가볼만한곳 익선동 한옥거리 즐기기 볼거리 먹거리 포토존 주차,https://blog.naver.com/yr1117/223148473987
2023-07-08,,https://blog.naver.com/pinks2sob
2023-07-08,[연남동맛집] 연남취향 : 데이트코스로 추천하는 홍대/연남동 핫플 (+웨이팅),https://blog.naver.com/pinks2sob/223150628991
2023-07-08,,https://blog.naver.com/soovely_87
2023-07-08,익선동맛집 분위기도 좋은 양고기 전문점 히츠지야 익선,https://blog.naver.com/soovely_87/223150011175
2023-07-08,,https://blog.naver.com/eve13469
2023-07-08,서울 종로 익선동 맛집 익선동데이트 익선취향,https://blog.naver.com/eve13469/223150002432
2023-07-09,,https://blog.naver.com/shs3749
2023-07-09,[SK뉴스쿨에서 성장하자!] SK 뉴스쿨러 동료들과 함께가는 인사이트 트립 ! 을지로 이곳 저곳 나들이 후기 (을지영화관),https://blog.naver.com/shs3749/223151235483
2023-07-09,,https://blog.naver.com/2121_0
2023-07-09,[익선동 카페/익선동 데이트] 청수당 ♡ 달빛과 함께하는 고즈넉한 종로 한옥 카페 + 삼겹살 + 제2의힙지로 야외 테이블,https://blog.naver.com/2121_0/223151170975
2023-07-09,,https://blog.naver.com/47jyd
2023-07-09,100선중 오늘은(종로),https://blog.naver.com/47jyd/223151081835
2023-07-09,,https://blog.naver.com/starlight1130
2023-07-09,익선동맛집 추천 히츠지야익선,https://blog.naver.com/starlight1130/223150997063
2023-07-09,,https://blog.naver.com/acha5923
2023-07-09,익선동맛집 찾아서 가본 히츠지야익선점,https://blog.naver.com/acha5923/223150960367
2023-07-09,종로 볼거리 놀거리와 먹거리까지 정리했어요!,https://blog.naver.com/jnpstay/223150916495
2023-07-10,,https://blog.naver.com/square6212
2023-07-10,[익선잡방] 파스타 꿀맛,https://blog.naver.com/square6212/223152364309
2023-07-10,,https://blog.naver.com/godangel108
2023-07-10,익선동맛집 분위기부터 맛까지 좋은 히츠지야익선,https://blog.naver.com/godangel108/223152296881
2023-07-10,,https://blog.naver.com/haeunkimgood
2023-07-10,"modhanni] 익선동맛집, 양고기 맛집 히츠지야익선",https://blog.naver.com/haeunkimgood/223152262806
2023-07-10,사장님 귀는 당나귀 귀 성지인 결혼 소개팅 피해야 할 장소는? 곱창!,https://blog.naver.com/merrypick7_/223152024890
2023-07-10,,https://blog.naver.com/convince11183
2023-07-10,"익선동 데이트 추천 코스/오믈렛,파스타 맛집 [익선잡방]",https://blog.naver.com/convince11183/223151502680
2023-07-10,,https://blog.naver.com/yeonju_o
2023-07-10,[연방곡곡] 사진첩 속 내가 좋아했던 풍경들,https://blog.naver.com/yeonju_o/223151441715
2023-07-11,서울 종로 가볼만한곳 운현궁 한적한 데이트 코스,https://blog.naver.com/you1620/223153435865
2023-07-11,,https://blog.naver.com/anarchychair
2023-07-11,花,https://blog.naver.com/anarchychair/223153418861
2023-07-11,,https://blog.naver.com/venture12499
2023-07-11,"익선동맛집 | 드디어 찾은 익선동 맛집 #익선잡방(리조또,파스타,오믈렛, 샐러드)",https://blog.naver.com/venture12499/223153386348
2023-07-11,,https://blog.naver.com/jujujudy1128
2023-07-11,[익선동맛집] [맛집소개] 히츠지야익선,https://blog.naver.com/jujujudy1128/223152350328
2023-07-11,,https://blog.naver.com/hzd3ic45
2023-07-11,서울하면 떠오르는 대표적인 관광명소들,https://blog.naver.com/hzd3ic45/223153270183
2023-07-11,,https://blog.naver.com/bp3z0tbb
2023-07-11,서울: 전통과 현대가 공존하는 도시의 아름다움,https://blog.naver.com/bp3z0tbb/223153203823
2023-07-11,,https://blog.naver.com/6n7pv9uh
2023-07-11,[서울을 제일 좋아하는 도시 중 하나로 알려진 서울],https://blog.naver.com/6n7pv9uh/223153161798
2023-07-11,,https://blog.naver.com/adagieto
2023-07-11,(북경통신 5 ) 중국 현대 예술의 해방구 따산쯔（大山子）“798 예술구(艺术区)”,https://blog.naver.com/adagieto/223153080654
2023-07-11,,https://blog.naver.com/8tjvez7m
2023-07-11,유럽을 누비며 남긴 아름다운 여행 기록,https://blog.naver.com/8tjvez7m/223152996820
2023-07-11,,https://blog.naver.com/viridian114
2023-07-11,[부암동 무계원] 안견의 몽유도원도 왜 일본에 있나_ 사진 명소_서울주말나들이,https://blog.naver.com/viridian114/223152982521
2023-07-11,,https://blog.naver.com/u8oltdrd
2023-07-11,최근 국내 여행 트렌드는 해외 여행보다 국내 여행을 선호하는 추세입니다. 이는 주로 코로나,https://blog.naver.com/u8oltdrd/223152980738
2023-07-11,,https://blog.naver.com/j_world90
2023-07-11,익선동맛집 일본 느낌 가득 히츠지야익선 양고기 맛집,https://blog.naver.com/j_world90/223152112734
2023-07-12,,https://blog.naver.com/choiyean2
2023-07-12,분위기 좋은 익선동카페근처~ 아삐뽀레에서 옛여인과의 그리운 추억만들기 해봐요~^&^,https://blog.naver.com/choiyean2/223154473420
2023-07-12,,https://blog.naver.com/yongsandream
2023-07-12,종로3대 맛집 l 가족 모임 & 데이트 추천 l 한일옥 ㅣ 또갈집,https://blog.naver.com/yongsandream/223154464172
2023-07-12,,https://blog.naver.com/2seo_25
2023-07-12,"익선동한옥카페 한옥랑솜, 다양한 케이크가 있고 분위기 있는 종로 데이트카페 디저트카페",https://blog.naver.com/2seo_25/223154335313
2023-07-12,,https://blog.naver.com/background7067
2023-07-12,"익선동 한바퀴 - 익선디미방, 익선동 에일당",https://blog.naver.com/background7067/223154097069
2023-07-12,,https://blog.naver.com/lamule12
2023-07-12,"[서울시 주요 명소 113곳의 실시간 정보 확인] 서울 실시간 도시데이터 활용 안내!(혼잡도, 도로 소통, 대중교통, 날씨/환경, 문화행사)",https://blog.naver.com/lamule12/223153419140
2023-07-12,,https://blog.naver.com/hr5168
2023-07-12,"소제동 예쁜카페 미도리컬러 , 대전역 베이글 디저트맛집",https://blog.naver.com/hr5168/223153548092
2023-07-13,,https://blog.naver.com/mobumtax
2023-07-13,"[서울 종로 종각] 육미 (활어모듬세꼬시, 세꼬시막회무침, 모듬해물잡어물회)",https://blog.naver.com/mobumtax/223155183141
2023-07-13,,https://blog.naver.com/lkk6357
2023-07-13,제322회 정례회 제6차 본회의 이광규 부의장 구정질문,https://blog.naver.com/lkk6357/223155068818
2023-07-13,,https://blog.naver.com/jjakggung
2023-07-13,낙원동맛집 종로아구찜 소문난마산아구,https://blog.naver.com/jjakggung/223154945974
2023-07-13,,https://blog.naver.com/yedoll15
2023-07-13,간판없는가게 익선동 맛집 파스타 가게 소개팅명소,https://blog.naver.com/yedoll15/223154838902
2023-07-13,,https://blog.naver.com/qsefg102971
2023-07-13,230628 6월 경주여행 (2) : 경주 황리단길 카페 아나타 • 동궁과월지 야경 • 첨성대 • 왓더버거 황리단길점 • 한옥스테이 스테이여우잠 • 황남쫀드기 • 황리단길 구경,https://blog.naver.com/qsefg102971/223154810262
2023-07-13,,https://blog.naver.com/z6jie022
2023-07-13,"최상의 맛과 아름다움을 경험하는 종로찐맛집, 살롱순라",https://blog.naver.com/z6jie022/223154644395
2023-07-14,,https://blog.naver.com/aldtysld0324
2023-07-14,[서울-종로] 익선동한옥거리맛집 :: 익선애뜻 에서 엄마랑 익선동데이트,https://blog.naver.com/aldtysld0324/223156407950
2023-07-14,,https://blog.naver.com/sso_olog
2023-07-14,강릉 소품샵 안목해변 안목역 선물상점 마그네틱,https://blog.naver.com/sso_olog/223156065641
2023-07-14,,https://blog.naver.com/equipment9206
2023-07-14,걷기 좋은 익선동 #익선잡방,https://blog.naver.com/equipment9206/223155951720
2023-07-14,,https://blog.naver.com/extra9005
2023-07-14,익선동 익선잡방 브런치 식당 피자 파스타 스테이크 까지 먹방 꺅!,https://blog.naver.com/extra9005/223155659994
2023-07-15,서울 홍대 팝업스토어 가볼만한곳 핫플 실내 놀거리 볼거리 상상마당 굽네 플레이타운,https://blog.naver.com/zinizio/223156959901
2023-07-15,,https://blog.naver.com/stephen5720920
2023-07-15,2023년 6월 도쿄 마켓 리서치 2편! 도쿄의 빈티지 매장은 어떻게 운영되고 있나?,https://blog.naver.com/stephen5720920/223156924305
2023-07-15,,https://blog.naver.com/jinju1363
2023-07-15,익선동카페 독특하고 멋진 아삐뽀레,https://blog.naver.com/jinju1363/223156639272
2023-07-17,,https://blog.naver.com/samme_road
2023-07-17,인생네컷 명소 추천 : 포토시그니처 익선동한옥거리점 / 포토슬레이트 홍대점 / 그믐달셀프스튜디오 연신내 / 폴라스튜디오 합정점,https://blog.naver.com/samme_road/223159041360
2023-07-17,,https://blog.naver.com/q_stagram55
2023-07-17,후쿠오카 유후인 가볼만한 곳 유후인 가는법 먹거리 볼거리에 화장실 정보까지,https://blog.naver.com/q_stagram55/223157873710
2023-07-18,,https://blog.naver.com/pacem_
2023-07-18,[포르투갈여행] 사랑스러운 포르투 히베리아광장 D-4,https://blog.naver.com/pacem_/223160002262
2023-07-18,,https://blog.naver.com/ki_mell
2023-07-18,"7월 경주여행 :: 포토스팟은 다 다녀옴! 첨성대, 전촌용굴, 송대말등대, 황리단길, 불국사, 월정교",https://blog.naver.com/ki_mell/223159381247
2023-07-19,,https://blog.naver.com/peniel717
2023-07-19,청와대관람하러 당일치기 서울여행,https://blog.naver.com/peniel717/223161021378
2023-07-19,,https://blog.naver.com/lovesomeone1210
2023-07-19,[익선동맛집] 익선취향 분위기좋고 맛있는 익선동데이트 장소,https://blog.naver.com/lovesomeone1210/223160941016
2023-07-19,,https://blog.naver.com/where13010
2023-07-19,[서울살이] 월요일 익선동! 익선잡방!,https://blog.naver.com/where13010/223160116189
2023-07-20,,https://blog.naver.com/dain_lover
2023-07-20,익선동의 맛집 맛있는 양고기를 맛볼수있는 히츠지야익선,https://blog.naver.com/dain_lover/223161887771
2023-07-20,,https://blog.naver.com/leegisae077
2023-07-20,양고기 맛집 익선동맛집 히츠지야익선,https://blog.naver.com/leegisae077/223161840393
2023-07-20,,https://blog.naver.com/bachcon
2023-07-20,인사동 목시 호텔 / 힙한 메리어트 호텔 목시에서 인사동과 익선동을 즐겨보세요~^^ 룸&조식.,https://blog.naver.com/bachcon/223161251427
2023-07-20,,https://blog.naver.com/heywon4897
2023-07-20,"양고기 전문점 익선동맛집 ""히츠지야익선""",https://blog.naver.com/heywon4897/223161157480
2023-07-20,,https://blog.naver.com/eye10305
2023-07-20,익선동 맛집 꼭가야할명소 익선디미방,https://blog.naver.com/eye10305/223161026381
2023-07-21,,https://blog.naver.com/txz7jqfc
2023-07-21,익선동: 서울의 역사와 현대가 어우러진 아름다운 한옥마을,https://blog.naver.com/txz7jqfc/223162829380
2023-07-21,,https://blog.naver.com/ppeunsam
2023-07-21,[July.01] 어쩌면 나 가이드가 적성에 맞을지도?,https://blog.naver.com/ppeunsam/223162796531
2023-07-21,,https://blog.naver.com/1gnv6xx6
2023-07-21,한국 여행의 설렘을 안겨주는 명소들,https://blog.naver.com/1gnv6xx6/223162562897
2023-07-21,,https://blog.naver.com/eunlee0228
2023-07-21,[종로문화페어링]: 강연을 통해 만나는 근대 지식인들,https://blog.naver.com/eunlee0228/223161981353
2023-07-21,,https://blog.naver.com/myown_space
2023-07-21,한국 인테리어 생활양식 및 특징 알아보기,https://blog.naver.com/myown_space/223162210848
2023-07-21,,https://blog.naver.com/sumincc
2023-07-21,"강원도 고성 가볼만한 곳 하늬라벤더팜 라벤더축제 개화시기와 비시즌방문 후기 (ft:입장료,주차)",https://blog.naver.com/sumincc/223162055903
2023-07-22,,https://blog.naver.com/minv2ly__
2023-07-22,[히츠지야 익선] 익선동맛집/ 히츠지야익선,https://blog.naver.com/minv2ly__/223162498416
2023-07-22,,https://blog.naver.com/breastkql958
2023-07-22,서울시관광버스 맛집 직접 찾아봤습니다,https://blog.naver.com/breastkql958/223163382702
2023-07-22,,https://blog.naver.com/naked14084
2023-07-22,오늘의 핫스팟 레스토랑,https://blog.naver.com/naked14084/223163190018
2023-07-22,tvN주말드라마경이로운소문2촬영지배경장소?카운터아지트언니네국수가게유치원소방서호텔카페공항여객선교도소미술관법원,https://blog.naver.com/hsc660312/223162991545
2023-07-23,,https://blog.naver.com/ssongllog
2023-07-23,익선동 종로3가 퓨전 한식 맛집 익선애뜻 (데이트 장소 / 추천 메뉴 3가지),https://blog.naver.com/ssongllog/223164139205
2023-07-23,,https://blog.naver.com/didk4321
2023-07-23,"서순라길감성술집|비틀비틀,비스트타코",https://blog.naver.com/didk4321/223163955659
2023-07-23,,https://blog.naver.com/updanda11
2023-07-23,익선동 맛집 제대로 된 양고기를 맛볼 수 있는 익선동맛집 히츠지야익선,https://blog.naver.com/updanda11/223163726308
2023-07-23,,https://blog.naver.com/substantia3245
2023-07-23,미슐랭 3스타 출신 익선동 맛집추천! 익선디미방 완전 고급지넹~♥,https://blog.naver.com/substantia3245/223163653282
2023-07-24,,https://blog.naver.com/i1snw8nn
2023-07-24,종로 맛집 분위기 돋는 살롱순라,https://blog.naver.com/i1snw8nn/223164545657
2023-07-24,,https://blog.naver.com/oioi1551
2023-07-24,종로 익선동 맛집 익선애뜻 데이트코스,https://blog.naver.com/oioi1551/223164337605
2023-07-25,,https://blog.naver.com/sosone_
2023-07-25,종로3가 익선동 비오는날 데이트명소 베이커리카페 청수당,https://blog.naver.com/sosone_/223165869876
2023-07-25,,https://blog.naver.com/obli_dahada
2023-07-25,"남산 순환버스01번 타고 서울 랜드마크 남산N서울타워 즐기기 2,000원으로 사랑의 자물쇠 채우기 체험하기 ☔",https://blog.naver.com/obli_dahada/223165594477
2023-07-26,,https://blog.naver.com/leeshgreen
2023-07-26,익선동맛집 북해도식 양갈비 화로구이 전문점 히츠지야익선,https://blog.naver.com/leeshgreen/223166777403
2023-07-26,,https://blog.naver.com/ohbrown
2023-07-26,서울 종로 경복궁 아트월 광고 매체 및 특징 5 / 옥외 광고 매체 소개 44,https://blog.naver.com/ohbrown/223166547409
2023-07-26,,https://blog.naver.com/comedy8847
2023-07-26,"익선동 파스타, 익선디미방",https://blog.naver.com/comedy8847/223166537026
2023-07-26,누베로 동백패치 공구 7.27~7.29 토너패드 닦토 흡토,https://blog.naver.com/seokminjoo/223166479743
2023-07-26,,https://blog.naver.com/brad-ha
2023-07-26,익선동맛집 아삐뽀레,https://blog.naver.com/brad-ha/223166254690
2023-07-26,,https://blog.naver.com/curve310
2023-07-26,익선동 맛집 익선동 익선잡방 인기가 상당한 곳 같죠?,https://blog.naver.com/curve310/223166243361
2023-07-26,,https://blog.naver.com/7f0q3lm1
2023-07-26,"서울은 대한민국의 수도이자, 가장 큰 도시로서 국내외에서 많은 관광객들이 찾는 입니다.",https://blog.naver.com/7f0q3lm1/223166225529
2023-07-27,,https://blog.naver.com/true_moments_of_life
2023-07-27,이색적인 익선동 카페 도넛 정수 익선에서 막걸리 도넛 즐겨요. 내돈내산 나들이♡,https://blog.naver.com/true_moments_of_life/223167963175
2023-07-27,,https://blog.naver.com/everydaywritting
2023-07-27,홋카이도의 전통맛을 즐길 수 있는 익선동맛집 히츠지야익선,https://blog.naver.com/everydaywritting/223167826101
2023-07-27,,https://blog.naver.com/omej88
2023-07-27,히츠지야익선 익선동맛집,https://blog.naver.com/omej88/223167184229
2023-07-28,,https://blog.naver.com/yonseirehab
2023-07-28,익선동 떡박물관~^^♡기대 이상의 장소!! 8층 갤러리도 꼭~ 들러보세요!!,https://blog.naver.com/yonseirehab/223168728340
2023-07-28,,https://blog.naver.com/dancheong_pic
2023-07-28,울산 북구 당사항에 종로 3가 포차 거리와 해녀촌을 옮겨온다면?,https://blog.naver.com/dancheong_pic/223168334067
2023-07-28,,https://blog.naver.com/crea20
2023-07-28,익선동데이트장소가 궁금하시다면 서울종로익선취향으로~,https://blog.naver.com/crea20/223168111637
2023-07-29,종로 T 호텔 종로 - 대한민국 서울 숙소,https://blog.naver.com/love_iu93/223169606319
2023-07-29,,https://blog.naver.com/yana3420
2023-07-29,[서울 종로] 종로3가역 종로 파스타 살롱순라,https://blog.naver.com/yana3420/223169570043
2023-07-29,,https://blog.naver.com/qldrmfqlfrmf-77
2023-07-29,간판없는가게 배부르게 먹기좋은 맛집추천 많은 가게라서 좋아요,https://blog.naver.com/qldrmfqlfrmf-77/223169282417
2023-07-30,,https://blog.naver.com/hat26832
2023-07-30,익선동 맛집 추천 : 익선디미방,https://blog.naver.com/hat26832/223169979865
2023-07-30,,https://blog.naver.com/control12663
2023-07-30,퓨전 서양식 전문점 익선동 [익선디미방],https://blog.naver.com/control12663/223169975761
2023-07-30,,https://blog.naver.com/sprengeri11
2023-07-30,리프레시 완료,https://blog.naver.com/sprengeri11/223169914569
2023-07-30,,https://blog.naver.com/twa03129
2023-07-30,종로 익선동 파스타 맛집 데이트 코스 추천 익선취향,https://blog.naver.com/twa03129/223169832033
2023-07-30,,https://blog.naver.com/phr606
2023-07-30,[익선동 카페] 곳곳이 포토존인 종로3가카페 낙원역 내돈내산 후기,https://blog.naver.com/phr606/223169576010
2023-07-31,,https://blog.naver.com/minsuhzzang
2023-07-31,"익선동 한식 찐맛집, 익선동 한식맛집 웨이팅 꿀팁, 익선동 데이트코스 맛집 추천 “익선애뜻”",https://blog.naver.com/minsuhzzang/223171250581
2023-07-31,익선동맛집 여기빼놓으면 섭하지 히츠지야익선,https://blog.naver.com/gksk3529/223171013038
2023-07-31,,https://blog.naver.com/ekrjs1132
2023-07-31,익선동맛집 히츠지야익선 여기구나,https://blog.naver.com/ekrjs1132/223171078277
2023-08-01,,https://blog.naver.com/jini_ss
2023-08-01,[서울/종로] 일본 감성 익선동 샤브샤브 맛집 웨이팅 팁_온천집 익선,https://blog.naver.com/jini_ss/223172076577
2023-08-01,,https://blog.naver.com/tip0222
2023-08-01,익선동맛집 일본훗카이도에서 온 징키스카 전문점 히츠지야익선,https://blog.naver.com/tip0222/223171813979
2023-08-01,,https://blog.naver.com/jaimeehope
2023-08-01,익선동 로컬 맛집 달랭이 기깔나네요,https://blog.naver.com/jaimeehope/223171499581
2023-08-01,,https://blog.naver.com/carinaalvarez
2023-08-01,종로3가 낙곱새 맛집 달랭이 맘에 쏙 들었네요,https://blog.naver.com/carinaalvarez/223171492791
2023-08-02,,https://blog.naver.com/yooa97
2023-08-02,2023 상반기 결산,https://blog.naver.com/yooa97/223173248831
2023-08-02,,https://blog.naver.com/askhdjaksdl
2023-08-02,"종로 맛집, 숨은 명소 '살롱순라'에서 맛과 분위기에 퐁당 빠져버린 나의 이야기",https://blog.naver.com/askhdjaksdl/223173239016
2023-08-02,익선동맛집 누룩 숙성방식을 사용해 잡내가없는 히츠지야익선,https://blog.naver.com/tip0311/223173221752
2023-08-02,,https://blog.naver.com/joe4104
2023-08-02,토마호크 양갈비가 맛있는 익선동맛집 히츠지야익선 추천,https://blog.naver.com/joe4104/223173176279
2023-08-02,,https://blog.naver.com/realryfresh
2023-08-02,"감성 폭발! 일본 감동의 맛, 양고기 맛집 히츠지야익선",https://blog.naver.com/realryfresh/223173168543
2023-08-02,,https://blog.naver.com/championjun
2023-08-02,익선동맛집 램고기맛집 히츠지야 익선,https://blog.naver.com/championjun/223172886347
2023-08-02,,https://blog.naver.com/ji_hyun0215
2023-08-02,익선동맛집 히츠지야익선 맛있는 램고기를 맛볼 수 있는 곳!,https://blog.naver.com/ji_hyun0215/223172528820
2023-08-02,,https://blog.naver.com/iytotoro95
2023-08-02,익선동맛집 히츠지야 익선,https://blog.naver.com/iytotoro95/223172564672
2023-08-02,,https://blog.naver.com/dambi317
2023-08-02,익선동맛집 히츠지야익선 양고기맛집,https://blog.naver.com/dambi317/223172406933
2023-08-02,,https://blog.naver.com/sohyun_001
2023-08-02,<익선동맛집> 익선동에서 즐기는 일본 감성! '히츠지야익선',https://blog.naver.com/sohyun_001/223172405865
2023-08-02,,https://blog.naver.com/cksgid1007
2023-08-02,익선동맛집) 익선동 가면 꼭 먹어야 하는 곳! 히츠지야익선,https://blog.naver.com/cksgid1007/223172341539
2023-08-02,,https://blog.naver.com/temporal_record
2023-08-02,익선동맛집 히츠지야익선에서 분위기좋게 데이트해요!,https://blog.naver.com/temporal_record/223172327272
2023-08-03,,https://blog.naver.com/ho2gm8z2
2023-08-03,골목길을 거닐며 떠오르는 추억과 풍경,https://blog.naver.com/ho2gm8z2/223174123190
2023-08-03,,https://blog.naver.com/bbolee4982
2023-08-03,외국인 친구와 한국여행 한다면 이 포스팅을 보세요 | 한국의 핵심만 즐기기-전망대/경복궁/광장시장 등,https://blog.naver.com/bbolee4982/223174013416
2023-08-03,,https://blog.naver.com/oogu_worker
2023-08-03,"[익선동 카페색기]""신옛찻집"", 차분하고 포근한 한옥카페",https://blog.naver.com/oogu_worker/223173946967
2023-08-04,,https://blog.naver.com/tnqls0108
2023-08-04,6월 맛집나들이1 [천하보쌈/밀토스트],https://blog.naver.com/tnqls0108/223174945729
2023-08-04,,https://blog.naver.com/beigewood
2023-08-04,"샌프란시스코 2박3일 :: 소살리토, 금문교, 그레이스 대성당, 알카트라즈섬, Pier39, 시청, 기라델리스퀘어, 뮤니케이블카 230124",https://blog.naver.com/beigewood/223174506851
2023-08-04,,https://blog.naver.com/crcmcd
2023-08-04,체리언니 카페투어_96 / 종로 맛집 베이커리 카페 도토리가든,https://blog.naver.com/crcmcd/223174189710
2023-08-04,,https://blog.naver.com/weigh70595
2023-08-04,익선동 퓨전서양요리가 맛있던 익선디미방,https://blog.naver.com/weigh70595/223174381418
2023-08-05,,https://blog.naver.com/h62486
2023-08-05,익선동 주차 꿀팁 / 모두의 주차장 초대코드 / 익선동 볼거리,https://blog.naver.com/h62486/223175234010
2023-08-06,,https://blog.naver.com/rhdms1225
2023-08-06,"종로3가사주카페 익선, 통하다에서 엄마랑 익선동데이트",https://blog.naver.com/rhdms1225/223176141089
2023-08-06,,https://blog.naver.com/naneunbaram
2023-08-06,(서울/종로)익선동한옥카페 숲에 온듯한 느낌의 카페 아삐뽀레(Appi Foret),https://blog.naver.com/naneunbaram/223176007426
2023-08-07,서울산책길 걸을만한 곳 서순라길 종로 데이트명소,https://blog.naver.com/ljy0911/223177452749
2023-08-07,,https://blog.naver.com/shinjh0205
2023-08-07,"[2023년 7월 4주차] 푸르던 날들로 내몰린 젊은 우리는,",https://blog.naver.com/shinjh0205/223177364828
2023-08-07,,https://blog.naver.com/dazzle-log
2023-08-07,종로 맛집 추천! 익선동 파스타 맛집 [돈부리 파스타] / 내돈내산 리뷰,https://blog.naver.com/dazzle-log/223177271007
2023-08-07,,https://blog.naver.com/hsy6465
2023-08-07,즐거운 금요일 저녁 익선동 맛집 이태리 총각에서 파스타와 피자로 행복한 시간을 보냈어요.....,https://blog.naver.com/hsy6465/223177125379
2023-08-07,,https://blog.naver.com/itrealestate
2023-08-07,"레트로 감성의 돌담길, 익선동 옆 '서순라길' 상권 | 지역상권 소개",https://blog.naver.com/itrealestate/223177050298
2023-08-07,"서울 데이트 코스 종로 한옥 상촌재 무계원, 서울 비오는날 갈만한곳",https://blog.naver.com/lbmoon68/223176873891
2023-08-08,서울 종로 아이와 가볼만한곳 운현궁 광화문광장 여름 야경,https://blog.naver.com/virginia07/223178610374
2023-08-08,,https://blog.naver.com/t2iv9jtr
2023-08-08,"설레임 가득한 여행, 지금은 랜선으로 즐기는 힐링 타임",https://blog.naver.com/t2iv9jtr/223177846141
2023-08-08,,https://blog.naver.com/spoiler_12
2023-08-08,"[카페,먹방] 익선동 투어 모음집 (2월 설연휴, 3월 카페)",https://blog.naver.com/spoiler_12/223177699527
2023-08-08,,https://blog.naver.com/page01
2023-08-08,종로3가 루프탑 카페 라르티스타 익선동 데이트 코스,https://blog.naver.com/page01/223177694664
2023-08-09,,https://blog.naver.com/yeajin1479
2023-08-09,익선애뜻 평일 웨이팅 소름 돋았던 익선동한옥거리맛집,https://blog.naver.com/yeajin1479/223179525454
2023-08-09,,https://blog.naver.com/godgodwjd
2023-08-09,익선동맛집 히츠지야익선에서 맛있는 저녁 추천이요,https://blog.naver.com/godgodwjd/223179390255
2023-08-09,,https://blog.naver.com/jeong2360
2023-08-09,경주 가볼만한곳_경주의 핫플레이스는 모두 이곳에?!경주황리단길,https://blog.naver.com/jeong2360/223179386184
2023-08-09,,https://blog.naver.com/skyfox_1004
2023-08-09,익선애뜻 익선동찐맛집 종로 익선동 데이트 코스,https://blog.naver.com/skyfox_1004/223179321394
2023-08-09,,https://blog.naver.com/dixioixib
2023-08-09,일본감성을 즐길 수 있는 익선동맛집 양고기맛집 히츠지야익선,https://blog.naver.com/dixioixib/223179297413
2023-08-09,,https://blog.naver.com/richseoyuni
2023-08-09,히츠지야익선 종로 양고기 회식은 익선동맛,https://blog.naver.com/richseoyuni/223179218746
2023-08-09,,https://blog.naver.com/xhxhaka486
2023-08-09,종로맛집 익선동맛집 파스타맛집 오늘그대와 익선,https://blog.naver.com/xhxhaka486/223179190381
2023-08-09,익선동맛집 히츠지야익선 눈에 쏙,https://blog.naver.com/ekrjs1132/223179182594
2023-08-09,,https://blog.naver.com/s126416
2023-08-09,서울 익선동맛집 히츠지야 익선점 입니다.,https://blog.naver.com/s126416/223179175181
2023-08-09,,https://blog.naver.com/deresa055
2023-08-09,익선동맛집 히츠지야익선,https://blog.naver.com/deresa055/223179050141
2023-08-09,,https://blog.naver.com/desire1450
2023-08-09,[일상]익선동데이트/익선잡방/오타르/플리마켓,https://blog.naver.com/desire1450/223178940707
2023-08-10,,https://blog.naver.com/jerrys_blog
2023-08-10,"[8월 서울 2] “갑자기 분위기 뉴진스 팝업스토어” - 뉴진스 팝업스토어, , 광장시장, 반포 한강공원",https://blog.naver.com/jerrys_blog/223180452102
2023-08-10,,https://blog.naver.com/120seoulcall
2023-08-10,"거닐다 쉬어가기 좋은 종로구 한옥 3곳, 힐링 탐방기!",https://blog.naver.com/120seoulcall/223179902765
2023-08-10,,https://blog.naver.com/insunnydays
2023-08-10,익선동맛집 히츠지야익선,https://blog.naver.com/insunnydays/223179936998
2023-08-10,,https://blog.naver.com/tlsdud0408
2023-08-10,히츠지야익선 가성비 양고기 익선동맛집,https://blog.naver.com/tlsdud0408/223179777813
2023-08-10,,https://blog.naver.com/shiny0627
2023-08-10,여자 혼자 터키(튀르키예)여행 #5 지중해/안탈리아 구시가지/하드리아누스의 문/카이막/파묵칼레/온천 호텔 추천,https://blog.naver.com/shiny0627/223179735073
2023-08-10,,https://blog.naver.com/piguring
2023-08-10,['서울 종로] 아삐뽀레 | 북촌의 감성을 책임지는 감성 카페(a.k.a 포토존 맛집),https://blog.naver.com/piguring/223179020238
2023-08-11,믿음직한 히츠지야익선 익선동맛집,https://blog.naver.com/omej88/223181425854
2023-08-11,,https://blog.naver.com/tak320
2023-08-11,수원 데이트코스 괜찮은 행궁동 피자 맛집 백스트리트피자,https://blog.naver.com/tak320/223181424581
2023-08-11,,https://blog.naver.com/styleoflife
2023-08-11,일본식 숙성고기 맛볼 수 있는 서울 익선동 맛집 히츠지야익선,https://blog.naver.com/styleoflife/223181351827
2023-08-11,익선동맛집 분위기맛집 히츠지야익선,https://blog.naver.com/championjun/223181226357
2023-08-11,익선동맛집 으로 유명한 히츠지야익선,https://blog.naver.com/dambi317/223181259970
2023-08-11,익선동맛집 데이트커플들의 명소 예약장소로 유명한 히츠지야익선,https://blog.naver.com/tip0222/223181240520
2023-08-11,익선동맛집 히츠지야익선 데이트코스로 필수!,https://blog.naver.com/temporal_record/223181236439
2023-08-11,익선동맛집 데이트코스추천 히츠지야익선,https://blog.naver.com/ji_hyun0215/223181015206
2023-08-11,,https://blog.naver.com/vbghks123
2023-08-11,[익선동맛집] 커플들 데이트 코스로 추천하는 히츠지야익선,https://blog.naver.com/vbghks123/223181074234
2023-08-11,,https://blog.naver.com/yun02ss
2023-08-11,종로 맛집 퓨전음식점인 더멜란지 추천해요.,https://blog.naver.com/yun02ss/223181039174
2023-08-11,[익선동맛집] 리얼 일본식으로 구성된 '히츠지야익선',https://blog.naver.com/sohyun_001/223181017425
2023-08-11,,https://blog.naver.com/lovelyee__
2023-08-11,익선동맛집 히츠지야익선 양고기 주류 무한리필 가능!,https://blog.naver.com/lovelyee__/223180962946
2023-08-11,,https://blog.naver.com/rigelist
2023-08-11,익선동맛집 일본식 양고기맛집 히츠지야익선에서 맛보세요,https://blog.naver.com/rigelist/223180558631
2023-08-12,,https://blog.naver.com/yuchae567
2023-08-12,익선동 데이트코스 핫한 디저트 맛집 '치즈 인더스트리',https://blog.naver.com/yuchae567/223182122272
2023-08-12,,https://blog.naver.com/oe1du7v8
2023-08-12,익선동맛집 '오늘그대와 익선' - 조용한 분위기의 데이트 명소!,https://blog.naver.com/oe1du7v8/223181923110
2023-08-12,,https://blog.naver.com/jajahun0305
2023-08-12,더멜란지 종로 맛집 핫플로 소문난 맛집,https://blog.naver.com/jajahun0305/223181728087
2023-08-12,,https://blog.naver.com/dsa9904333
2023-08-12,"종로 맛집 최고의 서비스와 분위기로 데이트 명소, 핫플로 소문난 맛집인 더멜란지",https://blog.naver.com/dsa9904333/223181633456
2023-08-12,,https://blog.naver.com/sckv2900
2023-08-12,종로 맛집 추천 더멜란지,https://blog.naver.com/sckv2900/223181621389
2023-08-12,,https://blog.naver.com/gg_bangul
2023-08-12,익선동 가볼만한 데이트 명소 살롱순라,https://blog.naver.com/gg_bangul/223181492881
2023-08-13,,https://blog.naver.com/quite2638
2023-08-13,[익선동맛집] 국물 파스타와 스테이크가 먹고 싶을 땐 익선동 ‘익선디미방’,https://blog.naver.com/quite2638/223182852897
2023-08-13,,https://blog.naver.com/thakdryrn
2023-08-13,창덕궁 주차,https://blog.naver.com/thakdryrn/223182729233
2023-08-13,,https://blog.naver.com/gkwooyr
2023-08-13,서울 익선동 맛집 ㅣ 안국역 데이트코스 파스타 리조또 맛집 'After work33(에프터 워크33)',https://blog.naver.com/gkwooyr/223182621372
2023-08-13,,https://blog.naver.com/bnv5823
2023-08-13,"더멜란지 종로 맛집 최고의 서비스와 분위기로 데이트명소, 핫플로 소문난 맛집이였어요",https://blog.naver.com/bnv5823/223182326337
2023-08-13,,https://blog.naver.com/yyyyyiseul
2023-08-13,[경주여행] 황리단길 사진 찍기 좋은 카페 추천 분좋카 - 청수당 경주,https://blog.naver.com/yyyyyiseul/223177868638
2023-08-14,,https://blog.naver.com/gbwl3970
2023-08-14,6월엔 뭘 했을까?,https://blog.naver.com/gbwl3970/223183774120
2023-08-14,,https://blog.naver.com/cczdwb031
2023-08-14,"[동대문역사공원] ProjecD,[청계천/을지로 카페] 번트 서울",https://blog.naver.com/cczdwb031/223183750239
2023-08-14,,https://blog.naver.com/lekw5004
2023-08-14,푸짐한 음식으로 기운 보필 수 있는 익선동맛집 간판없는가게,https://blog.naver.com/lekw5004/223183545178
2023-08-14,,https://blog.naver.com/ksk2052_
2023-08-14,더멜란지는 많은사람들이 인정하고찾아가는 종로 맛집,https://blog.naver.com/ksk2052_/223183231053
2023-08-14,,https://blog.naver.com/skylovess
2023-08-14,종로 맛집 더멜란지 창덕궁 종로3가 광화문 우니 삼합 리조또 이베리코 차슈 스테이크,https://blog.naver.com/skylovess/223183209247
2023-08-14,,https://blog.naver.com/par56
2023-08-14,종로 맛집 최고의 서비스와 분위기로 데이트 명소 더멜란지,https://blog.naver.com/par56/223183203012
2023-08-14,,https://blog.naver.com/nse1hz20
2023-08-14,익선동맛집 '오늘그대와 익선' - 파스타 메뉴 다양성과 시선을 사로잡는 메뉴판 디자인,https://blog.naver.com/nse1hz20/223183198043
2023-08-14,,https://blog.naver.com/rrwrwrw11
2023-08-14,히츠지야익선 양고기화로구이 일본감성 익선동맛집,https://blog.naver.com/rrwrwrw11/223182353038
2023-08-14,,https://blog.naver.com/0228me
2023-08-14,젊음의 거리가 공실의 거리로(feat.가로수길의 추락),https://blog.naver.com/0228me/223183004735
2023-08-15,,https://blog.naver.com/sukkdal
2023-08-15,홍대카페 연남맛집 데이트 장소로 좋은 포토존 감성카페 청수당공명,https://blog.naver.com/sukkdal/223184541222
2023-08-15,,https://blog.naver.com/xyfs2907
2023-08-15,흠뻑 반했던 익선동맛집 간판없는가게,https://blog.naver.com/xyfs2907/223184491882
2023-08-15,,https://blog.naver.com/yyal0610
2023-08-15,풍부한 맛을 제공하는 익선동맛집 간판없는가게,https://blog.naver.com/yyal0610/223184461613
2023-08-15,,https://blog.naver.com/suuny1029
2023-08-15,익선동맛집 양고기무한리필로 맛있게 즐길수 있는 히츠지야익선,https://blog.naver.com/suuny1029/223184430294
2023-08-15,,https://blog.naver.com/z5523131
2023-08-15,[종로] 익선취향 / 익선동 맛집,https://blog.naver.com/z5523131/223184399151
2023-08-15,,https://blog.naver.com/kmj16167
2023-08-15,"익선동데이트코스 - 오늘그대와(익선동맛집, 알리오올리오, 부채살 라구리조또, 무화과카나페 후기)",https://blog.naver.com/kmj16167/223184372385
2023-08-15,,https://blog.naver.com/ch_rrryn
2023-08-15,[종로] 라르티스타 | 종로 루프탑 카페! 익선동 데이트 코스 추천♡,https://blog.naver.com/ch_rrryn/223184173208
2023-08-15,,https://blog.naver.com/m_guuu
2023-08-15,스키야키 맛있는 익선동맛집 히츠지야익선 생방송투데이 2004회 방영!,https://blog.naver.com/m_guuu/223184097935
2023-08-15,,https://blog.naver.com/woojuin1208
2023-08-15,종로 맛집 추천 데이트 명소로 불리는 더멜란지,https://blog.naver.com/woojuin1208/223183999814
2023-08-15,,https://blog.naver.com/wnsdlvkej
2023-08-15,세종썸머페스티벌: Groove 및 광화문광장 근처 가볼만한곳 추천,https://blog.naver.com/wnsdlvkej/223183528554
2023-08-15,,https://blog.naver.com/loveiss8357
2023-08-15,종로 맛집으로 유명한 더멜란지,https://blog.naver.com/loveiss8357/223183941035
2023-08-16,,https://blog.naver.com/rosyeunn
2023-08-16,[서울 종로/소문난마산아구] 종로3가역 낙원동 아구찜 맛집,https://blog.naver.com/rosyeunn/223185437636
2023-08-16,,https://blog.naver.com/rubymoon__
2023-08-16,카페 일트 ILLT coffee :: 서울 종로 창경궁 디저트 종묘 서순라길 테라스 카페 종로5가 뷰 맛집 ✨,https://blog.naver.com/rubymoon__/223185114774
2023-08-16,,https://blog.naver.com/tani_days
2023-08-16,"[익선동 사주, 관상, 손금] 익선통하다 / 내가 왕이 될 상인가?",https://blog.naver.com/tani_days/223185094510
2023-08-16,,https://blog.naver.com/kim369875
2023-08-16,종로 맛집데이트하기 좋은 더멜란지,https://blog.naver.com/kim369875/223185050456
2023-08-16,익선동맛집 히츠지야익선,https://blog.naver.com/deresa055/223185002037
2023-08-16,,https://blog.naver.com/gkxmgg22
2023-08-16,데이트하기 좋은 퓨전음식점 종로 맛집 더멜란지,https://blog.naver.com/gkxmgg22/223184884694
2023-08-16,,https://blog.naver.com/yjuyoung
2023-08-16,서울 당일치기 도보코스 광화문분수광장 청계천 광장시장 동대문문구거리,https://blog.naver.com/yjuyoung/223184879584
2023-08-16,,https://blog.naver.com/ca0osuao
2023-08-16,서울의 골목길 명소: 아날로그 감성이 묻어나는 서울의 보석들,https://blog.naver.com/ca0osuao/223184674700
2023-08-17,,https://blog.naver.com/hwaitoto
2023-08-17,"[도서리뷰] 있는 공간, 없는 공간(대한민국 1등 핫플레이스의 법칙) : 글로우서울 대표 유정수",https://blog.naver.com/hwaitoto/223186310762
2023-08-17,,https://blog.naver.com/rupyrang
2023-08-17,[서울/종로] 익선동 초초 핫플 한옥 카페 '청수당' 평일 저녁 웨이팅,https://blog.naver.com/rupyrang/223186203916
2023-08-17,,https://blog.naver.com/happy_7744
2023-08-17,감성있는공간 가족 모임하기 좋은 파스타맛집 간판없는가게,https://blog.naver.com/happy_7744/223186149781
2023-08-17,,https://blog.naver.com/csm6755-2
2023-08-17,더 멜란지 유명한 종로 맛집,https://blog.naver.com/csm6755-2/223185965363
2023-08-17,,https://blog.naver.com/miidmisoon
2023-08-17,종로 맛집 더멜란지,https://blog.naver.com/miidmisoon/223185907494
2023-08-17,,https://blog.naver.com/napol3891
2023-08-17,종로 순라길의 최고 맛집 더멜란지,https://blog.naver.com/napol3891/223185769441
2023-08-17,,https://blog.naver.com/gocks3691
2023-08-17,새로 오픈 된 데이트하며 즐기기 좋은 더멜란지 종로 맛집,https://blog.naver.com/gocks3691/223185769178
2023-08-17,히츠지야익선 익선동맛집 나카스 포장마차거리 홋카이도 양고기 무한리필점,https://blog.naver.com/s126416/223185716964
2023-08-17,,https://blog.naver.com/jbbj7790
2023-08-17,"[익선동맛집] 한옥뷰 맛집, 익선동 데이트코스로 강추 “빠삭 족발”",https://blog.naver.com/jbbj7790/223185701630
2023-08-17,,https://blog.naver.com/bcgv3183
2023-08-17,로맨틱한 익선동맛집 간판없는가게,https://blog.naver.com/bcgv3183/223185662686
2023-08-17,,https://blog.naver.com/mhku0087
2023-08-17,둘러볼 가치가 있는 익선동맛집 간판없는가게,https://blog.naver.com/mhku0087/223185659846
2023-08-17,,https://blog.naver.com/gagm37
2023-08-17,서울에서 유명한 사주타로샵을 소개합니다,https://blog.naver.com/gagm37/223185620870
2023-08-18,,https://blog.naver.com/gkfbfdl1
2023-08-18,"익선동맛집 소고기집 미도갈비에서 즐기는 회식, 종로 명물이야",https://blog.naver.com/gkfbfdl1/223187401741
2023-08-18,익선동 카페 티퍼런스 서울 데이트코스 핫플 하트시그널 티클래스,https://blog.naver.com/alswl0224/223187387139
2023-08-18,익선동 가볼만한곳 복합문화공간 데이트 카페 티퍼런스 서울,https://blog.naver.com/amyangela/223187380125
2023-08-18,익선동 카페 티퍼런스 서울 하트시그널 겨레 지영 데이트 코스,https://blog.naver.com/lemonic119/223187287390
2023-08-18,,https://blog.naver.com/oxxin
2023-08-18,종로 맛집 더멜란지에서 식사모임 만족!,https://blog.naver.com/oxxin/223187205606
2023-08-18,,https://blog.naver.com/zofh_89
2023-08-18,종로맛집 스테이크 맛집 '더멜란지',https://blog.naver.com/zofh_89/223187042476
2023-08-18,,https://blog.naver.com/032gms
2023-08-18,"[오늘의 맛집 소식] 23.08.18 '사당귀' 정지선 ""中유학 시절, 맛집 쓰레기통 확인"" & ‘무빙’ 한효주♥조인성, 목숨 건 키스 엔딩 ‘로맨스 맛집’ & 정부가 인정한 맛",https://blog.naver.com/032gms/223186731977
2023-08-18,,https://blog.naver.com/nar261
2023-08-18,"종로 데이트 맛집 살롱순라, 한옥을 배경으로 파스타와 피자 즐기기",https://blog.naver.com/nar261/223186687291
2023-08-18,,https://blog.naver.com/zjab1510
2023-08-18,맛의 찬미가 느껴지는 익선동맛집 간판없는가게,https://blog.naver.com/zjab1510/223186632661
2023-08-19,,https://blog.naver.com/ley5069
2023-08-19,종로 맛집 데이트맛집 더멜란지,https://blog.naver.com/ley5069/223187870438
2023-08-19,,https://blog.naver.com/soeun_330
2023-08-19,익선동의 한옥 감성 가득한 종로 데이트 코스 추천 살롱순라!,https://blog.naver.com/soeun_330/223187702569
2023-08-19,제주공항 근처 마사지 가볼만한 곳 : 면역공방 제주 스파 도두동 힐링 명소,https://blog.naver.com/jootime/223187468252
2023-08-20,,https://blog.naver.com/sososay2
2023-08-20,2023년 다시 거슬러 올라가는 일상 모음집 1편,https://blog.naver.com/sososay2/223188793305
2023-08-20,,https://blog.naver.com/happydohyec
2023-08-20,한옥스테이(국내 여행 대세 감성 한옥) 서울에서 갈만한 곳 추천,https://blog.naver.com/happydohyec/223188780916
2023-08-20,,https://blog.naver.com/sad7548
2023-08-20,"데이트명소, 핫플로 소문난 맛집 더멜란지 종로 맛집",https://blog.naver.com/sad7548/223188313531
2023-08-20,,https://blog.naver.com/spami72
2023-08-20,"더멜란지 창덕궁, 종로3가, 광화문 맛집으로 소문난 종로 맛집",https://blog.naver.com/spami72/223188288109
2023-08-20,,https://blog.naver.com/95lmk_
2023-08-20,종로 맛집 후기 더멜란지,https://blog.naver.com/95lmk_/223188273399
2023-08-20,,https://blog.naver.com/mmua_
2023-08-20,퓨전 양식을 마음껏 즐길 수 있는 종로 맛집 더멜란지,https://blog.naver.com/mmua_/223188269827
2023-08-20,,https://blog.naver.com/faat6780
2023-08-20,세련된 익선동맛집 간판없는가게,https://blog.naver.com/faat6780/223188240322
2023-08-20,,https://blog.naver.com/ahnty0122
2023-08-20,연남동 데이트코스 추천합니다.,https://blog.naver.com/ahnty0122/223188213480
2023-08-21,,https://blog.naver.com/ghdduswn2892
2023-08-21,더멜란지 종로 맛집,https://blog.naver.com/ghdduswn2892/223189646233
2023-08-21,,https://blog.naver.com/ast2023
2023-08-21,종로 맛집 - 더멜란지,https://blog.naver.com/ast2023/223189578275
2023-08-21,,https://blog.naver.com/hanastar778
2023-08-21,시선을 사로잡는 종로 맛집 더멜란지,https://blog.naver.com/hanastar778/223189522423
2023-08-21,,https://blog.naver.com/dhzldhzl1212
2023-08-21,"""더멜란지""는 테이크, 파스타, 샐러드 종로 맛집입니다.",https://blog.naver.com/dhzldhzl1212/223189426832
2023-08-21,,https://blog.naver.com/suwonrainbow
2023-08-21,수원 행리단길 단독주택 급매 추천매물,https://blog.naver.com/suwonrainbow/223189409906
2023-08-21,,https://blog.naver.com/godqhrgowlwk777
2023-08-21,더멜란지 푸짐하고 맛이좋은 종로 맛집,https://blog.naver.com/godqhrgowlwk777/223189341476
2023-08-21,,https://blog.naver.com/gesica80
2023-08-21,"종로 맛집 ""더멜란지""",https://blog.naver.com/gesica80/223189309757
2023-08-21,,https://blog.naver.com/srbeautybox
2023-08-21,"퀘백 자유여행 당일치기: 퀘백 가는 방법, 퀘백 맛집,꼭 가야하는 곳",https://blog.naver.com/srbeautybox/223189290170
2023-08-21,,https://blog.naver.com/fgwf3693
2023-08-21,우리 동네 인기 맛집 익선동맛집 간판없는가게,https://blog.naver.com/fgwf3693/223189165185
2023-08-22,,https://blog.naver.com/hailey_-
2023-08-22,[익선동 맛집] 오늘 그대와 익선 데이트 코스 추천,https://blog.naver.com/hailey_-/223190754834
2023-08-22,,https://blog.naver.com/shiningmode
2023-08-22,익선동맛집 양고기를 맛있게 배부르게 먹을수 있는 히츠지야익선,https://blog.naver.com/shiningmode/223190638059
2023-08-22,,https://blog.naver.com/smlieboy82
2023-08-22,종로맛집 신상퓨전맛집 더멜란지,https://blog.naver.com/smlieboy82/223190469914
2023-08-22,,https://blog.naver.com/sk1021008
2023-08-22,젊음이 넘쳐났던 종로 익선동 한옥마을...,https://blog.naver.com/sk1021008/223190445190
2023-08-22,,https://blog.naver.com/kuan5427
2023-08-22,우리집 같은 분위기 익선동맛집 간판없는가게,https://blog.naver.com/kuan5427/223190409489
2023-08-22,,https://blog.naver.com/rottenhs
2023-08-22,"최고의 서비스와 분위기로 데이트명소, 핫플로 소문난 맛집 '더멜란지' 종로 맛집",https://blog.naver.com/rottenhs/223190321602
2023-08-22,,https://blog.naver.com/nswon97
2023-08-22,종로 맛집 더멜란지,https://blog.naver.com/nswon97/223190309743
2023-08-22,,https://blog.naver.com/chaewon0317
2023-08-22,익선동맛집 일본 나카스 포장마차거리 감성 히츠지야익선 방문 후기,https://blog.naver.com/chaewon0317/223190118715
2023-08-22,,https://blog.naver.com/steam3862
2023-08-22,"[종로3가역,익선동] 부챗찰, 파스타, 리조또 맛집_익선디미방",https://blog.naver.com/steam3862/223189978954
2023-08-23,,https://blog.naver.com/fish7629
2023-08-23,[직장인일상]벚꽃날의 일상을 청산하러 왔단다,https://blog.naver.com/fish7629/223191811387
2023-08-23,,https://blog.naver.com/sweetspot16
2023-08-23,분위기깡패 익선동 유명 맛집 간판없는가게,https://blog.naver.com/sweetspot16/223191645578
2023-08-23,,https://blog.naver.com/hjl0610
2023-08-23,익선애뜻 익선동 한옥거리 맛집 정원뷰가 좋은 데이트 코스,https://blog.naver.com/hjl0610/223191108826
2023-08-23,익선동 가볼만한곳 서울 카페 하이웨스트 한옥거리 데이트 놀거리 빵지순례!,https://blog.naver.com/everlsk/223191004502
2023-08-23,,https://blog.naver.com/oerd5402
2023-08-23,조용하면서도 아늑한 분위기가 좋은 익선동맛집 간판없는가게,https://blog.naver.com/oerd5402/223190931766
2023-08-23,,https://blog.naver.com/fmms3492
2023-08-23,맛의 향긋함이 향수처럼 남는 익선동맛집 간판없는가게,https://blog.naver.com/fmms3492/223190930920
2023-08-24,,https://blog.naver.com/ydss0913
2023-08-24,종로 익선동 낙원역 한옥과 기찻길이 만나는 포토존 카페 맛집,https://blog.naver.com/ydss0913/223192673225
2023-08-24,또보겠지떡볶이 종로 핫플 젊음의거리 서울 데이트코스,https://blog.naver.com/luvxox/223192548100
2023-08-24,익선동 한옥거리 데이트 낙원상가 서울커피,https://blog.naver.com/zkssk35/223192535990
2023-08-24,경주 황리단길 아기랑 나들이 무료 주차장 꿀tip,https://blog.naver.com/ohyoung_/223192354072
2023-08-24,,https://blog.naver.com/hanul_semi
2023-08-24,"행복한 사진과 멋진 음식의 추억을, 간판없는가게 나만알고싶은 익선동핫플",https://blog.naver.com/hanul_semi/223192161646
2023-08-24,,https://blog.naver.com/gooddaybooks
2023-08-24,"가족 모임하기 좋은 파스타맛집, 익선동 최고의 핫플 맛집, 간판없는가게 ^^",https://blog.naver.com/gooddaybooks/223192143830
2023-08-24,"[오늘의 맛집 소식] 23.08.24 ""하이볼 맛집은 어디?"" 트랜스베버리지, 하이볼 가이드 캠페인 & 롯데백화점 광주점, 지역 떡 맛집 '보향떡집' 입점 & [IS인터뷰] “아",https://blog.naver.com/032gms/223191999126
2023-08-25,,https://blog.naver.com/ariel_____
2023-08-25,[잠실송리단길] 돈부리파스타 잠실 송리단길맛집 파스타 데이트코스,https://blog.naver.com/ariel_____/223193162030
2023-08-25,,https://blog.naver.com/dailytrip_
2023-08-25,"이 연애는 불가항력 재방송 l 원작, ott, 포항 가볼만한곳 등 총정리",https://blog.naver.com/dailytrip_/223192941036
2023-08-26,,https://blog.naver.com/pignavigator
2023-08-26,"잠실/송리단길:: 데이트 코스로 파스타랑 오므라이스 먹으러 가는 핫플, 송리단취향",https://blog.naver.com/pignavigator/223194336033
2023-08-26,,https://blog.naver.com/csoquswq
2023-08-26,"종로에서 찾은 힙한 맛의 섬, 살롱순라의 숨겨진 매력을 알려드려요",https://blog.naver.com/csoquswq/223194300877
2023-08-26,,https://blog.naver.com/8dzw8u9v
2023-08-26,내맘에 쏙 들어온~ 익선동맛집반기다 반기다 후기,https://blog.naver.com/8dzw8u9v/223193730964
2023-08-26,종로 익선동 장미향 가득한 추천 한옥 카페 <아삐뽀레>,https://blog.naver.com/zaerac/223191051155
2023-08-27,,https://blog.naver.com/hellofany11
2023-08-27,[시애틀커피하우스] 말차슈페너맛집 | 종로3가역카페 | 종로맛집 | 서울3대아인슈페너맛집 | 크림커피맛집 | 종로크림커피맛집,https://blog.naver.com/hellofany11/223195031996
2023-08-27,,https://blog.naver.com/compound_interest_72
2023-08-27,"[가족여행] 서울구경 (feat. 인사동, 경복궁, 청와대, 방산시장)",https://blog.naver.com/compound_interest_72/223195012631
2023-08-27,,https://blog.naver.com/miju_1991
2023-08-27,"익선동맛집, 일본 맛집 히츠지야익선 삿포로 양고기 화로구이 맛보기""",https://blog.naver.com/miju_1991/223195010888
2023-08-27,,https://blog.naver.com/econom1st
2023-08-27,자연도 소금빵 & 자연도가 ... 소금빵 & 익선나무그늘차,https://blog.naver.com/econom1st/223194724979
2023-08-27,,https://blog.naver.com/rachata162
2023-08-27,사랑이라 부를 수 있겠다 너를,https://blog.naver.com/rachata162/223194466069
2023-08-27,,https://blog.naver.com/alrud8823
2023-08-27,종로3가 익선동 분위기 좋은 한옥 레스토랑 [살롱순라] 양식 맛집 추천,https://blog.naver.com/alrud8823/223194414682
2023-08-28,,https://blog.naver.com/scj4107
2023-08-28,연남동 한옥에서 즐기는 한옥와인펍 [연남한양집]/연남동 데이트 코스 추천!,https://blog.naver.com/scj4107/223196049806
2023-08-28,,https://blog.naver.com/sunflowermiya
2023-08-28,종로 맛집 데이트 장소로 최고인 맛집 더멜란지,https://blog.naver.com/sunflowermiya/223196024471
2023-08-28,,https://blog.naver.com/jobary1
2023-08-28,어서와 한국살이는 처음이지 15회 프래 마오 올레나 트우파 3인방 서울 명소 익선동 포장마차 번데기탕,https://blog.naver.com/jobary1/223195974185
2023-08-28,,https://blog.naver.com/rabellar
2023-08-28,분위기 모두 훌륭한 더멜란지 종로 맛집,https://blog.naver.com/rabellar/223195901064
2023-08-28,,https://blog.naver.com/orionhj0728
2023-08-28,종로 맛집 분위기 좋은 맛집 더멜란지,https://blog.naver.com/orionhj0728/223195877850
2023-08-28,,https://blog.naver.com/vhdpqj48
2023-08-28,종로 맛집 더멜란지,https://blog.naver.com/vhdpqj48/223195848853
2023-08-28,,https://blog.naver.com/s0305-
2023-08-28,더멜란지 종로 맛집,https://blog.naver.com/s0305-/223195840163
2023-08-28,,https://blog.naver.com/gn_consulting
2023-08-28,유커 한국단체관광 재개! 선호하는 한국 여행지는?,https://blog.naver.com/gn_consulting/223195604458
2023-08-28,,https://blog.naver.com/rlaqkrrla444
2023-08-28,"충남 태안 여행 2박3일 가볼만한 곳 추천 [태안 가을 여행지 추천 천리포수목원, 청산수목원 등]",https://blog.naver.com/rlaqkrrla444/223195425296
2023-08-28,,https://blog.naver.com/0b8wt34h1
2023-08-28,"아름다운 서울, 그 매력에 빠져보세요!",https://blog.naver.com/0b8wt34h1/223195171464
2023-08-29,,https://blog.naver.com/design_soso
2023-08-29,익선동맛집 2 히츠지야익선 안가보신 분은 말을 마세요!,https://blog.naver.com/design_soso/223197115913
2023-08-29,,https://blog.naver.com/f2fa74qm
2023-08-29,서울하면 떠오르는 대표적인 관광명소들,https://blog.naver.com/f2fa74qm/223197073622
2023-08-29,,https://blog.naver.com/soozzini
2023-08-29,감격의 1박2일,https://blog.naver.com/soozzini/223197042262
2023-08-29,,https://blog.naver.com/pabian999
2023-08-29,"종로 맛집 더멜란지, 고품진 양식을 느끼고 싶다면 더멜란지로!",https://blog.naver.com/pabian999/223196781211
2023-08-29,,https://blog.naver.com/dhs_5258
2023-08-29,데이트 코스로 딱인 종로 맛집 더멜란지,https://blog.naver.com/dhs_5258/223196769848
2023-08-29,,https://blog.naver.com/didmskang19
2023-08-29,종로 맛집 유럽 풍의 퓨전양식 핫플 더멜란지,https://blog.naver.com/didmskang19/223196762861
2023-08-29,,https://blog.naver.com/accord12919
2023-08-29,익선동 분위기 좋은 한옥 브런치 맛집 익선잡방 (메뉴추천),https://blog.naver.com/accord12919/223196625791
2023-08-29,,https://blog.naver.com/ga_young94
2023-08-29,"성수동 신상카페 | 성수에도 새로 생긴 영종도 소금빵 맛집 추천, ‘자연도소금빵 in 성수’",https://blog.naver.com/ga_young94/223196404178
2023-08-29,,https://blog.naver.com/mlikjoayo
2023-08-29,익선동맛집 히츠지야익선 데이트 커플들의 명소 !,https://blog.naver.com/mlikjoayo/223195986280
2023-08-30,,https://blog.naver.com/fyculojm
2023-08-30,"부산과 서울, 두 도시의 아름다운 숨은 명소들",https://blog.naver.com/fyculojm/223198029522
2023-08-30,,https://blog.naver.com/miinding
2023-08-30,리치몬드 익선동 딤섬 맛집,https://blog.naver.com/miinding/223197863382
2023-08-30,,https://blog.naver.com/012kim
2023-08-30,더멜란지 종로맛집 소품 하나하나 애정이 가득한 곳,https://blog.naver.com/012kim/223197677454
2023-08-30,,https://blog.naver.com/emuya
2023-08-30,데이트명소 핫플레이스 종로 맛집 더멜란지 친구들과 다녀왔어요,https://blog.naver.com/emuya/223197675890
2023-08-30,,https://blog.naver.com/befeertty
2023-08-30,[#경주] 비 온 뒤 맑음,https://blog.naver.com/befeertty/223197527992
2023-08-30,,https://blog.naver.com/breatheinandout
2023-08-30,여름이 좋았던 이유는 빨강 초록 파랑,https://blog.naver.com/breatheinandout/223197464655
2023-08-30,,https://blog.naver.com/doddoddhkdwk
2023-08-30,익선동한식 솔솥 익선점 솥밥 전문점에서 건강한 한끼,https://blog.naver.com/doddoddhkdwk/223197008392
2023-08-31,,https://blog.naver.com/ed__0
2023-08-31,23.04,https://blog.naver.com/ed__0/223199137413
2023-08-31,,https://blog.naver.com/o7qwrmpd
2023-08-31,"설레는 여행의 매력, 한국의 아름다운 명소들",https://blog.naver.com/o7qwrmpd/223199119679
2023-08-31,,https://blog.naver.com/nr673hqm
2023-08-31,골목길의 매력을 느껴보다 – 서울의 아름다운 골목길 여행,https://blog.naver.com/nr673hqm/223198933369
2023-08-31,,https://blog.naver.com/3xvi2cee
2023-08-31,익선동 파스타 간판없는가게 사계절 맛있는 순간을 함께해요,https://blog.naver.com/3xvi2cee/223198789419
2023-08-31,,https://blog.naver.com/chekchek12
2023-08-31,종로 맛집 더멜란지 들어보셨나요?,https://blog.naver.com/chekchek12/223198707421
2023-08-31,,https://blog.naver.com/wjsgusdk42
2023-08-31,종로맛집 더멜란지 스케이크맛집 추천함당.,https://blog.naver.com/wjsgusdk42/223198571961
2023-08-31,,https://blog.naver.com/1004jjungi
2023-08-31,종로 맛집 분위기 좋은 데이트핫플 더멜란지,https://blog.naver.com/1004jjungi/223198534380
2023-08-31,,https://blog.naver.com/bsh710508
2023-08-31,"창덕궁,종로3가,광화문 일대에서 맛집으로 소문난 집 종로 맛집 더멜란지",https://blog.naver.com/bsh710508/223198515374
2023-08-31,,https://blog.naver.com/suyoun4288
2023-08-31,종로 맛집 더멜란지 새우 껍질이 들어간 파스타 맛,https://blog.naver.com/suyoun4288/223198491653
2023-08-31,,https://blog.naver.com/inne_lee
2023-08-31,종로 핫플레이스 익선동 한옥거리 데이트 코스로 제격인 곳,https://blog.naver.com/inne_lee/223198380207
2023-08-31,,https://blog.naver.com/go78qj05
2023-08-31,서울에서 펼쳐지는 다채로운 핫플레이스 여행,https://blog.naver.com/go78qj05/223198329680
2023-08-31,,https://blog.naver.com/1173138
2023-08-31,"종로 익선동 맛집 ㅡ 칼국수 맛집, 찬양칼국수",https://blog.naver.com/1173138/223198322032
2023-08-31,,https://blog.naver.com/myway_seh
2023-08-31,공연 | 제1회 최형진 대금 연희 발표회 떠이어그라갱 공연 후기 | 돈화문국악당,https://blog.naver.com/myway_seh/223198321796
2023-08-31,,https://blog.naver.com/stdripe5817
2023-08-31,[익선동 / 익선디미방] 무난무난 익선동 감성 양식,https://blog.naver.com/stdripe5817/223198244283
2023-09-01,,https://blog.naver.com/trust232
2023-09-01,익선동맛집 전통한옥과 일본포장마차거리의 콜라보 히츠지야익선,https://blog.naver.com/trust232/223200035530
2023-09-01,,https://blog.naver.com/ygd1530
2023-09-01,종로 맛집 더멜란지 최고의 서비스와 분위기로 소문난 데이트 명소로 소문난 곳,https://blog.naver.com/ygd1530/223200017873
2023-09-01,,https://blog.naver.com/gywls31170
2023-09-01,종로 맛집 데이트명소 핫플로 특별한 양식을 즐길수 있는곳 더멜란지,https://blog.naver.com/gywls31170/223199979994
2023-09-01,,https://blog.naver.com/mimicoffee8282
2023-09-01,익선동맛집 히츠지야 익선점에서 양고기로 데이트,https://blog.naver.com/mimicoffee8282/223199971715
2023-09-01,,https://blog.naver.com/mire79280
2023-09-01,더멜란지 종로 맛집 여기만의 특별한 퓨전양식을 즐길수 있는 곳,https://blog.naver.com/mire79280/223199942276
2023-09-01,,https://blog.naver.com/locker_nota
2023-09-01,종로3가 근처 놀거리 / 종로3가역 / 포장마차거리 / 익선동 / 인사동 / 24시 물품보관함,https://blog.naver.com/locker_nota/223199880565
2023-09-01,,https://blog.naver.com/mwuk0728
2023-09-01,종로 맛집 더멜란지 데이트하기 좋은 핫플레이스,https://blog.naver.com/mwuk0728/223199879770
2023-09-01,종로 익선동 한옥거리 맛집 익선애뜻 데이트코스 핫플,https://blog.naver.com/travel_haji/223199857829
2023-09-01,,https://blog.naver.com/top2061
2023-09-01,데이트 명소 종로 맛집 더멜란지 추천합니다.,https://blog.naver.com/top2061/223199852688
2023-09-01,티퍼런스 서울 <하트시그널4 데이트코스>_익선동 복합문화 공간 갤러리카페,https://blog.naver.com/alrud8823/223199819055
2023-09-01,쉬가이아 클렌징밤 공구 9.4~9.6,https://blog.naver.com/seokminjoo/223199644039
2023-09-01,,https://blog.naver.com/60fxyuis
2023-09-01,익선동에 이런 보석 같은 맛집이 있었나요?! 익선동 파스타 간판없는가게,https://blog.naver.com/60fxyuis/223199638331
2023-09-01,,https://blog.naver.com/minyomii
2023-09-01,익선동 한식 맛집 익선애뜻 솔직후기 막걸리도 맛있는 종로 데이트 코스,https://blog.naver.com/minyomii/223199420318
2023-09-01,,https://blog.naver.com/damawary
2023-09-01,전통 한옥을 일본 나카스 포장마차거리로 재설계한 데이트명소 히츠지야익선 맛집,https://blog.naver.com/damawary/223199359274
2023-09-01,,https://blog.naver.com/jjy511
2023-09-01,2023 주말부부 우당탕탕 여름,https://blog.naver.com/jjy511/223199341067
2023-09-01,,https://blog.naver.com/farea879
2023-09-01,"서울 익선동 맛집, 익선잡방",https://blog.naver.com/farea879/223199212465
2023-09-02,,https://blog.naver.com/luna2023333
2023-09-02,종로 맛집 더멜란지 퓨전 요리들과 멋진 분위기로 특별한 순간을 느끼고 싶다면 추천드려요.,https://blog.naver.com/luna2023333/223200714612
2023-09-02,,https://blog.naver.com/kws2248
2023-09-02,종로 맛집 더멜란지 최고의 서비스와 분위기로 데이트 명소와 핫플로 소문난 맛집,https://blog.naver.com/kws2248/223200697252
2023-09-02,,https://blog.naver.com/st3627st
2023-09-02,종로 맛집 더멜란지,https://blog.naver.com/st3627st/223200671899
2023-09-02,,https://blog.naver.com/junsun0070
2023-09-02,고생 끝에 찾아가는 태국 현지 맛집!9/2일 방송 <뚜벅이 맛총사 2회> (본문에 맛집 주소 있어요),https://blog.naver.com/junsun0070/223200654504
2023-09-02,,https://blog.naver.com/enddlaka010-
2023-09-02,유럽의 어딘가에 온 듯한 인테리어가 아늑하고 편안하게 식사를 즐길 수 있는 종로 맛집 더멜란지,https://blog.naver.com/enddlaka010-/223200558861
2023-09-02,,https://blog.naver.com/soomi-potato
2023-09-02,익선애뜻 익선동 한식맛집 퓨전다이닝 익선동 데이트 코스 추천,https://blog.naver.com/soomi-potato/223200393514
2023-09-02,,https://blog.naver.com/mylifemychoice
2023-09-02,[서울] 익선동 팝업스토어 무릉동원 동원샘물 무료전시 데이트코스,https://blog.naver.com/mylifemychoice/223200151477
2023-09-02,,https://blog.naver.com/may0_loopy
2023-09-02,"[싱가포르 여행] Day 2. 야쿤카야토스트 조식, 부기스 스트리트 기념품 쇼핑, 하지레인 잠잠 식당",https://blog.naver.com/may0_loopy/223200095758
2023-09-03,,https://blog.naver.com/moments_h
2023-09-03,익선동 한옥거리 퓨전한식 전문점 익선애뜻 주말 웨이팅 방법,https://blog.naver.com/moments_h/223201506704
2023-09-03,,https://blog.naver.com/sdsdo115
2023-09-03,종로익선동맛집 오늘그대와 익선 데이트로 딱이에요,https://blog.naver.com/sdsdo115/223201472894
2023-09-03,,https://blog.naver.com/oaoc2
2023-09-03,간판없는가게 * 데이트로는 파스타집 익선동 맛집,https://blog.naver.com/oaoc2/223201313145
2023-09-03,제주도 핫플레이스 사진명소 애월카페거리 해지개,https://blog.naver.com/love386600/223200948046
2023-09-03,,https://blog.naver.com/nation2578
2023-09-03,익선동 맛집 꼭가야할명소 익선디미방,https://blog.naver.com/nation2578/223200888773
2023-09-03,,https://blog.naver.com/heydaytome
2023-09-03,더멜란지 핫플로 소문난 종로 맛집,https://blog.naver.com/heydaytome/223200873954
2023-09-03,,https://blog.naver.com/0208guswjd
2023-09-03,순라길 맛집 종로 맛집 더멜란지,https://blog.naver.com/0208guswjd/223200836205
2023-09-03,,https://blog.naver.com/jinbom_6509
2023-09-03,더멜란지 종로 맛집 유럽 어딘가의 레스토랑 같은 곳,https://blog.naver.com/jinbom_6509/223200820920
2023-09-04,,https://blog.naver.com/r_rammy
2023-09-04,"광화문 데이트 코스 종로 서순라길, 고즈넉한 돌담길 서울 명소",https://blog.naver.com/r_rammy/223202443349
2023-09-04,,https://blog.naver.com/jihye4611
2023-09-04,아이들과 인사동 문화의 거리 다녀왔어요.,https://blog.naver.com/jihye4611/223202391325
2023-09-04,,https://blog.naver.com/paludier
2023-09-04,[서울] 아미드 호텔 서울,https://blog.naver.com/paludier/223202061454
2023-09-04,서울 여행 코스 경동시장 금성전파사 새로고침센터 핫플레이스 실내 데이트 가볼만한곳!,https://blog.naver.com/everlsk/223201800729
2023-09-04,,https://blog.naver.com/lomangs99
2023-09-04,익선동맛집 일본느낌 가득한 히츠지야 익선,https://blog.naver.com/lomangs99/223201684852
2023-09-04,,https://blog.naver.com/osolemio1108
2023-09-04,더멜란지 종로 맛집 송라길 최고 핫플 이자 최고 맛집,https://blog.naver.com/osolemio1108/223201581546
2023-09-04,,https://blog.naver.com/dbsxodnd77
2023-09-04,더멜란지 종로 맛집 서비스와 분위기가 좋은곳,https://blog.naver.com/dbsxodnd77/223201558285
2023-09-04,,https://blog.naver.com/wlqhsl0208
2023-09-04,종로 맛집 소문난 맛과 비주얼 그리고 분위기까지 완벽한 신상 식당 더멜란지,https://blog.naver.com/wlqhsl0208/223201557768
2023-09-04,,https://blog.naver.com/glgl2466
2023-09-04,종로 레스토랑 핫플 종로 맛집 더멜란지,https://blog.naver.com/glgl2466/223201554726
2023-09-04,,https://blog.naver.com/sunday_27_
2023-09-04,더멜란지 소문난 종로 맛집,https://blog.naver.com/sunday_27_/223201543036
2023-09-04,,https://blog.naver.com/naaarae91
2023-09-04,"유럽에온듯한 퓨전양식집, 종로 맛집 더멜란지",https://blog.naver.com/naaarae91/223201531904
2023-09-05,,https://blog.naver.com/fluid303
2023-09-05,더멜란지 종로 맛집,https://blog.naver.com/fluid303/223203435197
2023-09-05,,https://blog.naver.com/kdh7578836
2023-09-05,종로구 핫플레이스 더멜란지 종로 맛집,https://blog.naver.com/kdh7578836/223203377835
2023-09-05,,https://blog.naver.com/rlaakstn7
2023-09-05,더 멜란지 쾌적하고 넓은 공간 고급 종로 맛집,https://blog.naver.com/rlaakstn7/223203348434
2023-09-05,,https://blog.naver.com/bombbo1012
2023-09-05,종로익선동맛집 리조또를 잘하는 오늘그대와 익선,https://blog.naver.com/bombbo1012/223203333352
2023-09-05,,https://blog.naver.com/ysy6912-
2023-09-05,종로 맛집 - 더멜란지,https://blog.naver.com/ysy6912-/223203271005
2023-09-05,,https://blog.naver.com/dleksql101807
2023-09-05,종로 데이트코스 추천 분위기 맛집 더멜란지,https://blog.naver.com/dleksql101807/223202833223
2023-09-05,,https://blog.naver.com/dusfkr77
2023-09-05,종로 맛집 데이트 명소로 유명한 핫플 맛집 더멜란지,https://blog.naver.com/dusfkr77/223202805235
2023-09-05,,https://blog.naver.com/dbwjddbwjd12
2023-09-05,[서울 종로 숙소] 호텔 아트리움 종로 숙박 예약 꿀팁 #광장시장 숙소 추천 #남산타워뷰,https://blog.naver.com/dbwjddbwjd12/223202766761
2023-09-05,,https://blog.naver.com/pump_928760
2023-09-05,"종로의 숨은 명소, 살롱순라",https://blog.naver.com/pump_928760/223202663722
2023-09-05,,https://blog.naver.com/yunyejin04
2023-09-05,더멜란지 종로 맛집,https://blog.naver.com/yunyejin04/223202661213
2023-09-05,,https://blog.naver.com/kimseonghyeon2000
2023-09-05,더멜란지 종로 맛집,https://blog.naver.com/kimseonghyeon2000/223202659515
2023-09-05,,https://blog.naver.com/zlcl7758
2023-09-05,더멜란지 종로 맛집 데이트 장소로 유명한 곳 추천,https://blog.naver.com/zlcl7758/223202656380
2023-09-06,,https://blog.naver.com/50yasi
2023-09-06,종로 맛집 더멜란지,https://blog.naver.com/50yasi/223204481764
2023-09-06,,https://blog.naver.com/kkyh0026
2023-09-06,더멜란지 종로 스테이크 맛집,https://blog.naver.com/kkyh0026/223204434741
2023-09-06,,https://blog.naver.com/zzanggu644
2023-09-06,종로 맛집 찐맛집인 더멜란지,https://blog.naver.com/zzanggu644/223204344045
2023-09-06,,https://blog.naver.com/par1956
2023-09-06,종로 맛집 핫 플로 소문난 데이트 명소 더멜란지,https://blog.naver.com/par1956/223204336941
2023-09-06,,https://blog.naver.com/eoqkrths7
2023-09-06,종로데이트코스맛집추천! 더멜란지,https://blog.naver.com/eoqkrths7/223204303929
2023-09-06,,https://blog.naver.com/green_aunt
2023-09-06,[서울 가족여행 / 아이와 서울 여행코스] 3박 4일 일정 정리 및 간단 후기,https://blog.naver.com/green_aunt/223204222648
2023-09-06,,https://blog.naver.com/yegrina53
2023-09-06,언니랑 서울구경 2 (230605-06),https://blog.naver.com/yegrina53/223204204628
2023-09-06,"손대면 핫플 동네멋집, 카페의신 전문가 유정수 프로필 SBS예능+지원자모집 신청방법",https://blog.naver.com/shushu9988/223203996424
2023-09-06,,https://blog.naver.com/dlcjs0325
2023-09-06,종로 데이트 찐맛집 더멜란지,https://blog.naver.com/dlcjs0325/223203904497
2023-09-06,,https://blog.naver.com/awserr7213
2023-09-06,더멜란지 스테이크와 파스타가 맛있는곳 종로 맛집,https://blog.naver.com/awserr7213/223203873049
2023-09-06,,https://blog.naver.com/wesome88
2023-09-06,종로 맛집은 더멜란지죠.,https://blog.naver.com/wesome88/223203754478
2023-09-06,,https://blog.naver.com/hsd222022
2023-09-06,더멜란지 종로 맛집 풍미 좋은 식사,https://blog.naver.com/hsd222022/223203733295
2023-09-06,,https://blog.naver.com/fight10812
2023-09-06,익선잡방 ; 브런치 맛집 종로 익선동 추천,https://blog.naver.com/fight10812/223203613761
2023-09-07,,https://blog.naver.com/modernpa
2023-09-07,"[익선동 한옥마을] 일제강점기, 일본인의 확장을 막으려는 뉴타운 프로젝트 - 그 숨겨진 비밀 이야기들 feat. 정세권선생",https://blog.naver.com/modernpa/223205128783
2023-09-07,,https://blog.naver.com/jumyeol2015
2023-09-07,종로 데이트 핫플 맛집 ★더멜란지에 다녀왔어요,https://blog.naver.com/jumyeol2015/223204780998
2023-09-07,,https://blog.naver.com/ccs0023
2023-09-07,서비스와 데이트 명소로도 유명한 맛집인 더멜란지 종로 맛집,https://blog.naver.com/ccs0023/223204772765
2023-09-07,,https://blog.naver.com/specialdayya
2023-09-07,종로 데이트 명소 종로 맛집 더멜란지,https://blog.naver.com/specialdayya/223204752059
2023-09-07,,https://blog.naver.com/gesica90
2023-09-07,"종로 맛집 ""더멜란지""",https://blog.naver.com/gesica90/223204718894
2023-09-07,,https://blog.naver.com/0505ymj
2023-09-07,종로 맛집 더멜란지 퓨전 양식으로 즐기는 광화문 맛집,https://blog.naver.com/0505ymj/223204700464
2023-09-07,"[오늘의 맛집 소식] 23.09.07 ""용리단길 맛집 '효뜨' 쌀국수, 편의점 GS25서 만나보세요"" & '슬랙스 맛집'으로 입소문…일본·대만 사로잡은 '원로그'[글로벌 히트템]",https://blog.naver.com/032gms/223204676029
2023-09-07,,https://blog.naver.com/blueberrygift
2023-09-07,종로 맛집 더멜란지 데이트분위기의 맛집,https://blog.naver.com/blueberrygift/223204671957
2023-09-07,,https://blog.naver.com/xuanxin1106
2023-09-07,종로 맛집 /익선동 퓨전레스토랑 추천/ 더멜란지,https://blog.naver.com/xuanxin1106/223204642936
2023-09-07,,https://blog.naver.com/seoim45-
2023-09-07,분위기 좋고 리조또 좋은곳 종로 맛집 더멜란지,https://blog.naver.com/seoim45-/223204640631
2023-09-07,,https://blog.naver.com/ssong_ok
2023-09-07,"[익선동 사주] 익선 통하다 음료마시면서 사주,관상,타로까지 볼 수 있는",https://blog.naver.com/ssong_ok/223203745655
2023-09-08,,https://blog.naver.com/bananas1007
2023-09-08,더멜란지 최고의 서비스와 분위기로 데이트 하기 좋은 종로 맛집,https://blog.naver.com/bananas1007/223206273368
2023-09-08,,https://blog.naver.com/eses2264
2023-09-08,종로 맛집 더멜란지,https://blog.naver.com/eses2264/223206222718
2023-09-08,,https://blog.naver.com/mwk75
2023-09-08,"더멜란지 데이트 명소, 핫플로 소문난 맛집 종로 맛집",https://blog.naver.com/mwk75/223206199444
2023-09-08,,https://blog.naver.com/da1um0ng
2023-09-08,종로 놀거리 익선통하다 신기해서 재방문했던 익선동 사주 카페 후기,https://blog.naver.com/da1um0ng/223206176057
2023-09-08,,https://blog.naver.com/saeng6800-
2023-09-08,"신상 맛집, 종로 맛집 [더멜란지]",https://blog.naver.com/saeng6800-/223206097317
2023-09-08,,https://blog.naver.com/jwq1126
2023-09-08,순라길에서 퓨전 양식을 만나볼 수 있는 최고의 맛집 종로 맛집 더멜란지,https://blog.naver.com/jwq1126/223206059007
2023-09-08,더멜란지 종로 맛집 추천,https://blog.naver.com/sckv2900/223206022603
2023-09-08,,https://blog.naver.com/ha_new_
2023-09-08,초이다이닝 익선점 : 익선동 데이트 맛집 내돈내산 예약팁,https://blog.naver.com/ha_new_/223205938426
2023-09-08,여수웅천 오션필드 압도적인 투자 우위성,https://blog.naver.com/ko_sungmin/223205928778
2023-09-09,,https://blog.naver.com/manggosh
2023-09-09,서울여행2[인사동도토리캐리커쳐후기.익선동식물카페.혜화연극후기],https://blog.naver.com/manggosh/223207013655
2023-09-09,,https://blog.naver.com/pyororiya
2023-09-09,아무튼 여름,https://blog.naver.com/pyororiya/223206881780
2023-09-09,,https://blog.naver.com/xmsxmsskdus
2023-09-09,"[오늘그대와 익선점] 한옥에서 먹는 파스타와 리조또, 익선동 데이트코스 추천!!",https://blog.naver.com/xmsxmsskdus/223206870117
2023-09-09,,https://blog.naver.com/yyi519
2023-09-09,종로 순라길 맛집 분위기 좋은 데이트명소 '더멜란지',https://blog.naver.com/yyi519/223206654537
2023-09-09,서울핫플레이스 익선동데이트 한옥카페 청수당 베이커리,https://blog.naver.com/swan04290/223206585051
2023-09-09,,https://blog.naver.com/rolelrai56
2023-09-09,[더멜란지] 종로 맛집!추천,https://blog.naver.com/rolelrai56/223206601548
2023-09-09,,https://blog.naver.com/ljh500363
2023-09-09,데이트 장소로 소문난 맛집 더멜란지 종로 맛집,https://blog.naver.com/ljh500363/223206568866
2023-09-09,,https://blog.naver.com/miribul66
2023-09-09,"스테이크, 파스타, 샐러드 등 다양한 메뉴가 제공되는 종로 맛집 더멜란지",https://blog.naver.com/miribul66/223206563358
2023-09-09,,https://blog.naver.com/xapoo429
2023-09-09,종로 맛집 더멜란지,https://blog.naver.com/xapoo429/223206526158
2023-09-09,,https://blog.naver.com/tkdgus1148
2023-09-09,더멜란지 아늑하고 로맨틱한 분위기로 데이트 명소로 추천드리는 종로 맛집,https://blog.naver.com/tkdgus1148/223206519269
2023-09-10,,https://blog.naver.com/mang_mang2
2023-09-10,서울 팝업스토어 무릉동원 익선동 데이트 코스로 딱이야,https://blog.naver.com/mang_mang2/223207727275
2023-09-10,,https://blog.naver.com/surebebi
2023-09-10,종로3가 맛집 다이닝 와인바 더 멜란지,https://blog.naver.com/surebebi/223207725315
2023-09-10,,https://blog.naver.com/gmlwjd715
2023-09-10,익선동 핫플레이스 명동 상권 종로3가 6번 15번 출구 둘러보고 느낀점 생각,https://blog.naver.com/gmlwjd715/223207545800
2023-09-10,,https://blog.naver.com/yky1135
2023-09-10,한국에서 꼭 가봐야 할 한국관광 100선(한국관광공사)/Top 100 must-visit tourist attractions in Korea (Korea Tourism Org),https://blog.naver.com/yky1135/223207474597
2023-09-10,,https://blog.naver.com/murmur_ban
2023-09-10,8월 외딴 거긴 Mars!,https://blog.naver.com/murmur_ban/223207430218
2023-09-10,,https://blog.naver.com/artroadtv
2023-09-10,"종로 탑골공원 산책/흥복사에서 원각사로, 3.1운동의 성지 탑골공원 담장을 허물어 도심로",https://blog.naver.com/artroadtv/223207311184
2023-09-10,,https://blog.naver.com/rlvyalwjd
2023-09-10,[ 종로 맛집 ] 더멜란지 서비스와 분위기 데이트명소 추천,https://blog.naver.com/rlvyalwjd/223207279068
2023-09-10,,https://blog.naver.com/star0704704
2023-09-10,종로 맛집 분위기좋은 데이트 맛집 더멜란지,https://blog.naver.com/star0704704/223207245122
2023-09-10,,https://blog.naver.com/ksk2052
2023-09-10,종로 맛집 더멜란지는퓨전양식이맛있는집이에요,https://blog.naver.com/ksk2052/223207244351
2023-09-10,,https://blog.naver.com/bds6165
2023-09-10,외관부터 화려하고 세련된 종로 맛집 더멜란지 안내,https://blog.naver.com/bds6165/223207211460
2023-09-10,,https://blog.naver.com/ask7890p
2023-09-10,음식이 가장 신선하고 맛있어 즐겁고 행복한 식사가 가능한 곳 더멜란지 종로 맛집,https://blog.naver.com/ask7890p/223207204646
2023-09-10,,https://blog.naver.com/sdart5000
2023-09-10,"더멜란지 , 종로퓨전맛집 종로 맛집 !!",https://blog.naver.com/sdart5000/223207198585
2023-09-11,,https://blog.naver.com/soontaekkim
2023-09-11,HallSon의 지공(지하철공짜)들의 청계천 산책로 나들이 (2023년9월7일),https://blog.naver.com/soontaekkim/223208667842
2023-09-11,,https://blog.naver.com/rosemary2024
2023-09-11,스테이크맛이 일품인 종로 맛집 더멜란지,https://blog.naver.com/rosemary2024/223208355336
2023-09-11,,https://blog.naver.com/jin483612
2023-09-11,데이트필수코스 모임추천장소 더멜란지 종로 맛집,https://blog.naver.com/jin483612/223208257601
2023-09-11,,https://blog.naver.com/lkkk1012
2023-09-11,더멜란지 종로 맛집 빈티지감성 뿜뿜하는곳,https://blog.naver.com/lkkk1012/223208214652
2023-09-11,,https://blog.naver.com/0707_pink
2023-09-11,추천해요 더멜란지 종로 맛집,https://blog.naver.com/0707_pink/223208201763
2023-09-11,,https://blog.naver.com/realtor_usc
2023-09-11,분위기 좋은 익선동 한옥 양식 레스토랑 살롱순라,https://blog.naver.com/realtor_usc/223208185263
2023-09-11,,https://blog.naver.com/blackmast28
2023-09-11,종로 맛집 분위기좋은 종로와인바 더멜란지 방문후기,https://blog.naver.com/blackmast28/223208112121
2023-09-11,,https://blog.naver.com/hyundai_kefico
2023-09-11,[NEWS] “역사는 사람을 만나는 인문학이다” 대한민국 대표 한국사 강사 최태성 작가를 만나다,https://blog.naver.com/hyundai_kefico/223208097757
2023-09-11,태국 방콕 가볼만한곳 베스트 5 여행코스 추천,https://blog.naver.com/bonniegets/223207717260
2023-09-12,,https://blog.naver.com/lapter5
2023-09-12,링크정보 장미꽃 필 무렵 13회 재방송 다시보기외 40건 [09.12 23:52],https://blog.naver.com/lapter5/223209837203
2023-09-12,서울여행 가볼만한곳 서울 인사동 쌈지길,https://blog.naver.com/virginia07/223209828887
2023-09-12,,https://blog.naver.com/juunlee
2023-09-12,종로3가 익선동 │ 기러기둥지 익선 │ 분위기 있는 와인바 완전 데이트 코스네..,https://blog.naver.com/juunlee/223209793077
2023-09-12,,https://blog.naver.com/jejuggom
2023-09-12,부산출장 청사포 해운대 돼지국밥 합천돼지국밥 해운대본점,https://blog.naver.com/jejuggom/223209721200
2023-09-12,"종로 맛집 데이트명소, 핫플로 소문난 맛집 더멜란지",https://blog.naver.com/rottenhs/223209614176
2023-09-12,서울 데이트 코스 인사동 가볼만한곳 안녕인사동과 쌈지길,https://blog.naver.com/jmusuri/223209440207
2023-09-12,,https://blog.naver.com/pib1022
2023-09-12,Hot Place 익선동 한옥거리 의 먹거리&볼거리,https://blog.naver.com/pib1022/223209552382
2023-09-12,,https://blog.naver.com/qortmdtp
2023-09-12,[여행 사용후기] 아비가 인 서울 호텔,https://blog.naver.com/qortmdtp/223209395276
2023-09-12,,https://blog.naver.com/y00grivz
2023-09-12,자꾸 생각나는 익선동 데이트 간판없는가게,https://blog.naver.com/y00grivz/223209316768
2023-09-12,,https://blog.naver.com/jsksoft
2023-09-12,[종로] 다양한 세대를 아우르는 뉴트로 '익선동 한옥거리',https://blog.naver.com/jsksoft/223209278422
2023-09-12,,https://blog.naver.com/rlawnqhd96
2023-09-12,데이트코스로 딱 좋은 송리단길 맛집 돈부리파스타,https://blog.naver.com/rlawnqhd96/223209100361
2023-09-12,,https://blog.naver.com/arte323
2023-09-12,익선동 나이트 거리에서 - 서울 명소,https://blog.naver.com/arte323/223207776708
2023-09-12,,https://blog.naver.com/5959_doyoni
2023-09-12,[종로] 익선동에서 특별한 데이트 사주 타로카페 ‘익선통하다’,https://blog.naver.com/5959_doyoni/223208998610
2023-09-12,혼자 1박2일 경주여행 프롤로그 맛집 카페 여행 코스 및 경비 정리,https://blog.naver.com/bbongho357/223208977107
2023-09-12,"[부동산] 낙원동 탐방 : 낙원아파트, 낙원빌딩/상가, 낙원오피스텔, 맛집 외 (늘여행반 2부/어르신 4편)",https://blog.naver.com/jedpark/223208970960
2023-09-13,,https://blog.naver.com/odi01
2023-09-13,비오는 수요일 익선동데이트는 너무 행벅했당 (part1),https://blog.naver.com/odi01/223210809252
2023-09-13,,https://blog.naver.com/hun4339
2023-09-13,"""15년차 여행 전문가가 뽑았다""...국내 가을 여행지 1위 추천, 바로 여깁니다",https://blog.naver.com/hun4339/223210747399
2023-09-13,,https://blog.naver.com/qazfgf
2023-09-13,종로 맛집 데이트명소 핫플 더멜란지,https://blog.naver.com/qazfgf/223210574469
2023-09-13,,https://blog.naver.com/gmlwls4381
2023-09-13,종로 맛집 더멜란지 분위기 최고!,https://blog.naver.com/gmlwls4381/223210497109
2023-09-13,종로 맛집 데이트 장소 더멜란지,https://blog.naver.com/kim369875/223210407031
2023-09-13,,https://blog.naver.com/richbookcafe
2023-09-13,더멜란지 퓨전양식 스테이크 파스타 샐러드 종로 맛집,https://blog.naver.com/richbookcafe/223210336250
2023-09-13,,https://blog.naver.com/mdidi25
2023-09-13,"대전역 근처 놀거리, 가볼만한곳 추천! 대전이 노잼도시라고? 데이트,관광은 여기서!",https://blog.naver.com/mdidi25/223209100073
2023-09-14,종로3가 익선동 종로5가 광장시장 데이트 코스,https://blog.naver.com/ljy0911/223211707504
2023-09-14,,https://blog.naver.com/choi_just
2023-09-14,종로 사주 손금 꿀잼 이색데이트는 익선통하다-너무 잘 맞춰서 신통방통,https://blog.naver.com/choi_just/223208734549
2023-09-14,,https://blog.naver.com/openthedoa
2023-09-14,"지오쿠치나 익선, 화덕피자 와 맥주 수요미식회 맛집",https://blog.naver.com/openthedoa/223211520461
2023-09-14,,https://blog.naver.com/zzu_di_
2023-09-14,쫄깃 쫀득 K-디저트 떡! 건강하고 특색있는 다양한 떡 카페 익선동 “아진당 떡상점”,https://blog.naver.com/zzu_di_/223211486050
2023-09-14,,https://blog.naver.com/qkdqh77
2023-09-14,아이디어스 소담마켓 감고당길 북촌놀거리 플리마켓,https://blog.naver.com/qkdqh77/223211453764
2023-09-14,,https://blog.naver.com/soosoo218
2023-09-14,"종로 맛집, 더멜란지",https://blog.naver.com/soosoo218/223211351446
2023-09-14,,https://blog.naver.com/eplearning
2023-09-14,[학습동아리 지원사업] 마블라이프 / 문화탐방과 함께하는 글쓰기,https://blog.naver.com/eplearning/223211211782
2023-09-14,,https://blog.naver.com/longkey0911
2023-09-14,데이트하기에도 딱 좋은 곳 종로 맛집 더멜란지,https://blog.naver.com/longkey0911/223211169339
2023-09-14,,https://blog.naver.com/iis_yii
2023-09-14,여수 단독 복합물 오션필드 상가 분양 경품 이벤트 예정,https://blog.naver.com/iis_yii/223209712183
2023-09-15,,https://blog.naver.com/monbeurres
2023-09-15,창경궁 야간개장 & 종묘 방문기,https://blog.naver.com/monbeurres/223212259372
2023-09-15,,https://blog.naver.com/dldbrud260
2023-09-15,[서울 익선동 레스토랑] 퓨전빠리! 서울 익선동 맛집,https://blog.naver.com/dldbrud260/223212143664
2023-09-15,,https://blog.naver.com/itsmelsabel
2023-09-15,익선동 데이트 코스 조선젤라또 하구 청계천 데이트,https://blog.naver.com/itsmelsabel/223212097859
2023-09-15,익선동 맛집 오늘 그대와 익선 익선동 한옥거리 데이트 맛집,https://blog.naver.com/yongham1110/223212096090
2023-09-15,,https://blog.naver.com/hyezzzi
2023-09-15,[경주] 여자 혼자 국내 여행 1박 2일 : 불국사 황리단길 동궁과월지 첨성대 월정교 야경 / 여행코스 / 가볼만한곳,https://blog.naver.com/hyezzzi/223211945227
2023-09-15,,https://blog.naver.com/lump10912
2023-09-15,익선동 맛집 익선잡방 호떡당,https://blog.naver.com/lump10912/223211911790
2023-09-15,종로 맛집 더멜란지 특별한 퓨전양식이 땡기는 날 아주 좋아,https://blog.naver.com/kma5522534/223211880867
2023-09-15,,https://blog.naver.com/83display
2023-09-15,종로 맛집 더멜란지 인테리어가 편안하고 로맨틱한 분위기의 식당,https://blog.naver.com/83display/223211819236
2023-09-16,,https://blog.naver.com/rkdmf8136
2023-09-16,돌고돌다 알차버린 익선동 하루 코스[주간일기 챌린지]_빠리가옥 달팽이 주의,https://blog.naver.com/rkdmf8136/223213414865
2023-09-16,9월 서울 당일치기 여행 주말 데이트 가볼만한곳 종로 익선동 한옥거리 인기 장소,https://blog.naver.com/jmusuri/223212856538
2023-09-16,,https://blog.naver.com/persuade1414
2023-09-16,"익선동 투어 레스케이프 마크다모르, 익선디미방,카페 온",https://blog.naver.com/persuade1414/223213004219
2023-09-16,,https://blog.naver.com/loe215
2023-09-16,종로 맛집 더멜란지 후기,https://blog.naver.com/loe215/223212968415
2023-09-16,,https://blog.naver.com/freemen930525
2023-09-16,종로 맛집 최고의 서비스와 분위기로 데이트 명소로 여성분들이 좋아해 주시는 더멜란지,https://blog.naver.com/freemen930525/223212915980
2023-09-16,,https://blog.naver.com/tnswjddus
2023-09-16,더멜란지 분위기도 맛도 고급스러운 종로 맛집,https://blog.naver.com/tnswjddus/223212879009
2023-09-16,,https://blog.naver.com/ear3h6id24
2023-09-16,"종로의 새로운 명소, 익선동 속 히든 맛집 '살롱순라'를 아시나요?",https://blog.naver.com/ear3h6id24/223212844090
2023-09-16,,https://blog.naver.com/collapse10799
2023-09-16,익선동 맛집 데이트하면 정말 이쁠것 같네요~익선디미방,https://blog.naver.com/collapse10799/223212801513
2023-09-17,,https://blog.naver.com/pchi0908
2023-09-17,"익선동 나들이｜맛집 추천｜서대포집, 노가리마켓",https://blog.naver.com/pchi0908/223214129400
2023-09-17,,https://blog.naver.com/tolly8110
2023-09-17,종로 맛집 더멜란지,https://blog.naver.com/tolly8110/223213668257
2023-09-17,,https://blog.naver.com/tkfkd-79
2023-09-17,종로 맛집 더멜란지,https://blog.naver.com/tkfkd-79/223213644410
2023-09-17,,https://blog.naver.com/shs5972
2023-09-17,더멜란지 종로 맛집*을 소개합니다,https://blog.naver.com/shs5972/223213635349
2023-09-17,,https://blog.naver.com/hojinlshoo
2023-09-17,종로 맛집 더멜란지,https://blog.naver.com/hojinlshoo/223213635055
2023-09-17,,https://blog.naver.com/jikun3501
2023-09-17,"종로 맛집 더멜란지 창덕궁, 종로 3가, 광화문 맛집으로 소문난 데이트 맛집",https://blog.naver.com/jikun3501/223213621955
2023-09-18,,https://blog.naver.com/hy__15
2023-09-18,[청계천 맛집] 삼겹살 맛집 추천! 양연화로 종로직영점,https://blog.naver.com/hy__15/223215134462
2023-09-18,,https://blog.naver.com/lim11555
2023-09-18,더멜란지는소문이안난곳이 없을정도이며 종로 맛집으로자리잡고있죠,https://blog.naver.com/lim11555/223215004549
2023-09-18,,https://blog.naver.com/magirose
2023-09-18,종로맛집 더멜란지,https://blog.naver.com/magirose/223214883970
2023-09-18,,https://blog.naver.com/eunhayaa
2023-09-18,"방콕여행4_딸랏너이 벽화마을,홍시엥콩카페, Chom Arun 촘아룬식당",https://blog.naver.com/eunhayaa/223214599145
2023-09-18,,https://blog.naver.com/muckbo84
2023-09-18,배부르게 먹기좋은 맛집추천 간판없는가게,https://blog.naver.com/muckbo84/223214514576
2023-09-19,,https://blog.naver.com/0392oe
2023-09-19,익선동 탑골공원맛집 돈부리파스타 익선점,https://blog.naver.com/0392oe/223216236760
2023-09-19,,https://blog.naver.com/ghdussla5
2023-09-19,"종로 고기집의 정석, 양연화로 종로직영점에서 삼겹살 먹고 왔어요",https://blog.naver.com/ghdussla5/223216215107
2023-09-19,,https://blog.naver.com/parkbh2015
2023-09-19,종로 분위기 핫플 맛집 ♣더멜란지,https://blog.naver.com/parkbh2015/223215992558
2023-09-19,,https://blog.naver.com/vitaming-0_0
2023-09-19,[익선동 맛집] 한옥거리 분위기 좋은 양식집 <돈부리파스타>,https://blog.naver.com/vitaming-0_0/223215921312
2023-09-19,,https://blog.naver.com/ksa6624
2023-09-19,종로 맛집 더멜란지 소품 하나하나에도 정성이 가득 담겨 있었습니다.,https://blog.naver.com/ksa6624/223215876582
2023-09-19,[익선동 카페] 푸릇한 한옥 뷰 힐링하기 좋은 <익선통하다>,https://blog.naver.com/vitaming-0_0/223215778731
2023-09-19,,https://blog.naver.com/sayoon0001
2023-09-19,익선동 한옥거리,https://blog.naver.com/sayoon0001/223215425368
2023-09-19,,https://blog.naver.com/hsook0417
2023-09-19,익선동 맛집- 이층양옥,https://blog.naver.com/hsook0417/223215255144
2023-09-20,,https://blog.naver.com/cheerup121
2023-09-20,익선동 파스타 맛집 돈부리파스타 종로 데이트코스 추천,https://blog.naver.com/cheerup121/223216726551
2023-09-20,,https://blog.naver.com/lnctour1
2023-09-20,korea jejudo island tour 한류 제대로 즐기자!,https://blog.naver.com/lnctour1/223216712916
2023-09-20,여수웅천 오션필드 글로우서울과 함께한 공간설계,https://blog.naver.com/ko_sungmin/223216694965
2023-09-20,,https://blog.naver.com/tolly6244
2023-09-20,종로 파스타 맛집 더멜란지,https://blog.naver.com/tolly6244/223216589407
2023-09-20,,https://blog.naver.com/xcv4809
2023-09-20,"더멜란지 종로 맛집은 최고의 서비스와 분위기로 데이트명소, 핫플로 소문난 맛집입니다.",https://blog.naver.com/xcv4809/223216518604
2023-09-20,"[오늘의 맛집 소식] 23.09.20 한국인에 '표백제 물' 주고…""토하면 민폐"" 日맛집 혐한 논란 & 후쿠오카 스시 맛집에 한국인 손님 가득…""추석에도 갑니다"" & ‘컴백’ 케",https://blog.naver.com/032gms/223216450720
2023-09-20,,https://blog.naver.com/zbxm914
2023-09-20,상하이 상해 3박4일 여행 코스 및 일정 정리,https://blog.naver.com/zbxm914/223216406453
2023-09-20,,https://blog.naver.com/shdorud22
2023-09-20,종로 맛집 데이트장소로 추천하고 싶은 더멜란지,https://blog.naver.com/shdorud22/223216335177
2023-09-20,,https://blog.naver.com/kmw3842
2023-09-20,오픈 신상 맛집의 종로 맛집 더멜란지,https://blog.naver.com/kmw3842/223216315702
2023-09-21,,https://blog.naver.com/vvy1324
2023-09-21,"<원주, 청량리, 익선동> 이자카야 끌, 경동시장, 청과시장, 종로3가, 익선동, 데이트 핫플, 그 어딘가",https://blog.naver.com/vvy1324/223218216606
2023-09-21,,https://blog.naver.com/americano-book
2023-09-21,대전.대전뷰맛집☆온천집++청수당#성심당 롯데백화점,https://blog.naver.com/americano-book/223218160332
2023-09-21,,https://blog.naver.com/beeeenyy
2023-09-21,북촌 서순라길 가볼 만한 곳 추천,https://blog.naver.com/beeeenyy/223217993532
2023-09-21,,https://blog.naver.com/kkang-19
2023-09-21,종로 퓨전양식 맛집 더멜란지,https://blog.naver.com/kkang-19/223217436512
2023-09-21,,https://blog.naver.com/kma9714
2023-09-21,종로 맛집 더멜란지 신상 퓨전 메뉴들이 준비되어 있어서 먹는 재미도 쏠쏠한 곳,https://blog.naver.com/kma9714/223217350048
2023-09-21,,https://blog.naver.com/pujo8
2023-09-21,더멜란지 종로 맛집,https://blog.naver.com/pujo8/223217282352
2023-09-22,,https://blog.naver.com/ijwubb53
2023-09-22,드라이브 가기 좋은 서울 여행지 (데이트 장소 추천),https://blog.naver.com/ijwubb53/223218759393
2023-09-22,,https://blog.naver.com/leedomu
2023-09-22,서촌 화덕피자가 맛있는 서촌데이트 장소 라파리나 추천,https://blog.naver.com/leedomu/223218588594
2023-09-22,(일본의 도시재생 핫플) 다케하라 염전마을과 TV 애니메이션 타마유라/ 히로시마 소도시 여행,https://blog.naver.com/artroadtv/223218539257
2023-09-22,대전여행 골목골목이 이쁜 mz 세대의 아지트 소제동 카페거리 여기소제.,https://blog.naver.com/gargamel-ajae/223218445334
2023-09-23,,https://blog.naver.com/gkxmqpdjfnql
2023-09-23,"가을에 놀러가기 좋은 서울종로 놀거리_안녕 인사동, 쌈지길",https://blog.naver.com/gkxmqpdjfnql/223219415865
2023-09-24,,https://blog.naver.com/protoss_heo
2023-09-24,제주 성산감성펜션 오드리물 가족과 함께 가기 좋은 신축 독채펜션,https://blog.naver.com/protoss_heo/223220474281
2023-09-24,,https://blog.naver.com/wpfl242
2023-09-24,익선동 데이트 코스 - 퓨전 한식 맛집 '익선애뜻',https://blog.naver.com/wpfl242/223220357764
2023-09-24,"새서울 오프닝파티, 호반 - 종로가 이렇게 핫했나요..? 종로루프탑, 종로라운지바, 데이트, 종로3가술집, 한옥카페",https://blog.naver.com/annajung1/223220304586
2023-09-24,,https://blog.naver.com/ssoong_2_
2023-09-24,"경북궁 투어 ; 익선동, 돈의동 맛집",https://blog.naver.com/ssoong_2_/223220276611
2023-09-24,,https://blog.naver.com/skt0415
2023-09-24,여수 웅천 오션필드 구경 가볼 만한 곳,https://blog.naver.com/skt0415/223220243370
2023-09-24,,https://blog.naver.com/signmunhwa95
2023-09-24,"옥외광고의 뉴노멀, 팝업스토어 성수동이라는 매력적인 필드",https://blog.naver.com/signmunhwa95/223773497275
2023-09-24,,https://blog.naver.com/dvc65j6x
2023-09-24,"살롱순라, 종로 맛집에서 꼭 가보아야 할 명소",https://blog.naver.com/dvc65j6x/223219971262
2023-09-25,,https://blog.naver.com/hjs8756
2023-09-25,81. 청수당 | 전남 카페 고소동 벽화마을 여수 대형 핫플 신상카페,https://blog.naver.com/hjs8756/223221245078
2023-09-25,,https://blog.naver.com/s38ewdnsa
2023-09-25,서울 중앙 골목 투어 ②-익선동 한옥마을 등,https://blog.naver.com/s38ewdnsa/223221081262
2023-09-26,,https://blog.naver.com/str_anger
2023-09-26,[서울여행4탄] 서울 국립 현대 미술관 / 자작나무 이야기 인생빙수 존맛 / 창경궁 / 도모다찌 돈코츠라멘 존맛,https://blog.naver.com/str_anger/223222521441
2023-09-26,,https://blog.naver.com/ouslxpu4
2023-09-26,서울하면 떠오르는 대표적인 관광명소들,https://blog.naver.com/ouslxpu4/223222418418
2023-09-26,종로 가볼만한곳 익선동 한옥거리 광장시장 데이트코스,https://blog.naver.com/weeeunjee/223222336616
2023-09-26,"도시재생의 마중물을 붓다, 익선다다",https://blog.naver.com/casalife/223733195511
2023-09-26,,https://blog.naver.com/jiyeon414
2023-09-26,익선동 데이트 코스로 가기 좋은 한옥 거리 조용한 분위기 카페 시그니처 알 내돈내산 후기,https://blog.naver.com/jiyeon414/223222171831
2023-09-26,,https://blog.naver.com/minimalism___
2023-09-26,"카페_카페하이웨스트 익선점(종로카페, 익선동카페, 서울 주말 나들이)",https://blog.naver.com/minimalism___/223221897087
2023-09-27,,https://blog.naver.com/yes23_6
2023-09-27,[종로 라운지바] 한옥 뷰 맛집인 새서울 오프닝 기념 파티 후기~♪,https://blog.naver.com/yes23_6/223223492264
2023-09-27,,https://blog.naver.com/jibin0318
2023-09-27,데이트명소 스테이크맛집 종로 맛집 더멜란지,https://blog.naver.com/jibin0318/223223475967
2023-09-27,,https://blog.naver.com/wlsdls6
2023-09-27,데이트하기 좋은 종로 맛집 더멜란지,https://blog.naver.com/wlsdls6/223223365219
2023-09-27,,https://blog.naver.com/ja5q61fq
2023-09-27,날씨 좋은 날 익선동 데이트 간판없는가게에 다녀왔습니다!,https://blog.naver.com/ja5q61fq/223223364408
2023-09-27,,https://blog.naver.com/tree74-
2023-09-27,종로 맛집 더멜란지 데이트맛집 퓨전양식 맛집 여기 맛있어요,https://blog.naver.com/tree74-/223223316074
2023-09-27,,https://blog.naver.com/aoekdud
2023-09-27,종각역맛집 익선동 데이트 코스로 돼지갈비 잘하는 고기집 미도갈비 선택,https://blog.naver.com/aoekdud/223223068014
2023-09-27,,https://blog.naver.com/sinbloger
2023-09-27,익선동맛집 간판없는가게 익선동카페 오얏꽃/ 익선동 한옥거리 데이트 코스로 추천,https://blog.naver.com/sinbloger/223223057329
2023-09-27,,https://blog.naver.com/kosan592
2023-09-27,익선동(益善洞) 골목 야경,https://blog.naver.com/kosan592/223222902964
2023-09-27,,https://blog.naver.com/sunsun591
2023-09-27,서울 명소 가볼만한곳 무계원 전통혼례 종로구 부암동 전통문화공간 74남북공동성명장소 찾아가는길,https://blog.naver.com/sunsun591/223222822171
2023-09-27,익선동 놀거리 한옥거리 맛집 카페 데이트 방문후기,https://blog.naver.com/buong00/223222820360
2023-09-28,,https://blog.naver.com/2kongda
2023-09-28,"낡은 창신동 건물을 개조한 음식점, 우물집",https://blog.naver.com/2kongda/223224044481
2023-09-28,,https://blog.naver.com/specific10044
2023-09-28,익선동 맛집~ 맛있는 메뉴가 많은 익선디미방,https://blog.naver.com/specific10044/223223989974
2023-09-28,,https://blog.naver.com/joo2u_
2023-09-28,유럽감성의 데이트추천 더멜란지 종로 맛집,https://blog.naver.com/joo2u_/223223778695
2023-09-28,,https://blog.naver.com/kikim9055
2023-09-28,종로 맛집 정성이 가득한 더멜란지,https://blog.naver.com/kikim9055/223223660008
2023-09-28,[서울] 어반스테이 부티크 익선,https://blog.naver.com/paludier/223223634498
2023-09-28,,https://blog.naver.com/shmj0705
2023-09-28,익선동 치즈 인더스트리 데이트 코스로 가볼만한 종로 익선동 카페,https://blog.naver.com/shmj0705/223213807479
2023-09-28,,https://blog.naver.com/sprout_100
2023-09-28,돈되는 개발호재 핵심정리(IGO빡시다 황성환),https://blog.naver.com/sprout_100/223223585036
2023-09-28,,https://blog.naver.com/iool4a2o
2023-09-28,"최근 국내여행 트렌드: 해외여행 못지, 국내로 떠나자!",https://blog.naver.com/iool4a2o/223223549635
2023-09-28,,https://blog.naver.com/3y9ewkpw
2023-09-28,서울의 매력을 느낄 수 있는 관광 코스와 숨은 명소,https://blog.naver.com/3y9ewkpw/223223536651
2023-09-29,서울 데이트코스 추천 인사동 쌈지길 데이트 후기,https://blog.naver.com/itsmelsabel/223224631007
2023-09-29,,https://blog.naver.com/kisspsm
2023-09-29,종로 맛집 더멜란지 서순라길 최고 맛집을 소개합니다.,https://blog.naver.com/kisspsm/223224566946
2023-09-29,종로 맛집 데이트필수코스 더멜란지,https://blog.naver.com/1004jjungi/223224512248
2023-09-29,,https://blog.naver.com/lovellly0121
2023-09-29,종로 맛집 더멜란지 데이트명소 핫플,https://blog.naver.com/lovellly0121/223224493321
2023-09-29,,https://blog.naver.com/pjk6026
2023-09-29,맛있고 다양한 퓨전 양식 전문접 더멜란지 종로 맛집,https://blog.naver.com/pjk6026/223224445348
2023-09-29,,https://blog.naver.com/mariers_79680
2023-09-29,"신나는 여행의 시작, 나만의 첫 번째 해외 여행지 추천!",https://blog.naver.com/mariers_79680/223216555423
2023-09-29,,https://blog.naver.com/merryggyu
2023-09-29,"[익선애뜻] 한옥거리 익선동데이트 장소추천, 종로익선동맛집",https://blog.naver.com/merryggyu/223224388836
2023-09-29,,https://blog.naver.com/basketqfr378
2023-09-29,종로 추천 이해하기 쉽게 정리했어요,https://blog.naver.com/basketqfr378/223224251662
2023-09-29,,https://blog.naver.com/minpil0312
2023-09-29,익선동한옥거리맛집 종로익선동맛집 익선동한식 익선동데이트 익선애뜻,https://blog.naver.com/minpil0312/223223971738
2023-09-30,,https://blog.naver.com/sm203300
2023-09-30,더멜란지 퓨전메뉴들이 정말 맛있고 비주얼도 풍미도 아주 멋졌어요. 종로 맛집,https://blog.naver.com/sm203300/223225114917
2023-09-30,,https://blog.naver.com/rose08248
2023-09-30,[종로 맛집] 더멜란지 추천!!,https://blog.naver.com/rose08248/223224996566
2023-09-30,,https://blog.naver.com/vivaceren
2023-09-30,"가을 창경궁 야간개장 예약하고 다녀온 날, 대온실 야간개방 내부 구경",https://blog.naver.com/vivaceren/223224683277
2023-10-01,종로 데이트코스 퓨전 양식 맛집 더멜란지,https://blog.naver.com/dleksql101807/223225772974
2023-10-01,,https://blog.naver.com/dream777_1
2023-10-01,종로 맛집 가볼만한 곳 더멜란지,https://blog.naver.com/dream777_1/223225600098
2023-10-01,"서울여행코스 - 광장시장, 창덕궁, 남산, 익선동, 명동 - 가볼만한곳 총정리 (1박 2일)",https://blog.naver.com/nydelphie/223225511756
2023-10-01,,https://blog.naver.com/2wmq1cbt
2023-10-01,"한옥 레스토랑 살롱순라, 종로의 매력적인 맛집과 분위기를 느껴보기",https://blog.naver.com/2wmq1cbt/223225438508
2023-10-01,,https://blog.naver.com/ruri_89
2023-10-01,추석 연휴 서울 야간 데이트 ◡̈ ༘ *,https://blog.naver.com/ruri_89/223225303926
2023-10-02,,https://blog.naver.com/qpyuufye
2023-10-02,동네에 가면 꼭 방문하게 되는 맛집~ 익선동 분위기 맛집 간판없는가게,https://blog.naver.com/qpyuufye/223226345439
2023-10-02,,https://blog.naver.com/v0l4auzd
2023-10-02,음식과 분위기 모두 행복한 일상의 조각 익선동 파스타 간판없는가게,https://blog.naver.com/v0l4auzd/223226335999
2023-10-02,,https://blog.naver.com/rcfp4uuz
2023-10-02,익선동에서 발견한 미식의 보고~~ 익선동 파스타 간판없는가게,https://blog.naver.com/rcfp4uuz/223226330477
2023-10-02,,https://blog.naver.com/0307cys
2023-10-02,"꿈결로 이끄는 길, 서울우리소리박물관",https://blog.naver.com/0307cys/223226221465
2023-10-02,,https://blog.naver.com/love2023-
2023-10-02,더멜란지 퓨전 양식 종로 맛집,https://blog.naver.com/love2023-/223226067502
2023-10-02,,https://blog.naver.com/yunyejin20
2023-10-02,종로 맛집 더멜란지,https://blog.naver.com/yunyejin20/223226062643
2023-10-02,,https://blog.naver.com/ktxcks
2023-10-02,"나의 블로그, 2023-9월 월간 순위별 제목별 방문실적 현황",https://blog.naver.com/ktxcks/223226039487
2023-10-02,"나의 블로그 - 2023-9월, 3위 순위별 제목별 조회수 실적 [9/9, 931명 방문]",https://blog.naver.com/ktxcks/223226037776
2023-10-03,,https://blog.naver.com/langzimmer
2023-10-03,맛과 분위기가 빛나는 신촌 현지인 추천 맛집과 숨은 명소!,https://blog.naver.com/langzimmer/223227304215
2023-10-03,,https://blog.naver.com/a_one_life
2023-10-03,종로 분위기좋은 파스타 맛집 더멜란지,https://blog.naver.com/a_one_life/223227246797
2023-10-03,,https://blog.naver.com/pik9190
2023-10-03,더멜란지 종로 맛집 데이트코스로 딱좋은 런던감성 레스토랑,https://blog.naver.com/pik9190/223227238262
2023-10-03,,https://blog.naver.com/didmskang17
2023-10-03,종로 맛집 분위기 좋은 레스토랑 더멜란지,https://blog.naver.com/didmskang17/223227160053
2023-10-03,,https://blog.naver.com/ibecomeu
2023-10-03,[서울 가을여행 총정리]광장시장부터 서울버스투어까지,https://blog.naver.com/ibecomeu/223227155845
2023-10-03,,https://blog.naver.com/saera7676
2023-10-03,"모두의 주차장 - 종묘, 창덕궁 종로 나들이 시 주차이용 팁",https://blog.naver.com/saera7676/223227135669
2023-10-03,종로 맛집 런던 풍의 특별한 분위기와 더불어 이국적인 메뉴들을 즐기게 되는 더멜란지,https://blog.naver.com/ygd1530/223227121840
2023-10-03,,https://blog.naver.com/camellia_000
2023-10-03,실패없는 데이트 맛집 더멜란지 종로 맛집,https://blog.naver.com/camellia_000/223227100719
2023-10-03,,https://blog.naver.com/0033156
2023-10-03,더멜란지 종로 맛집 최고의 분위기 데이트 장소,https://blog.naver.com/0033156/223227091435
2023-10-03,,https://blog.naver.com/skc9528
2023-10-03,"새로 오픈 익선동 맛집 평해옥, 게장으로 차린 푸짐한 한정식 반상",https://blog.naver.com/skc9528/223227042924
2023-10-04,,https://blog.naver.com/qkrwngml0392
2023-10-04,광화문 유명 맛집으로 소문난 종로 맛집 더멜란지,https://blog.naver.com/qkrwngml0392/223228186310
2023-10-04,,https://blog.naver.com/5bro_
2023-10-04,"벽돌 외장재 원목마루 금속을 활용한 인테리어, 대형 루프탑 카페 익선동 티퍼런스서울",https://blog.naver.com/5bro_/223228099625
2023-10-04,,https://blog.naver.com/ruddu97
2023-10-04,이색적인 음식 맛보고 싶다면 종로 맛집 더멜란지,https://blog.naver.com/ruddu97/223227992221
2023-10-04,,https://blog.naver.com/dongyun9010
2023-10-04,최고의 서비스와 분위기로 데이트 명소의 핫플로 소문난 맛집 종로 맛집 더멜란지,https://blog.naver.com/dongyun9010/223227985487
2023-10-04,,https://blog.naver.com/qlrqod3590
2023-10-04,더멜란지 종로 맛집 데이트 하기 좋은곳,https://blog.naver.com/qlrqod3590/223227980015
2023-10-04,,https://blog.naver.com/minji9423
2023-10-04,"종로3가역 익선동 데이트코스 맛집 추천 치앙마이방콕 익선점 + 메뉴추천, 웨이팅, 가격",https://blog.naver.com/minji9423/223226532388
2023-10-04,,https://blog.naver.com/arang_lsw
2023-10-04,서울 여기저기 - 종로구 익선동 ...한옥과 골목의 어우러짐,https://blog.naver.com/arang_lsw/223227813015
2023-10-04,,https://blog.naver.com/bdschamp
2023-10-04,"레트로가 트렌드다, 골목 상권으로 가는 MZ",https://blog.naver.com/bdschamp/223227695334
2023-10-05,,https://blog.naver.com/teensee
2023-10-05,더 커졌다! 익선동 청수당! 외국인들한테도 핫플레이스!,https://blog.naver.com/teensee/223229260401
2023-10-05,,https://blog.naver.com/ngo03
2023-10-05,9월 27일 밤 종로 을지로 산책,https://blog.naver.com/ngo03/223229238788
2023-10-05,,https://blog.naver.com/xcxc3535
2023-10-05,데이트코스로 제격인 더멜란지 종로 맛집,https://blog.naver.com/xcxc3535/223229199669
2023-10-05,,https://blog.naver.com/l_je3019
2023-10-05,더멜란지 데이트장소 추천 종로 맛집,https://blog.naver.com/l_je3019/223229099688
2023-10-05,,https://blog.naver.com/creator_will
2023-10-05,"지역분석 - 서울시 종로구 (ft. 서울의 중심, 임장 스케치)",https://blog.naver.com/creator_will/223228972792
2023-10-05,,https://blog.naver.com/redis12
2023-10-05,창원 원도심을 살리는 로컬크리에이터 축제 <세모로 페스타>,https://blog.naver.com/redis12/223228939120
2023-10-05,,https://blog.naver.com/szt9ny83
2023-10-05,서울을 탐험하며 발견한 매력적인 명소,https://blog.naver.com/szt9ny83/223228813272
2023-10-05,,https://blog.naver.com/missun7733
2023-10-05,서울 익선동: 한국의 역사와 예술이 공존하는 아름다운 거리,https://blog.naver.com/missun7733/223228730888
2023-10-05,"한옥과 해변, 자연과 전통을 만끽할 수 있는 여행지",https://blog.naver.com/szt9ny83/223228642198
2023-10-06,데이트 하기 좋고 퓨전양식을 즐길 수 있는 종로 맛집 더멜란지,https://blog.naver.com/bananas1007/223230203512
2023-10-06,,https://blog.naver.com/kjhj1220
2023-10-06,더멜란지 종로 맛집 추천,https://blog.naver.com/kjhj1220/223230036870
2023-10-06,HallSon의 청와대관람. 그리고 모교방문과 서촌 방문기. 《下》 모교방문과 서촌 방문기. (2023년9월30일),https://blog.naver.com/soontaekkim/223229866960
2023-10-06,,https://blog.naver.com/b259ky
2023-10-06,"[근영악기 일상] 익선동 자연도 소금빵, 익선동 야장, 을지로 골뱅이 소면 익선동 맛집",https://blog.naver.com/b259ky/223229785683
2023-10-06,서울데이트코스 추천! 학동역조용한카페 티퍼런스강남,https://blog.naver.com/endless13/223229559902
2023-10-06,,https://blog.naver.com/chlwogml0103
2023-10-06,"익선동 카페, 진한 버터맛과 다양한 토핑의 웨이팅 필수인 소금빵 맛집 ㅣ소하염전ㅣ",https://blog.naver.com/chlwogml0103/223229539626
2023-10-06,데이트하기에 딱 좋은 더멜란지 종로 맛집,https://blog.naver.com/enddlaka010-/223229480859
2023-10-07,,https://blog.naver.com/nice9533
2023-10-07,"[서울카페] 청수당 베이커리 - 감각적인 인테리어와 넓찍한 카페 공간, 나들이&데이트 코스 추천",https://blog.naver.com/nice9533/223230808029
2023-10-07,,https://blog.naver.com/mi1047
2023-10-07,종로 맛집 더멜란지 믿고 먹을 수 있는 그 맛,https://blog.naver.com/mi1047/223230770134
2023-10-07,,https://blog.naver.com/lyt0670
2023-10-07,더멜란지 종로 맛집으로 주변에서 인정받고 있는 핫플레이스,https://blog.naver.com/lyt0670/223230625244
2023-10-07,,https://blog.naver.com/hojjj1020
2023-10-07,익선동 한옥거리 맛집 익선취향 데이트코스 추천,https://blog.naver.com/hojjj1020/223230558473
2023-10-07,,https://blog.naver.com/boha50
2023-10-07,일본 이 작은 마을이 관광객을 끌어오는 방법[전승훈의 아트로드],https://blog.naver.com/boha50/223230554841
2023-10-07,,https://blog.naver.com/sky150424
2023-10-07,더멜란지 종로 맛집 데이트필수코스 찐 추천밥집,https://blog.naver.com/sky150424/223230501129
2023-10-07,,https://blog.naver.com/ekffurtkfkd_11
2023-10-07,더멜란지 알아주는 음식점! 종로 맛집,https://blog.naver.com/ekffurtkfkd_11/223230470075
2023-10-07,,https://blog.naver.com/youn-hwo
2023-10-07,종로 맛집으로 유명한 더멜란지,https://blog.naver.com/youn-hwo/223230443810
2023-10-07,,https://blog.naver.com/foorog
2023-10-07,[안국/인사동/익선동] 데이트코스 리틀버틀러/레이어드구경/북촌거리구경/열린송현녹지광장/인사동구경/구경/자연도소금빵/종로3가포차거리이모네포차/조선젤라또 + MZ꽃샷,https://blog.naver.com/foorog/223230240877
2023-10-07,"[오늘의 맛집 소식] 23.10.07 ""광주의 게미 보여줄 맛집, 신청하세요"" & 사우디, 한국 혁신 맛집 또 왔다 & 지난해 '단풍 맛집' TOP 3는? '불국사'·'남이섬'·",https://blog.naver.com/032gms/223230386881
2023-10-08,종로 가볼만한곳 익선동 한옥거리 익선동 가볼만한곳 맛집 등 총정리,https://blog.naver.com/bravoeun/223202824210
2023-10-08,,https://blog.naver.com/reviewviews
2023-10-08,힙지로 익선동 포토부스 셀프사진관 돈룩업에서 힙한 사진 남기고 가기,https://blog.naver.com/reviewviews/223231163567
2023-10-08,,https://blog.naver.com/tanbbang_827
2023-10-08,더멜란지 종로 맛집 빈티지한 감성의 라탄과 원목이 멋있어,https://blog.naver.com/tanbbang_827/223231155725
2023-10-08,,https://blog.naver.com/junseo6020
2023-10-08,종로 광화문 스테이크맛집 더멜란지 종로 맛집,https://blog.naver.com/junseo6020/223231151815
2023-10-08,,https://blog.naver.com/happydori__
2023-10-08,"부산 여행 ::: 밀락더마켓 / 비 오는 날 부산 여행 코스 추천(feat.리초야, 황남쫀드기)",https://blog.naver.com/happydori__/223231054134
2023-10-08,서울 핫플 카페 성수동 가볼만한곳 성수동 카페거리 탐방,https://blog.naver.com/neweunha/223231050613
2023-10-08,,https://blog.naver.com/ran8520
2023-10-08,[익선동] 핫한 순라길 #지미 스모크하우스 #종로 데이트코스,https://blog.naver.com/ran8520/223231042527
2023-10-08,"종로 맛집, 퓨전 양식을 만나볼 수 있는 곳 [더멜란지]",https://blog.naver.com/saeng6800-/223230969350
2023-10-08,,https://blog.naver.com/yjrch42
2023-10-08,"더멜란지, 종로 맛집 아늑하고 로맨틱한 데이트 장소로 딱!!",https://blog.naver.com/yjrch42/223230910995
2023-10-08,,https://blog.naver.com/miess1318
2023-10-08,종로 맛집 더멜란지,https://blog.naver.com/miess1318/223230889996
2023-10-08,종로 맛집 더멜란지는 다시 가고 싶은맛집이에요,https://blog.naver.com/ksk2052_/223230885976
2023-10-08,,https://blog.naver.com/rudol-334
2023-10-08,종로 맛집 * 더멜란지,https://blog.naver.com/rudol-334/223230885406
2023-10-09,"익선동 놀거리,데이트 코스로 좋은 디저트 맛집 어더아사 종로점 구슬 아이스크림 내돈내산 후기",https://blog.naver.com/jiyeon414/223232178625
2023-10-09,,https://blog.naver.com/tae5kit7
2023-10-09,익선동 스테이크 간판없는가게 익선동에서 맛본 졸맛 스테이크 ~진짜 맛있음,https://blog.naver.com/tae5kit7/223231925820
2023-10-09,,https://blog.naver.com/d2hkeoru
2023-10-09,익선동 데이트 맛집 간판없는가게 익선동에서 먹을 수 있는 힙한 갬성 맛집 추천 ~!,https://blog.naver.com/d2hkeoru/223231901064
2023-10-09,"더멜란지"" 종로 맛집""",https://blog.naver.com/muckbo84/223231892197
2023-10-09,,https://blog.naver.com/richtime4410
2023-10-09,#1.5 - 서울 문화 나들이 1편(종로),https://blog.naver.com/richtime4410/223231857414
2023-10-09,,https://blog.naver.com/eunmi-11
2023-10-09,종로 데이트하기 좋은곳 파스타 맛집 더멜란지,https://blog.naver.com/eunmi-11/223231842933
2023-10-09,데이트 맛집 더멜란지 종로 맛집,https://blog.naver.com/ljh500363/223231796117
2023-10-09,,https://blog.naver.com/n956871
2023-10-09,종로3가 익선동 맛집 품격있던 달랭이 제대로였어요,https://blog.naver.com/n956871/223231778046
2023-10-09,,https://blog.naver.com/ohayo11
2023-10-09,종로 익선동 놀거리 한옥거리 데이트코스 서울여행,https://blog.naver.com/ohayo11/223231719259
2023-10-09,,https://blog.naver.com/baek465400
2023-10-09,퓨전메뉴들이 독특하고 맛도 좋았어요 더멜란지 종로 맛집,https://blog.naver.com/baek465400/223231712920
2023-10-09,,https://blog.naver.com/moonssunwith
2023-10-09,데이트하기 좋은 종로 맛집 더멜란지,https://blog.naver.com/moonssunwith/223231663341
2023-10-09,,https://blog.naver.com/xoxoho_
2023-10-09,"익선동 한식, 종로3가에서 먹는 맛집 정갈한 솥밥 [ 솔솥 ]",https://blog.naver.com/xoxoho_/223231528736
2023-10-09,"대구박물관 추천. 볼거리 많은 대구 여행 명소, 대구 가볼만한곳 대구근대역사관 탐방기",https://blog.naver.com/dlsen0115/223224452453
2023-10-09,,https://blog.naver.com/yeeun_daily
2023-10-09,[DAILY] 10월 첫째 주 일상/DAILY,https://blog.naver.com/yeeun_daily/223231074249
2023-10-09,,https://blog.naver.com/xhaqkq99
2023-10-09,익선동 맛집 '반기다'의 진심 가득한 한끼,https://blog.naver.com/xhaqkq99/223231556595
2023-10-09,,https://blog.naver.com/yuya_0103
2023-10-09,"익선동 맛집 '반기다', 한옥 거리의 미슐랭 맛 여정",https://blog.naver.com/yuya_0103/223231554600
2023-10-10,,https://blog.naver.com/dmstlfdl95
2023-10-10,인사동데이트코스로 추천하는 고즈넉한 한옥에서 즐기는 한식 종로맛집 | 온따뜻한 솥밥,https://blog.naver.com/dmstlfdl95/223233112981
2023-10-10,,https://blog.naver.com/jshs0281
2023-10-10,종로 맛집 종로 핫플 분위기명소 더멜란지,https://blog.naver.com/jshs0281/223233052779
2023-10-10,,https://blog.naver.com/c98z6tsz
2023-10-10,서울 핫플레이스: 도심 속 다채로운 매력을 만나다,https://blog.naver.com/c98z6tsz/223233034757
2023-10-10,,https://blog.naver.com/qkrwlgp0312
2023-10-10,지혜의 머리 성장일기,https://blog.naver.com/qkrwlgp0312/223232990046
2023-10-10,,https://blog.naver.com/heeeppie
2023-10-10,2023.09 경주 여행 / 마 벌떼이,https://blog.naver.com/heeeppie/223232856173
2023-10-10,,https://blog.naver.com/282-226
2023-10-10,"종로맛집 ㅣ 창덕궁, 종로3가, 광화문 맛집으로 소문난 더멜란지 (메뉴판사진있음)",https://blog.naver.com/282-226/223232809175
2023-10-10,,https://blog.naver.com/hjs222022
2023-10-10,종로 맛집 데이트 하기 좋은 곳 더멜란지,https://blog.naver.com/hjs222022/223232444903
2023-10-10,,https://blog.naver.com/youngsook454
2023-10-10,최고의 맛을 자랑하는 종로 맛집 더멜란지,https://blog.naver.com/youngsook454/223232436175
2023-10-11,,https://blog.naver.com/frankship6
2023-10-11,더멜란지 !종로 순라길의 최고의 맛집으로소문난 종로 맛집,https://blog.naver.com/frankship6/223233907479
2023-10-11,,https://blog.naver.com/juju_ring
2023-10-11,익선동 맛집의 '반기다': 미슐랭급 음식과 아름다운 한옥 분위기가 어우러진 특별한 맛의 여정,https://blog.naver.com/juju_ring/223233853230
2023-10-11,,https://blog.naver.com/zzxcv1989
2023-10-11,종로 맛집 더멜란지 서울가면꼭가는곳,https://blog.naver.com/zzxcv1989/223233793532
2023-10-11,"어깨가 들썩, 박수가 절로~ 탑골공원 '세대 공감 북 콘서트'",https://blog.naver.com/120seoulcall/223233650883
2023-10-11,종로 익선동 데이트 에일당 수제맥주 앤 깻잎피자 맛본후기,https://blog.naver.com/ruduqhk/223233769421
2023-10-11,,https://blog.naver.com/risekmh
2023-10-11,김포 라베니체 수상불꽃공연 페스티벌 기간 프로그램 주차,https://blog.naver.com/risekmh/223233548796
2023-10-11,,https://blog.naver.com/keun111737
2023-10-11,[동양의 뉴욕]☆대한항공/3박4일] 상해,https://blog.naver.com/keun111737/223233547956
2023-10-11,,https://blog.naver.com/okdo-100
2023-10-11,더멜란지 종로 맛집 종로 서순라길 파스타맛집,https://blog.naver.com/okdo-100/223233531479
2023-10-11,,https://blog.naver.com/seoulbjh
2023-10-11,"경주버스투어 :: 경주당일치기, 경주1박2일여행코스 핫플트립 경주핫플버스",https://blog.naver.com/seoulbjh/223233529553
2023-10-11,종로 맛집 광화문 맛집으로 소문난 데이트 명소 더멜란지,https://blog.naver.com/par56/223233519546
2023-10-11,[오늘의 맛집 소식] 23.10.11 K패션 브랜드가 서울맛집과 만난 이유는 & 쿠팡이츠 입점 후 르네상스 맞은 전통시장 맛집 눈길 & [TD포토+] 루셈블 '돌아온 무대 맛집',https://blog.naver.com/032gms/223233416129
2023-10-11,,https://blog.naver.com/3342109
2023-10-11,고급스러운 분위기의 종로 맛집 더멜란지 추천,https://blog.naver.com/3342109/223233385695
2023-10-11,"[익선동] 우연화, 정성스러운 함박 스테이크 신상 맛집 추천!",https://blog.naver.com/wltjq717/223233378078
2023-10-11,,https://blog.naver.com/jedh1118
2023-10-11,도쿄의 락스타 내한오다..2,https://blog.naver.com/jedh1118/223233224441
2023-10-12,,https://blog.naver.com/oioi252
2023-10-12,"9월엔 여행, 생일, 만남 ... 더보기",https://blog.naver.com/oioi252/223235064744
2023-10-12,,https://blog.naver.com/travelever0
2023-10-12,서울 여행 팁: 현지인처럼 즐기는 데이트 코스,https://blog.naver.com/travelever0/223234954378
2023-10-12,,https://blog.naver.com/hmresort
2023-10-12,태국 푸켓VS코사무이 어디가 더 꿀잼일까?(추천 관광지&BEST 리조트),https://blog.naver.com/hmresort/223234880677
2023-10-12,,https://blog.naver.com/dolce77777
2023-10-12,종로 맛집 분위기도 맛도 탑인 더멜란지,https://blog.naver.com/dolce77777/223234571362
2023-10-12,"이마트24, '익선동 핫플' 청수당과 협업 상품 4종 출시",https://blog.naver.com/like_cuty/223234523236
2023-10-12,,https://blog.naver.com/tjdbdud0904
2023-10-12,종로 맛집 더멜란지,https://blog.naver.com/tjdbdud0904/223234487394
2023-10-12,,https://blog.naver.com/so7brkih
2023-10-12,로맨틱 익선동 여행,https://blog.naver.com/so7brkih/223234475805
2023-10-12,,https://blog.naver.com/poyy13
2023-10-12,종로 맛집 데이트 명소로 손색없었던 더멜란지,https://blog.naver.com/poyy13/223234472992
2023-10-12,나만 알고 싶은 익선동핫플 감성 있는 분위기 맛집인 간판 없는 가게,https://blog.naver.com/dsa9904333/223234364528
2023-10-12,,https://blog.naver.com/qbzcpywy
2023-10-12,한옥 분위기 품는 익선동 맛집 '살롱순라'로 로맨틱 데이트 떠나요!,https://blog.naver.com/qbzcpywy/223234267181
2023-10-13,,https://blog.naver.com/jongmin1990
2023-10-13,더멜란지 종로 맛집 인테리어는 깔끔하고 아름다웠던 곳!,https://blog.naver.com/jongmin1990/223235671376
2023-10-13,,https://blog.naver.com/mellow501_
2023-10-13,"종로 순라길 스테이크 파스타 맛집, 더멜란지",https://blog.naver.com/mellow501_/223235576625
2023-10-13,,https://blog.naver.com/lahahair
2023-10-13,"종로 맛집 최고의 서비스와 분위기로 데이트 명소, 핫플로 소문난 맛집 더 멜란지",https://blog.naver.com/lahahair/223235562026
2023-10-13,,https://blog.naver.com/pinkpearl-1004
2023-10-13,종로 맛집 더멜란지,https://blog.naver.com/pinkpearl-1004/223235557615
2023-10-13,,https://blog.naver.com/1amyoung1
2023-10-13,종로 데이트코스로 서울족욕카페 우주연해독연구소에서 힐링타임,https://blog.naver.com/1amyoung1/223235506903
2023-10-13,,https://blog.naver.com/hyxxseoya
2023-10-13,[러시아 교환학생] 모스크바 여행 1. 23/10/10,https://blog.naver.com/hyxxseoya/223235287461
2023-10-14,,https://blog.naver.com/mmm8692
2023-10-14,"살롱순라, 데이트코스로도 좋은 종로 맛집",https://blog.naver.com/mmm8692/223236762028
2023-10-14,,https://blog.naver.com/yms7997
2023-10-14,더멜란지 종로 맛집 핫플로 소문난 순라길의 최고 맛집,https://blog.naver.com/yms7997/223236668435
2023-10-14,,https://blog.naver.com/kamga00
2023-10-14,동네멋집 유정수의 익선동핫플카페 청수당베이커리카페 사진맛집,https://blog.naver.com/kamga00/223236612961
2023-10-14,,https://blog.naver.com/dnalfm1215
2023-10-14,종로 맛집 추천 더멜란지,https://blog.naver.com/dnalfm1215/223236600702
2023-10-14,다양한 퓨전 메뉴들이 준비되어 있는 더멜란지 종로 맛집,https://blog.naver.com/ksa6624/223236596936
2023-10-14,,https://blog.naver.com/tattoo5757
2023-10-14,데이트장소로 좋은 종로 맛집 추천 더멜란지,https://blog.naver.com/tattoo5757/223236570373
2023-10-14,,https://blog.naver.com/pogst0609
2023-10-14,종로 데이트 맛집 더멜란지,https://blog.naver.com/pogst0609/223236570180
2023-10-14,"여기서 하면 100%성공가능할듯~ 종로 3가맛집, 종로 소개팅 레스토랑&와인바 <더 멜란지>",https://blog.naver.com/odi01/223236474189
2023-10-14,,https://blog.naver.com/yesrotull
2023-10-14,서울 답사 : 사직 대제 및 서촌 일대 (2023. 9. 23 (토)) + 책 네 권 득템,https://blog.naver.com/yesrotull/223236472370
2023-10-14,"10월 서울 축제, 서울 가볼만한곳 2023년 종로 국악로 페스타 탐방 후기",https://blog.naver.com/dlsen0115/223236185691
2023-10-15,,https://blog.naver.com/kkkopop89
2023-10-15,더멜란지 종로 맛집 빈티지한 감성의 라탄과 원목,https://blog.naver.com/kkkopop89/223237280805
2023-10-15,,https://blog.naver.com/syuga11
2023-10-15,테이트 명소 퓨전레스토랑 신상맛집 더멜란지 종로 맛집,https://blog.naver.com/syuga11/223237274955
2023-10-15,,https://blog.naver.com/ororatower
2023-10-15,인천 영종도 가볼만한 곳) 왕산마리나 일몰+ 을왕리 맛집 자연도 소금빵&자연도가,https://blog.naver.com/ororatower/223237249528
2023-10-15,,https://blog.naver.com/white-556
2023-10-15,종로 맛집 더멜란지,https://blog.naver.com/white-556/223237247264
2023-10-15,,https://blog.naver.com/100itmaskter
2023-10-15,관광객들에게도 인기가 좋은 더멜란지 종로 맛집,https://blog.naver.com/100itmaskter/223237229729
2023-10-15,,https://blog.naver.com/dgm3457
2023-10-15,종로 맛집 매장이 넓어 모임하기 좋으며 음식이 신선하고 맛있는 곳 더멜란지,https://blog.naver.com/dgm3457/223237196587
2023-10-15,,https://blog.naver.com/licjh3jj
2023-10-15,더멜란지 종로 맛집 창덕궁 맛집 종로3가 맛집 광화문 맛집,https://blog.naver.com/licjh3jj/223237158067
2023-10-15,,https://blog.naver.com/hanolllove
2023-10-15,종로 맛집 분위기 좋고 맛도 좋은 데이트 명소 더멜란지,https://blog.naver.com/hanolllove/223237152917
2023-10-15,,https://blog.naver.com/autumn01230
2023-10-15,초이다이닝익선점 데이트코스로 좋은 익선동맛집 웨이팅있음,https://blog.naver.com/autumn01230/223236720644
2023-10-15,,https://blog.naver.com/tys67unk
2023-10-15,서울의 골목길 명소에서 새로운 감동과 여행의 즐거움을 만나다,https://blog.naver.com/tys67unk/223236872205
2023-10-16,,https://blog.naver.com/jgh369369
2023-10-16,익선동 한옥에서 즐기는 홍콩와플 / 익선주택,https://blog.naver.com/jgh369369/223238511151
2023-10-16,,https://blog.naver.com/djwld1317
2023-10-16,"‘트렌디 맛집 편집숍’ 이마트24, 이번엔 익선동 핫플 ‘청수당’과 맞손",https://blog.naver.com/djwld1317/223238432991
2023-10-16,,https://blog.naver.com/thirty-mall
2023-10-16,"""익선동 맛집 데이트 코스 추천 - 간판없는가게"" 명란오일 스파게티,피자, 차돌박이 리조또로 소개팅맛집으로도 최적!",https://blog.naver.com/thirty-mall/223238304700
2023-10-16,,https://blog.naver.com/qorak766
2023-10-16,익선동 한옥거리 맛집 종로 데이트 장소로 딱 좋은 에일당 Ikseondong famous restaurants,https://blog.naver.com/qorak766/223238069425
2023-10-16,,https://blog.naver.com/the_trip
2023-10-16,"멀리 나갈 필요 없이, 서울에서 즐기는 단풍놀이 명소 top5",https://blog.naver.com/the_trip/223238049154
2023-10-16,,https://blog.naver.com/bigrealestate
2023-10-16,"감동적인 첫인상, 쾌적한 보행로로 '다시 찾고픈 서울' 만듭니다!!",https://blog.naver.com/bigrealestate/223238007581
2023-10-16,,https://blog.naver.com/palang486
2023-10-16,정담은보쌈 북촌점(feat.세운상가),https://blog.naver.com/palang486/223237984250
2023-10-16,,https://blog.naver.com/kim_jk22
2023-10-16,[서울 종로구] 익선동거리 익선동놀곳 낙원역카페,https://blog.naver.com/kim_jk22/223237706352
2023-10-16,,https://blog.naver.com/owha2020
2023-10-16,데이트 하기 좋은 서울 가을 단풍구경 명소 BEST 5,https://blog.naver.com/owha2020/223237590766
2023-10-17,"창덕궁 근처 서순라길카페, 달콤한 디저트 가득한 매니비니",https://blog.naver.com/curongi/223239494842
2023-10-17,,https://blog.naver.com/lys8090
2023-10-17,모임 장소로 가기 좋은 종로3가 맛집 익선정육,https://blog.naver.com/lys8090/223239170980
2023-10-17,,https://blog.naver.com/etoos-ksj
2023-10-17,2023년 서울 단풍 명소 추천 리스트,https://blog.naver.com/etoos-ksj/223232707563
2023-10-17,,https://blog.naver.com/miki0405
2023-10-17,"첨단카페 광주 이색 데이트코스로 갈만한 곳, 디저트맛집 소하염전입니다",https://blog.naver.com/miki0405/223239040794
2023-10-17,,https://blog.naver.com/heavymeercat885
2023-10-17,"고요한 분위기, 로맨틱한 레스토랑, 종로맛집, 살롱순라",https://blog.naver.com/heavymeercat885/223238645247
2023-10-17,,https://blog.naver.com/nergooori
2023-10-17,익선동셀프사진관 포토그레이에서 추억남기다,https://blog.naver.com/nergooori/223238571991
2023-10-18,"[오늘의 맛집 소식] 23.10.18 포동포동 몽글몽글 푸딩 맛집 & HD현대중공업은 '조선기술사' 맛집 & '디저트 맛집' GS25, 캔에 담긴 '빌리엔젤' 케이크 2종 판매",https://blog.naver.com/032gms/223239751388
2023-10-19,,https://blog.naver.com/wjddldml_blog33
2023-10-19,더멜란지 데이트하기 좋은 장소의 종로 맛집,https://blog.naver.com/wjddldml_blog33/223241317328
2023-10-19,,https://blog.naver.com/dnwjddl137
2023-10-19,핫플로 소문난 더멜란지 종로 맛집,https://blog.naver.com/dnwjddl137/223241240161
2023-10-19,,https://blog.naver.com/sang_0527
2023-10-19,종로 맛집 분위기좋은 데이트명소 더멜란지,https://blog.naver.com/sang_0527/223241137593
2023-10-19,"가을에 가볼만한 곳 (종로 북촌, 인사동 나들이)",https://blog.naver.com/action002/223241049285
2023-10-19,,https://blog.naver.com/chubchub2212
2023-10-19,익선동 데이트 오로라타로사주 -심심풀이 종합사주 & 컬러타로 완전 신기빵기,https://blog.naver.com/chubchub2212/223241021783
2023-10-19,,https://blog.naver.com/soom0430
2023-10-19,"창신동 데이트 코스 추천 : 밀림, 단풍도넛 창신(주차장 추천, 창신동 발렛파킹, 캐치테이블 예약)",https://blog.naver.com/soom0430/223240769914
2023-10-20,종로 맛집 핫플로 소문난 데이트 명소 맛집 더멜란지,https://blog.naver.com/mwk75/223242204041
2023-10-20,종로 맛집 더멜란지는 새우 관자 비스크 링귀니맛이 일품이에요,https://blog.naver.com/ksk2052/223242172203
2023-10-20,,https://blog.naver.com/shim2779
2023-10-20,"전국에서 단풍으로 유명한 곳, 10군데가 어디니?",https://blog.naver.com/shim2779/223242168824
2023-10-20,,https://blog.naver.com/bruno_seo
2023-10-20,성북동과 현대미술,https://blog.naver.com/bruno_seo/223241741180
2023-10-21,,https://blog.naver.com/jssong0125
2023-10-21,"[이탈리아] 여자 혼자 8박 9일 이탈리아 여행 (1) : 로마에서 멍청비용 30만원 쓴 여성 어떤데 + 바티칸투어, 토스카나투어",https://blog.naver.com/jssong0125/223242942679
2023-10-21,"일본 오사카 교토여행, 교토 뷰 명소_청수사(기요미즈데라)",https://blog.naver.com/barasun/223242928544
2023-10-21,,https://blog.naver.com/sfinalphonen
2023-10-21,익선동 맛집 추천! 1. 김치찌개 맛집 TOP 10,https://blog.naver.com/sfinalphonen/223242907482
2023-10-21,,https://blog.naver.com/tjdrhd526
2023-10-21,퓨전양식 전문점 더멜란지 종로 맛집,https://blog.naver.com/tjdrhd526/223242881490
2023-10-21,,https://blog.naver.com/dbswltjd1228
2023-10-21,"스테이크, 파스타, 샐러드 등 다양한 메뉴를 제공하는 종로 맛집 더멜란지",https://blog.naver.com/dbswltjd1228/223242857381
2023-10-21,,https://blog.naver.com/eho0404
2023-10-21,유럽풍 레스토랑 데이트 하기 좋은 집 [더멜란지] 종로 맛집,https://blog.naver.com/eho0404/223242826465
2023-10-21,종로 맛집 더멜란지 종로 3가 스테이크 맛집,https://blog.naver.com/0505ymj/223242808609
2023-10-21,더멜란지 데이트하기 좋은 종로 맛집,https://blog.naver.com/wlsdls6/223242608584
2023-10-21,,https://blog.naver.com/having1510mr
2023-10-21,"더멜란지스테이크, 파스타, 샐러드 등 다양한 메뉴를 제공하는 종로 맛집",https://blog.naver.com/having1510mr/223242597021
2023-10-21,,https://blog.naver.com/ksy450691
2023-10-21,"창경궁,종로3가,광화문 일원 맛집으로 소문난 곳 더멜란지 종로 맛집",https://blog.naver.com/ksy450691/223242561405
2023-10-21,,https://blog.naver.com/rose04532
2023-10-21,[종로 맛집] 더멜란지 추천!,https://blog.naver.com/rose04532/223242518512
2023-10-21,,https://blog.naver.com/chicpink
2023-10-21,종로 익선동 사주타로관상손금 익선통하다 카페 핫플데이트,https://blog.naver.com/chicpink/223242368910
2023-10-22,,https://blog.naver.com/barbara365
2023-10-22,"[종로/ 서순라길] 서순라길 야장 탐방 - 비틀비틀 비틀스 타코 , 퀸즈가드 (안주 배달 , 가을 산책길 추천, 단풍, 부제: 서술라길)",https://blog.naver.com/barbara365/223243703259
2023-10-22,,https://blog.naver.com/youngyoung2__
2023-10-22,"서울 명소 놀러다닌 후기, 서울 놀러갈만한 곳 추천!! (한강, 남산, 해방촌 등등)",https://blog.naver.com/youngyoung2__/223243688182
2023-10-22,성수동 빵집 박세리 소금빵 맛집으로 유명한 성수 신상 빵집 자연도소금빵,https://blog.naver.com/hjinnyk71/223243636111
2023-10-22,,https://blog.naver.com/zzvx5743
2023-10-22,익선동 카페: 역대급 판매량을 자랑하는 시각적 향연,https://blog.naver.com/zzvx5743/223243564470
2023-10-22,,https://blog.naver.com/dbsrud0711
2023-10-22,가을 단풍 명소 추천 가을여행지 BEST 7,https://blog.naver.com/dbsrud0711/223243424140
2023-10-22,,https://blog.naver.com/dlfflq77
2023-10-22,"아늑한 분위기의 레스토랑이 있는, 종로 맛집 더멜란지",https://blog.naver.com/dlfflq77/223243348902
2023-10-22,"서울 핫플레이스 청계천 구경,종로 광화문산책",https://blog.naver.com/cabbagegarden1999/223243331166
2023-10-22,,https://blog.naver.com/ljh500_170
2023-10-22,분위기가 좋아 데이트 코스로 추천하는 종로 맛집 더멜란지,https://blog.naver.com/ljh500_170/223243322371
2023-10-22,유럽의 레스토랑에 온 듯한 아늑한 인테리어 종로 맛집 더멜란지 안내,https://blog.naver.com/bds6165/223243308698
2023-10-22,종로 데이트코스 추천 분위기 맛집 더멜란지,https://blog.naver.com/dleksql101807/223243175083
2023-10-22,,https://blog.naver.com/plokij-4321
2023-10-22,최고의 서비스와 분위기좋으며 다양한 퓨전 양식 맛집 종로 맛집 더멜란지,https://blog.naver.com/plokij-4321/223243137956
2023-10-22,,https://blog.naver.com/mingmei88
2023-10-22,종로 익선동 핫플레이스 새서울 라운지,https://blog.naver.com/mingmei88/223243084751
2023-10-23,,https://blog.naver.com/gamejaki
2023-10-23,익선동카페 관광명소 기찻길 낙원역,https://blog.naver.com/gamejaki/223244698847
2023-10-23,,https://blog.naver.com/cpfl452
2023-10-23,종로 실내 이색 데이트 각종 체험할 수 있는 인사동 쌈지길 데이트,https://blog.naver.com/cpfl452/223244591919
2023-10-23,,https://blog.naver.com/yrc3479
2023-10-23,한국의 식재료를 가미하여 독특한 맛을 와인 한 잔과의 진한 감동을 종로 맛집 더멜란지,https://blog.naver.com/yrc3479/223244276186
2023-10-23,"송리단길 맛집 송리단취향, 파스타 유명한 석촌호수 맛집 데이트 코스",https://blog.naver.com/mill59/223244226287
2023-10-23,,https://blog.naver.com/bom0410410
2023-10-23,퓨전 양식 맛집 종로 맛집 더멜란지,https://blog.naver.com/bom0410410/223244170138
2023-10-23,더멜란지 데이트명소 종로 맛집,https://blog.naver.com/lovellly0121/223244168042
2023-10-23,서비스와 분위기로 데이트명소 핫플로 소문난 맛집 종로 맛집 더멜란지,https://blog.naver.com/83display/223244113260
2023-10-23,,https://blog.naver.com/asd08311
2023-10-23,종로 맛집 더멜란지 추천해요,https://blog.naver.com/asd08311/223244097897
2023-10-23,,https://blog.naver.com/wjddus1121
2023-10-23,종로에 가면 이집을 가야지 더멜란지 종로 맛집,https://blog.naver.com/wjddus1121/223244074812
2023-10-23,,https://blog.naver.com/rladnjstns5
2023-10-23,종로 맛집 최고의 서비스와 분위기로 핫플로 소문난 맛집 더멜란지,https://blog.naver.com/rladnjstns5/223244041613
2023-10-23,,https://blog.naver.com/junhoho529
2023-10-23,고급진 분위기의 데이트 하기 좋은 더멜란지 종로 맛집,https://blog.naver.com/junhoho529/223244025896
2023-10-23,,https://blog.naver.com/hmchoi45264
2023-10-23,[종로 맛집] 소문난곳!! 더멜란지,https://blog.naver.com/hmchoi45264/223244024295
2023-10-24,,https://blog.naver.com/cherrymeme
2023-10-24,종로 이베리코 스테이크 맛집 더멜란지,https://blog.naver.com/cherrymeme/223245643916
2023-10-24,더멜란지는소품 하나하나에도 정성이 가득 담긴종로 맛집입니다,https://blog.naver.com/lim11555/223245604144
2023-10-24,종로 맛집 더멜란지 데이트코스로 강추,https://blog.naver.com/dhs_5258/223245588359
2023-10-24,,https://blog.naver.com/bo1691
2023-10-24,더멜란지 종로 맛집 ~~소개해요,https://blog.naver.com/bo1691/223245528722
2023-10-24,,https://blog.naver.com/lkk1012
2023-10-24,종로 맛집 더멜란지 데이트하기 좋은곳,https://blog.naver.com/lkk1012/223245508499
2023-10-24,,https://blog.naver.com/joybox0927
2023-10-24,[더멜란지] 다른 곳에서 볼 수 없는 독특한 메뉴들이 많은 맛집 종로 맛집,https://blog.naver.com/joybox0927/223245501079
2023-10-24,종로데이트후 필수로 들려줘야하는 맛집 더멜란지 종로 맛집,https://blog.naver.com/pik9190/223245491917
2023-10-24,,https://blog.naver.com/onestar8500
2023-10-24,이마트24 청수당 콜라보 디저트 “청수당 말차프로마주 생크림빵”,https://blog.naver.com/onestar8500/223245478297
2023-10-24,,https://blog.naver.com/1smileboy1
2023-10-24,더멜란지 종로 맛집,https://blog.naver.com/1smileboy1/223245328416
2023-10-24,,https://blog.naver.com/jjong3839
2023-10-24,더멜란지 종로 맛집,https://blog.naver.com/jjong3839/223245321050
2023-10-24,,https://blog.naver.com/beluga3738
2023-10-24,"서울 여행 기록(1) 서순라길 대성성, 파이키, 서울 메트로 미술관, , 서촌 티엔미미, 하우스오브 블루, 인사동 나인트리",https://blog.naver.com/beluga3738/223245019258
2023-10-24,,https://blog.naver.com/sh6295
2023-10-24,[국내 여행] 100년만에 열린 금단의 땅 : 익선동 열린송현녹지광장,https://blog.naver.com/sh6295/223243658358
2023-10-25,,https://blog.naver.com/baevelyohvely
2023-10-25,"[남한산성 카페] 빵 맛집, 분위기 있는 한옥 카페 '경성빵공장'",https://blog.naver.com/baevelyohvely/223246685209
2023-10-25,,https://blog.naver.com/bbang98_
2023-10-25,데이트 명소 핫플로 소문난 종로 맛집 더멜란지,https://blog.naver.com/bbang98_/223246517008
2023-10-25,,https://blog.naver.com/gmlakd5300
2023-10-25,더멜란지 종로 맛집 소개,https://blog.naver.com/gmlakd5300/223246469530
2023-10-25,,https://blog.naver.com/ysyangel59
2023-10-25,[방탄소년단 뷔] (해외매체 allkpop 기사전문) 방탄소년단의 뷔(김태형)의 '서울 에디션 23' 명예관광홍보대사 글로벌 캠페인 3주 만에 5억뷰 돌파,https://blog.naver.com/ysyangel59/223246461460
2023-10-25,"이국적인 분위기 데이트코스""더멜란지"" 종로 맛집",https://blog.naver.com/muckbo84/223246461852
2023-10-25,종로 맛집 더멜란지 모임장소 추천,https://blog.naver.com/l_je3019/223246452974
2023-10-25,,https://blog.naver.com/xcxc2525
2023-10-25,더멜란지 종로 맛집 연인과 오기좋은,https://blog.naver.com/xcxc2525/223246452856
2023-10-25,,https://blog.naver.com/hello1816hihi
2023-10-25,회식하기 좋은 종로 맛집 더멜란지,https://blog.naver.com/hello1816hihi/223246444409
2023-10-25,더멜란지 종로 맛집 후기 작성,https://blog.naver.com/okdo-100/223246403373
2023-10-25,,https://blog.naver.com/kang091812
2023-10-25,달랭이로 올라가자 이곳은 익선동 맛집 천국이야!,https://blog.naver.com/kang091812/223246392759
2023-10-25,데이트장소로 추천하고 싶은 종로 맛집 더멜란지,https://blog.naver.com/shdorud22/223246358068
2023-10-25,,https://blog.naver.com/leensee960_8
2023-10-25,[#종로3가 #서순라길] 뚜벅이 가을산책,https://blog.naver.com/leensee960_8/223246327653
2023-10-25,인사동쌈지길 인사동가볼만한곳 서울데이트,https://blog.naver.com/healyou_/223246095035
2023-10-25,,https://blog.naver.com/hotelsdotcomkr
2023-10-25,"힐링하러 떠나는 여행, '불멍'을 즐길 수 있는 서울 호텔 추천",https://blog.naver.com/hotelsdotcomkr/223246070632
2023-10-25,,https://blog.naver.com/rd1sdfxcv
2023-10-25,익선동을 다녀온 현지인들의 리뷰,https://blog.naver.com/rd1sdfxcv/223245790057
2023-10-26,,https://blog.naver.com/aile-ange
2023-10-26,퓨전 양식 메뉴맛집 더멜란지 종로 맛집,https://blog.naver.com/aile-ange/223247376993
2023-10-26,종로 맛집 신상 맛집 더멜란지,https://blog.naver.com/mi1047/223247325264
2023-10-26,,https://blog.naver.com/kimnh0705
2023-10-26,최고의 스테이크 맛봤던 더멜란지 종로 맛집,https://blog.naver.com/kimnh0705/223247307099
2023-10-26,,https://blog.naver.com/skylight58
2023-10-26,데이트 명소로 손에 꼽히는 종로맛집 더멜란지,https://blog.naver.com/skylight58/223247217909
2023-10-26,,https://blog.naver.com/remnant_650
2023-10-26,더멜란지 유명한 종로 맛집,https://blog.naver.com/remnant_650/223247139029
2023-10-26,,https://blog.naver.com/chrry717
2023-10-26,데이트 명소 핫플로 소문난 더멜란지 종로 맛집,https://blog.naver.com/chrry717/223247133527
2023-10-26,,https://blog.naver.com/keeno
2023-10-26,기대 이상이었던 수원화성 성곽길,https://blog.naver.com/keeno/223247115468
2023-10-26,,https://blog.naver.com/gvp90hem
2023-10-26,"종로구 익선동, 매력 가득한 살롱순라 추천맛집",https://blog.naver.com/gvp90hem/223247046728
2023-10-26,,https://blog.naver.com/nike-1004
2023-10-26,서울 핫플레이스 익선동 한옥거리 카페 맛집 쇼핑 종로 가볼만한 곳 데이트 장소 추천,https://blog.naver.com/nike-1004/223246762042
2023-10-26,,https://blog.naver.com/prayer5011
2023-10-26,종로 맛집 더멜란지 특별한 날이나 기념일에 가기좋은맛집!,https://blog.naver.com/prayer5011/223247006397
2023-10-26,[더멜란지] 종로 맛집,https://blog.naver.com/rolelrai56/223247006016
2023-10-26,,https://blog.naver.com/kng3388
2023-10-26,익선하다,https://blog.naver.com/kng3388/223246891361
2023-10-26,,https://blog.naver.com/6liy8rjg
2023-10-26,익선동 맛집 살롱순라에서 기분좋은 만남 그리고 맛있었던 시간,https://blog.naver.com/6liy8rjg/223246840959
2023-10-27,,https://blog.naver.com/holic_u
2023-10-27,[종로 창신동] 절벽마을 인스타 핫플 홍콩감성카페 <홍콩밀크컴퍼니>,https://blog.naver.com/holic_u/223248485220
2023-10-27,,https://blog.naver.com/a1231z
2023-10-27,부암동 주민 추천 명소 무계원 안평대군 몽유도원도,https://blog.naver.com/a1231z/223248415558
2023-10-27,,https://blog.naver.com/choco0000
2023-10-27,종로 맛집 최고 레스토랑 & 와인바 맛집 더멜란지,https://blog.naver.com/choco0000/223248393123
2023-10-27,,https://blog.naver.com/nama7867
2023-10-27,서울 야경 명소 드라이브 코스 북악 스카이웨이,https://blog.naver.com/nama7867/223248359428
2023-10-27,,https://blog.naver.com/kimnew87
2023-10-27,(더 멜란지) 분위기 좋은 데이트코스로 딱인 서순라길 와인바 익선동 핫플 종로3가 맛집 파스타 맛집 와인 레스토랑 스테이크 맛집 런던감성 레스토랑,https://blog.naver.com/kimnew87/223248288444
2023-10-27,,https://blog.naver.com/okhui8271
2023-10-27,《더멜란지》 종로 최고의 레스토랑&와인바 맛집를 다녀왔습니다.,https://blog.naver.com/okhui8271/223248286622
2023-10-27,,https://blog.naver.com/tnal852
2023-10-27,더멜란지 종로 맛집 최고의 서비스와 분위기 데이트명소,https://blog.naver.com/tnal852/223248272555
2023-10-27,,https://blog.naver.com/bj9288
2023-10-27,종로 맛집 분위기 좋은 스테이크 맛집 더멜란지,https://blog.naver.com/bj9288/223248248535
2023-10-27,"더멜란지 , 종로 맛집 !!",https://blog.naver.com/sdart5000/223248245275
2023-10-27,,https://blog.naver.com/toy99720
2023-10-27,역대급 핵존맛탱 [익선디미방] ; 익선동 맛집♥,https://blog.naver.com/toy99720/223248172335
2023-10-27,,https://blog.naver.com/mk06969
2023-10-27,한국 관광. 지역 별 관광 명소. 서울. 경기. 인천. 강원. 충남. 충북. 전북. 전남. 경남. 경북. 부산. 대구. 문체부 지정. a tourist attraction,https://blog.naver.com/mk06969/223248151315
2023-10-27,,https://blog.naver.com/tfcxdr-8642
2023-10-27,분위기와 서비스가 좋은 유럽 퓨전 양식 맛집 종로 맛집 더멜란지,https://blog.naver.com/tfcxdr-8642/223248002469
2023-10-27,,https://blog.naver.com/yessoopark
2023-10-27,시/익선동에 꽃 내려와 앉았네 - 전경배,https://blog.naver.com/yessoopark/223247876767
2023-10-28,,https://blog.naver.com/ksb38
2023-10-28,"상하이 자유여행 3박4일_3, 4일차 (그랜드센트럴호텔, 대한민국임시정부유적지, 신천지, 티엔즈팡, 예원, 하이디라오, 라오라오)",https://blog.naver.com/ksb38/223249185183
2023-10-28,,https://blog.naver.com/thdus589-
2023-10-28,퓨전양식의 신상 맛집에서 즐거운 식사로 추억이 깃들었던 더멜란지 종로 맛집,https://blog.naver.com/thdus589-/223249152539
2023-10-28,더멜란지 서비스와 분위기로 데이트명소인 핫플로 소문난 맛집 종로 맛집,https://blog.naver.com/dongyun9010/223249118699
2023-10-28,,https://blog.naver.com/rudtn2019
2023-10-28,종로 맛집 핫 플로 소문난 데이트 명소 더멜란지,https://blog.naver.com/rudtn2019/223249089203
2023-10-28,,https://blog.naver.com/ut7032
2023-10-28,더멜란지 종로 맛집,https://blog.naver.com/ut7032/223249080487
2023-10-28,아늑한 분위기에서 맛있게 식사할 수 있는 더멜란지 종로 맛집,https://blog.naver.com/tkdgus1148/223249028084
2023-10-28,,https://blog.naver.com/little2221
2023-10-28,더멜란지 / 종로 맛집,https://blog.naver.com/little2221/223249014740
2023-10-28,,https://blog.naver.com/ceoyj0218
2023-10-28,퓨전 양식을 즐길 수 있는 종로 맛집 더멜란지,https://blog.naver.com/ceoyj0218/223249009601
2023-10-28,종로 파스타맛집 더멜란지,https://blog.naver.com/didmskang17/223248989129
2023-10-28,,https://blog.naver.com/qortjgml1201
2023-10-28,종로 맛집 종로가볼만한곳 더멜란지,https://blog.naver.com/qortjgml1201/223248977098
2023-10-28,맛있는 브런치 맛 종로 맛집 더멜란지,https://blog.naver.com/hjs222022/223248967384
2023-10-28,,https://blog.naver.com/monekey1234
2023-10-28,더멜란지 고급진 분위기 종로 맛집,https://blog.naver.com/monekey1234/223248945190
2023-10-28,,https://blog.naver.com/m_friend
2023-10-28,서울의 아름다운 단풍 명소 BEST 10,https://blog.naver.com/m_friend/223248722384
2023-10-29,,https://blog.naver.com/ady2442
2023-10-29,익선동 루프탑 카페 라운지 새서울 데이트 코스 추천,https://blog.naver.com/ady2442/223249802638
2023-10-29,,https://blog.naver.com/sesori80
2023-10-29,서울 종묘 입장료 관람시간 서울 단풍 명소 산책,https://blog.naver.com/sesori80/223249798915
2023-10-29,,https://blog.naver.com/nyeslog
2023-10-29,[서울 종로][카페] 서순라길 단풍 : 순라길 비비 (순라길 예카페 비비),https://blog.naver.com/nyeslog/223249613773
2023-10-29,,https://blog.naver.com/wjdgksmf0321
2023-10-29,종로 맛집 분위기 맛집 더멜란지,https://blog.naver.com/wjdgksmf0321/223249600566
2023-10-29,,https://blog.naver.com/gino0525
2023-10-29,더 멜란지 최고의 서비스와 분위기로 데이트 명소인 종로 맛집,https://blog.naver.com/gino0525/223249599126
2023-10-29,,https://blog.naver.com/ssworld2022
2023-10-29,대만 타이난 당일치기 여행 : 타이난미술관 하야시백화점 사법박물관,https://blog.naver.com/ssworld2022/223249584554
2023-10-29,,https://blog.naver.com/hybvn9ps
2023-10-29,음식 파라다이스 달랭이 의 신선한 맛을 만나다! 익선동맛집 달랭이,https://blog.naver.com/hybvn9ps/223249578136
2023-10-29,분위기 좋은 종로맛집 더멜란지,https://blog.naver.com/napol3891/223249538124
2023-10-29,,https://blog.naver.com/gogoeat425
2023-10-29,더멜란지 유럽 감성 파스타 핫플 종로 맛집,https://blog.naver.com/gogoeat425/223249501300
2023-10-29,,https://blog.naver.com/didmskang325
2023-10-29,종로맛집 더멜란지,https://blog.naver.com/didmskang325/223249466720
2023-10-30,,https://blog.naver.com/heeumheeum
2023-10-30,종로3가 데이트 코스 추천 | 한옥에서 먹는 존맛탱 파스타 살롱순라,https://blog.naver.com/heeumheeum/223250951623
2023-10-30,,https://blog.naver.com/gameofthrones93
2023-10-30,홋카이도 분위기의 양고기 무한리필 익선동 맛집 히츠지야 익선,https://blog.naver.com/gameofthrones93/223250895856
2023-10-30,더멜란지 종로 맛집 데이트 맛집,https://blog.naver.com/hsd222022/223250843883
2023-10-30,,https://blog.naver.com/a608208
2023-10-30,더멜란지 종로에서 퓨전양식 즐기기 좋은곳,https://blog.naver.com/a608208/223250777376
2023-10-30,,https://blog.naver.com/gidfla620
2023-10-30,"종로 익선동 맛집 ""자연도 소금빵"" 하루 칠천개 팔리는 박세리 픽 맛집 주말 웨이팅 후기",https://blog.naver.com/gidfla620/223250765230
2023-10-30,다양한 퓨전 양식을 즐길 수 있는 집 더멜란지 종로 맛집,https://blog.naver.com/ksy450691/223250728960
2023-10-30,,https://blog.naver.com/junsh0519
2023-10-30,색다르고 고급지게 즐겼던 데이트명소 더멜란지 종로 맛집,https://blog.naver.com/junsh0519/223250712416
2023-10-30,"카페 영산나루｜나주대형카페, 광주근교 데이트, 근대문화거리 레스토랑에서 즐기는 예쁘고 맛있는 브런치",https://blog.naver.com/potata15/223250705831
2023-10-30,,https://blog.naver.com/runforsuccess
2023-10-30,서울 단풍구경 길이 이쁜 종로 서순라길 명소 추천,https://blog.naver.com/runforsuccess/223250670661
2023-10-30,,https://blog.naver.com/go101413
2023-10-30,10월 서울) 단풍 명소 - 남산 돈가스. 백범광장. 회현동 골목투어. 서울 가을 가볼 만한 곳,https://blog.naver.com/go101413/223250621574
2023-10-30,,https://blog.naver.com/bopslh4zbx
2023-10-30,일산 호수공원 맞춤정장 사르베토 일산점 한번 맞출 때 제대로,https://blog.naver.com/bopslh4zbx/223250498995
2023-10-30,,https://blog.naver.com/rwf6l1w0
2023-10-30,오감을 충족시키는 미식의 세계 익선동맛집 달랭이,https://blog.naver.com/rwf6l1w0/223250247096
2023-10-30,,https://blog.naver.com/miinabcd
2023-10-30,종로 맛집 데이트 맛집 더멜란지,https://blog.naver.com/miinabcd/223250232659
2023-10-30,"종로 맛집 더 멜란지 최고의 서비스와 분위기로 데이트 명소, 핫플로 소문난 맛집",https://blog.naver.com/dsa9904333/223250212450
2023-10-30,,https://blog.naver.com/travelagain_yzakka
2023-10-30,[은평한옥마을] 가을 코스모스 명소 명금탕 전통찻집에서 쌍화차 한 잔~,https://blog.naver.com/travelagain_yzakka/223250211884
2023-10-30,,https://blog.naver.com/yooz00
2023-10-30,공인중개사 시험 후,https://blog.naver.com/yooz00/223250052945
2023-10-31,,https://blog.naver.com/billkimc
2023-10-31,"[일상] 제목 없음, 재미 있음",https://blog.naver.com/billkimc/223252105332
2023-10-31,,https://blog.naver.com/tjsal3435
2023-10-31,"[종로] 익선동 놀거리 사주, 타로 카페 ‘익선통하다’",https://blog.naver.com/tjsal3435/223252074155
2023-10-31,,https://blog.naver.com/sorpzja
2023-10-31,더멜란지 핫플로 소문난 맛집 런던으로의 여행맛집,https://blog.naver.com/sorpzja/223252000818
2023-10-31,데이트하기 좋은 더멜란지 종로 맛집,https://blog.naver.com/wlsdls6/223251878418
2023-10-31,,https://blog.naver.com/emeralrusa_1
2023-10-31,특별한 데이트가 되고 싶다면 종로 맛집 더멜란지,https://blog.naver.com/emeralrusa_1/223251784811
2023-10-31,,https://blog.naver.com/081972
2023-10-31,종로 맛집으로 추천이 많은 더멜란지,https://blog.naver.com/081972/223251762999
2023-10-31,,https://blog.naver.com/rudal313-1
2023-10-31,더멜란지 종로 맛집 독특한 맛이 있어 좋은 퓨전 양식 맛집,https://blog.naver.com/rudal313-1/223251761964
2023-10-31,더멜란지 종로 맛집 언제나 친절한곳,https://blog.naver.com/aile-ange/223251567830
2023-10-31,,https://blog.naver.com/2t_up
2023-10-31,월간 유어선 일상 : 10월,https://blog.naver.com/2t_up/223251551234
2023-11-01,,https://blog.naver.com/onatherism
2023-11-01,서울 단풍 명소 창덕궁 실제 단풍 현황과 시기,https://blog.naver.com/onatherism/223252922086
2023-11-01,,https://blog.naver.com/furuhuyy
2023-11-01,퓨전 양식으로 특별한 시간을 만들어갈 종로 맛집 더멜란지,https://blog.naver.com/furuhuyy/223252680118
2023-11-01,,https://blog.naver.com/nurse234
2023-11-01,더멜란지 분위기 좋은 퓨전 맛집 종로 맛집,https://blog.naver.com/nurse234/223252662867
2023-11-01,,https://blog.naver.com/3smileboy3
2023-11-01,종로 맛집 더멜란지,https://blog.naver.com/3smileboy3/223252647605
2023-11-01,,https://blog.naver.com/warmdabin_
2023-11-01,더멜란지 종로 맛집 분위기가 끝내주는 와인맛집,https://blog.naver.com/warmdabin_/223252635273
2023-11-01,핫플로 소문난 데이트명소 종로 맛집 더멜란지,https://blog.naver.com/tnal852/223252579171
2023-11-01,종로 순라길의 숨은 맛집 종로 맛집 더멜란지,https://blog.naver.com/mwuk0728/223252555386
2023-11-01,,https://blog.naver.com/5fingers-artmusic
2023-11-01,고급스러운 분위기의 더멜란지 종로 맛집,https://blog.naver.com/5fingers-artmusic/223252550824
2023-11-01,,https://blog.naver.com/hye-ri0107
2023-11-01,종로에서 찾은 또 가고 싶은 맛집 더멜란지,https://blog.naver.com/hye-ri0107/223252469175
2023-11-01,,https://blog.naver.com/yeonziiii
2023-11-01,분위기좋은곳 더멜란지 종로 맛집,https://blog.naver.com/yeonziiii/223252438170
2023-11-01,,https://blog.naver.com/ghost138075
2023-11-01,익선동 맛집 꼭가야할명소 익선디미방,https://blog.naver.com/ghost138075/223252412519
2023-11-01,,https://blog.naver.com/shjk67
2023-11-01,"익선동 맛집 익선취향, 분위기 좋은 익선동 한옥거리 데이트 코스",https://blog.naver.com/shjk67/223252404799
2023-11-01,,https://blog.naver.com/ellenadiary
2023-11-01,"산리오마켓, 영풍문고, 전망대 아이랑 가볼 만한 실내 롯데몰 김포",https://blog.naver.com/ellenadiary/223252176140
2023-11-01,종로 데이트코스 가볼만한곳 종로3가 맛집 놀거리 종로초밥집 스시야,https://blog.naver.com/chic_creator/223252276704
2023-11-02,,https://blog.naver.com/lodbrudol
2023-11-02,"경주 1박2일 여행 - 1일차 (온천집, 황리단길, 대릉원, 첨성대, 월정교, 동궁과월지)",https://blog.naver.com/lodbrudol/223254097030
2023-11-02,,https://blog.naver.com/jijjj1903
2023-11-02,종로 맛집 더멜란지 분위기가 너무 좋아서 또 가고 싶은 곳,https://blog.naver.com/jijjj1903/223254037325
2023-11-02,특별한 날에는 최고의 분위기인 데이트 명소로 꼽히는 종로 맛집 더멜란지,https://blog.naver.com/ygd1530/223254037893
2023-11-02,,https://blog.naver.com/lisa98yujin
2023-11-02,이야기에 감성이 더해지는 더멜란지 종로 맛집,https://blog.naver.com/lisa98yujin/223254032713
2023-11-02,종로 맛집 더멜란지 모임장소 추천,https://blog.naver.com/l_je3019/223254004788
2023-11-02,,https://blog.naver.com/ninebi
2023-11-02,독특한 퓨전 양식 메뉴가 있는 종로 맛집 더멜란지,https://blog.naver.com/ninebi/223254000858
2023-11-02,,https://blog.naver.com/cherry_tomato_good
2023-11-02,서울 종로 익선동 한옥뷰 핫플레이스 라운지 바 카페 새서울,https://blog.naver.com/cherry_tomato_good/223253993988
2023-11-02,,https://blog.naver.com/p0258q
2023-11-02,서울 단풍명소 덕수궁 나들이(feat.주말 주차장 꿀팁),https://blog.naver.com/p0258q/223253599430
2023-11-02,,https://blog.naver.com/tnhnau47
2023-11-02,도시의 골목길이 주는 매력은 말로 다,https://blog.naver.com/tnhnau47/223253546093
2023-11-02,,https://blog.naver.com/500svb49
2023-11-02,"독창적인 음식과 화려한 분위기, 익선동맛집 달랭이",https://blog.naver.com/500svb49/223253472606
2023-11-02,,https://blog.naver.com/happychuvely
2023-11-02,성수 신상카페 귀여운 목장 컨셉 치즈인더스트리,https://blog.naver.com/happychuvely/223253115488
2023-11-02,,https://blog.naver.com/kohj1590
2023-11-02,종로맛집<살롱순라>,https://blog.naver.com/kohj1590/223253273337
2023-11-02,,https://blog.naver.com/nextstack
2023-11-02,손대면 핫플! 동네멋집 유정수 프로필 나이 키 직업 인스타명소 4선,https://blog.naver.com/nextstack/223253211830
2023-11-03,,https://blog.naver.com/jjang_ez
2023-11-03,종로3가 '한옥랑솜 익선동 카페' 을지로 한옥카페,https://blog.naver.com/jjang_ez/223255057758
2023-11-03,,https://blog.naver.com/moneyfliesaway
2023-11-03,"서울 근교 한옥 돌잔치 장소 비교, 소규모부터 50인까지, 합리적인 돌잔치 답사 후기",https://blog.naver.com/moneyfliesaway/223255034725
2023-11-03,,https://blog.naver.com/hans0721
2023-11-03,가을종로코스 :: 창덕궁 | 광장시장 | 익선동갈매기살,https://blog.naver.com/hans0721/223255014273
2023-11-03,,https://blog.naver.com/hyolim1999
2023-11-03,종로 맛집 더멜란지 유럽 식당에서 식사하는 것 같은 기분이에요,https://blog.naver.com/hyolim1999/223254916647
2023-11-03,,https://blog.naver.com/y_4208
2023-11-03,"더멜란지, 모두가 인정하는 종로 맛집",https://blog.naver.com/y_4208/223254746207
2023-11-03,,https://blog.naver.com/tjgywjd15
2023-11-03,데이트 명소로 딱 좋은 양식집 더멜란지 종로 맛집,https://blog.naver.com/tjgywjd15/223254703345
2023-11-03,,https://blog.naver.com/funny_jineee
2023-11-03,종로 맛집 분위기 좋은 데이트 장소 더멜란지,https://blog.naver.com/funny_jineee/223254678001
2023-11-03,,https://blog.naver.com/gb3888
2023-11-03,10월 기록,https://blog.naver.com/gb3888/223254387075
2023-11-03,,https://blog.naver.com/signdificant4599
2023-11-03,[익선동 맛집/카페] 익선디미방과 낙원역,https://blog.naver.com/signdificant4599/223254231204
2023-11-04,,https://blog.naver.com/j59fgohgb
2023-11-04,"돈을 투자한 만큼의 행복, 익선동에서 느낀 남다른 맛 익선동 분위기 맛집 간판없는가게",https://blog.naver.com/j59fgohgb/223255780842
2023-11-04,,https://blog.naver.com/styleshot365
2023-11-04,가을 여행 익선동 데이트 코스,https://blog.naver.com/styleshot365/223255743196
2023-11-04,,https://blog.naver.com/hanna5132
2023-11-04,11월 서울 가볼만한곳 창덕궁과 서순라길 걷기,https://blog.naver.com/hanna5132/223255515392
2023-11-04,더멜란지 음식의 퀄리티와 맛이 기대이상인 종로 맛집,https://blog.naver.com/mire79280/223255423990
2023-11-04,,https://blog.naver.com/enzoha
2023-11-04,종로맛집 더멜란지,https://blog.naver.com/enzoha/223255410231
2023-11-04,,https://blog.naver.com/suyeonn007
2023-11-04,종로 맛집으로 다양한 퓨전 양식이 준비되어 있는 더멜란지,https://blog.naver.com/suyeonn007/223255377722
2023-11-04,익선동 한옥거리 서울 가볼만한곳 완전 매료,https://blog.naver.com/kshs35/223255313251
2023-11-04,종로 맛집 이색적인 메뉴 즐기기 좋은 더멜란지,https://blog.naver.com/didmskang17/223255309459
2023-11-04,더멜란지 종로 맛집! 데이트명소!,https://blog.naver.com/dnwjddl137/223255265096
2023-11-04,,https://blog.naver.com/garage3554
2023-11-04,익선동 | 익선디미방,https://blog.naver.com/garage3554/223255161415
2023-11-05,,https://blog.naver.com/gookhee_
2023-11-05,가을 북촌 산책,https://blog.naver.com/gookhee_/223256516107
2023-11-05,,https://blog.naver.com/rlacnsfp54
2023-11-05,종로 맛집 분위기 좋은 더멜란지,https://blog.naver.com/rlacnsfp54/223256470089
2023-11-05,'뜻밖의 핫플레이스 될까?' - 청량리에 한옥타운 조성?,https://blog.naver.com/lkjhgaehvnejjsehwoho/223256442723
2023-11-05,,https://blog.naver.com/kimhy0519
2023-11-05,더멜란지 데이트명소 종로 맛집,https://blog.naver.com/kimhy0519/223256394896
2023-11-05,서울 종로 수수커피 서순라길 단풍뷰 카페,https://blog.naver.com/j___innny/223256346182
2023-11-05,더멜란지 종로가볼만한곳 종로 맛집,https://blog.naver.com/jibin0318/223256344482
2023-11-05,,https://blog.naver.com/na425kr
2023-11-05,"도쿄 신주쿠 명물 오모이데 요코초 내 이자카야 모리마스, 골덴 가이 바 구경",https://blog.naver.com/na425kr/223256333034
2023-11-05,,https://blog.naver.com/allday_holiday_
2023-11-05,종로카페 창신동 홍콩밀크컴퍼니 내돈내산 후기 주말에 다녀왔어요,https://blog.naver.com/allday_holiday_/223256316276
2023-11-05,,https://blog.naver.com/april4445
2023-11-05,종로맛집 더멜란지: 아름다운 분위기와 뛰어난 서비스로 핫플로 소문나 데이트장소로 딱이에요,https://blog.naver.com/april4445/223255866513
2023-11-05,,https://blog.naver.com/orangejoa511
2023-11-05,더멜란지: 종로맛집의 아늑한 분위기와 포근한 서비스로 소문난 데이트 명소를 찾아와보세요,https://blog.naver.com/orangejoa511/223255865241
2023-11-06,,https://blog.naver.com/peachwrites
2023-11-06,가을 종로 나들이 : 익선동 인사동 그리고 명동,https://blog.naver.com/peachwrites/223257521085
2023-11-06,,https://blog.naver.com/rbehd8001
2023-11-06,"[상권 분석] MZ세대들이 북적북적하며, 선택한 핫플레이스 ""성수동"" 대표적인 젠트리피케이션 동네",https://blog.naver.com/rbehd8001/223257302069
2023-11-06,,https://blog.naver.com/yu1903
2023-11-06,종로 맛집 더멜란지 퓨전 양식을 먹기 좋은 곳,https://blog.naver.com/yu1903/223257211546
2023-11-06,,https://blog.naver.com/louders33
2023-11-06,공간이 주는 힘! 창업 브랜딩의 ‘핫플 전략’ 알아보기 ♂️,https://blog.naver.com/louders33/223257164048
2023-11-06,,https://blog.naver.com/tlaquf__5
2023-11-06,최고의 분위기로 데이트명소 핫플 종로 맛집 더멜란지,https://blog.naver.com/tlaquf__5/223257160937
2023-11-06,,https://blog.naver.com/newsmeter
2023-11-06,랩(Rap)으로 하는 브랜드 광고(Advertise)! 이마트24의 새로운 시도 ‘랩버타이징(Rap-vertising)’,https://blog.naver.com/newsmeter/223257012372
2023-11-06,,https://blog.naver.com/jr9316
2023-11-06,◆ 김포한강 신도시상가 리브타워 김포 청수당 베이커리 입점!,https://blog.naver.com/jr9316/223256913664
2023-11-06,,https://blog.naver.com/tutor140715
2023-11-06,익선동 핫플레이스 '익선잡방',https://blog.naver.com/tutor140715/223256842677
2023-11-07,,https://blog.naver.com/solpine1004
2023-11-07,서울 가볼만한 곳 “종묘” 가족나들이 단풍 명소 산책,https://blog.naver.com/solpine1004/223258185552
2023-11-07,,https://blog.naver.com/yilqag00
2023-11-07,"익선동 데이트 간판없는가게 익선동 분위기 맛집, 요리와 즐거움을 함께 해요!",https://blog.naver.com/yilqag00/223258156592
2023-11-07,,https://blog.naver.com/allssun_
2023-11-07,종로 맛집 더멜란지 맛있어요,https://blog.naver.com/allssun_/223257957642
2023-11-07,,https://blog.naver.com/dk140403
2023-11-07,종로 맛집 더멜란지 데이트코스로 좋아요,https://blog.naver.com/dk140403/223257945250
2023-11-07,,https://blog.naver.com/cocosunny-
2023-11-07,상하이 자유여행! 상해의 작은 유럽 신천지,https://blog.naver.com/cocosunny-/223257405284
2023-11-07,,https://blog.naver.com/dakyumiyaa
2023-11-07,"[익선동맛집] 한옥거리 골목 파스타 맛집, 데이트 코스로 추천! / 오늘그대와 익선",https://blog.naver.com/dakyumiyaa/223257906480
2023-11-07,,https://blog.naver.com/you_gyo_gom_
2023-11-07,인사동미술관 갤러리 라메르 안국 데이트코스 추천,https://blog.naver.com/you_gyo_gom_/223257906181
2023-11-08,,https://blog.naver.com/pccidjyj
2023-11-08,"워킹서울 가을단풍 워킹~ 보신각, 원불교 원남교당, 창경궁, 성균관 명륜당 은행나무 코스로, 점심은 대학로 10년 노포 모티집에서",https://blog.naver.com/pccidjyj/223259532032
2023-11-08,,https://blog.naver.com/uhee89
2023-11-08,"분위기있는 인테리어에 한 번 취하고, 음식과 와인에 한 번 취하고 종로 맛집 더멜란지",https://blog.naver.com/uhee89/223259515371
2023-11-08,,https://blog.naver.com/stay_dodam_7
2023-11-08,"돌미나리집, 북한강 라이더들의 성지 갬성터지는 묵무침 미나리전 맛집",https://blog.naver.com/stay_dodam_7/223259409493
2023-11-08,,https://blog.naver.com/jenjenjen77
2023-11-08,분위기 좋은 종로 맛집 더멜란지,https://blog.naver.com/jenjenjen77/223259396660
2023-11-08,,https://blog.naver.com/herennow_
2023-11-08,"성균관 명륜당 (500년 된) 은행나무에 감탄, 창경궁 춘당지에 감동, 서순라길 걸으며 충만! 서울 단풍 최고!",https://blog.naver.com/herennow_/223259300059
2023-11-08,,https://blog.naver.com/cjsld13579
2023-11-08,더멜란지 종로 맛집 핫플로 소문난 분위기 맛집,https://blog.naver.com/cjsld13579/223259279508
2023-11-08,,https://blog.naver.com/hongamen
2023-11-08,종로맛집가성비좋은모임장소추천! 더멜란지,https://blog.naver.com/hongamen/223259266048
2023-11-08,,https://blog.naver.com/gusrud2905
2023-11-08,다양한 메뉴를 즐길 수 있는 곳 더멜란지 종로 맛집,https://blog.naver.com/gusrud2905/223259222745
2023-11-08,,https://blog.naver.com/kse4966
2023-11-08,[온따뜻한솥밥] 쌈지길맛집 한옥에서 즐기는 솥밥 익선동 데이트코스,https://blog.naver.com/kse4966/223258931951
2023-11-08,,https://blog.naver.com/idujh
2023-11-08,유정수 나이 대표 프로필 결혼 와이프 부인 아내 재산 가족 고향,https://blog.naver.com/idujh/223258855374
2023-11-09,,https://blog.naver.com/r42sbhqy
2023-11-09,"서울, 부산, 그리고 제주도 – 대한민국의 세 도시에서 특별한 브런치 카페를 찾아보았습니다",https://blog.naver.com/r42sbhqy/223260596914
2023-11-09,,https://blog.naver.com/li0ap7v5
2023-11-09,벽화마을을 탐방하며 색다른 여행을 즐겨보는 건 어떨까요? 우리나라 곳곳에는 다양한 벽화마을,https://blog.naver.com/li0ap7v5/223260578264
2023-11-09,아이와함께 익선동 놀거리 찾는다면 종로 셀프사진관 리턴사진관,https://blog.naver.com/yangjinss/223260576417
2023-11-09,,https://blog.naver.com/ed2fq1wa
2023-11-09,"도시인들이 꿈꾸는 소박한 일상 중 하 - 도시의 숨은 보석, 골목길 탐방",https://blog.naver.com/ed2fq1wa/223260420113
2023-11-09,,https://blog.naver.com/wodnd0619
2023-11-09,종로가볼만한곳 더멜란지 종로 맛집,https://blog.naver.com/wodnd0619/223260369971
2023-11-09,,https://blog.naver.com/kimg1140
2023-11-09,종각커피머신렌탈 편안한객실에서 즐기는 커피한잔과 서울야경 어떠세요~?,https://blog.naver.com/kimg1140/223260239662
2023-11-09,,https://blog.naver.com/gkswldbs4477
2023-11-09,나의 10월 일기,https://blog.naver.com/gkswldbs4477/223260323831
2023-11-09,,https://blog.naver.com/clzls2014
2023-11-09,더멜란지 종로 맛집 양식이 유명한 곳,https://blog.naver.com/clzls2014/223260240836
2023-11-09,만추에 지나칠 수 없는 '부암동' 힐링 명소 3곳,https://blog.naver.com/120seoulcall/223259934649
2023-11-10,,https://blog.naver.com/lunaryo74
2023-11-10,종로맛집 살롱순라 광화문 핫플레이스 찐 맛집 소개팅 명소/기념일 데이트 코스/한옥 레스토랑,https://blog.naver.com/lunaryo74/223261077761
2023-11-10,,https://blog.naver.com/20901kjy
2023-11-10,Oct 30. 경회루 특별관람 막차 타고 왔어요.,https://blog.naver.com/20901kjy/223260825754
2023-11-11,,https://blog.naver.com/sonim73
2023-11-11,"[상하이 기념품 추천] 티엔즈팡 기념품 구매 후기, 상하이 가성비 기념품 추천",https://blog.naver.com/sonim73/223262137395
2023-11-11,,https://blog.naver.com/borte701
2023-11-11,"스페이스 마케팅 강조, MZ세대와 스포츠 시설 융합 MZ세대를 위한 '스페이스' 마케팅의 현황",https://blog.naver.com/borte701/223261846330
2023-11-11,,https://blog.naver.com/mwlj1210
2023-11-11,길음신도시 개관 후 인근 동네의 매력을 탐색하다.,https://blog.naver.com/mwlj1210/223261743351
2023-11-11,,https://blog.naver.com/aprl14
2023-11-11,"익선동 수제맥주, 분위기 맛집 서순라길 서울집시 후기(2시간 웨이팅)",https://blog.naver.com/aprl14/223259786781
2023-11-12,,https://blog.naver.com/lz1vfchg
2023-11-12,"익선동의 작은 한옥에서 즐기는 파스타와 피자의 향연, 종로구 율곡로10길 맛집 살롱순라",https://blog.naver.com/lz1vfchg/223262669732
2023-11-12,,https://blog.naver.com/md_daily
2023-11-12,"종로 신상 핫플, 분위기 좋은 데이트코스 뷰맛집 '새서울' 솔직후기",https://blog.naver.com/md_daily/223262596915
2023-11-12,,https://blog.naver.com/zizmaru
2023-11-12,'노가리슈퍼 종로5가점' 가맥 스타일의 퓨전 종로5가 술집 광장시장 맛집,https://blog.naver.com/zizmaru/223262296163
2023-11-13,,https://blog.naver.com/inbest9
2023-11-13,창덕궁후원 내 맘속에 가을여행1순위였다(서울단풍명소),https://blog.naver.com/inbest9/223263132398
2023-11-14,,https://blog.naver.com/enfj_traveler
2023-11-14,"서울 가볼만한 곳 추천, 익선동 놀거리 한옥카페 아삐뽀레",https://blog.naver.com/enfj_traveler/223264855901
2023-11-14,,https://blog.naver.com/jin960506
2023-11-14,가을 3일 롱패딩 3개월 예정..,https://blog.naver.com/jin960506/223264671173
2023-11-14,,https://blog.naver.com/cl_80_g___j
2023-11-14,"종로 익선동 한옥 데이트 코스 파스타, 피맥 맛집 에일당",https://blog.naver.com/cl_80_g___j/223264452764
2023-11-14,,https://blog.naver.com/8h8726h1
2023-11-14,"서울의 매혹적인 전통과 현대의 조화, 관광 코스 및 더 감탄할 명소",https://blog.naver.com/8h8726h1/223264439748
2023-11-14,,https://blog.naver.com/cn4bj2qx
2023-11-14,"서울의 골목길, 고즈넉한 추억과 현대적 매력이 공존하는 여행지",https://blog.naver.com/cn4bj2qx/223264377693
2023-11-14,,https://blog.naver.com/malgum61
2023-11-14,"서울미래유산스티커투어<10>한국점자도서관,삼청각,무계원",https://blog.naver.com/malgum61/223264334377
2023-11-14,,https://blog.naver.com/tnsdks3874
2023-11-14,인사동에서 전통 향유 ‘서울미래유산’,https://blog.naver.com/tnsdks3874/223264232568
2023-11-14,,https://blog.naver.com/tthwls94
2023-11-14,"서순라길 핫플 | 한옥에서 즐기는 베트남 식당 [ 대성성 ] 분위기 좋은 쌀국수·반세오 맛집 ( + 위치, 예약 정보, 주차 여부 )",https://blog.naver.com/tthwls94/223264223874
2023-11-15,,https://blog.naver.com/cat_vely_
2023-11-15,소제동데이트 코스 맛집 온천집 소제,https://blog.naver.com/cat_vely_/223265931570
2023-11-15,쉬가이아썬크림 공구 11.20~12.22 톤업썬크림 무기자차 유기자차 혼합자차 자외선차단제,https://blog.naver.com/seokminjoo/223265881839
2023-11-15,,https://blog.naver.com/jwlee5409
2023-11-15,"답사4<익선동 북촌 -피맛골,익선동한옥,민경옥가옥>(22.8)",https://blog.naver.com/jwlee5409/223265861018
2023-11-15,,https://blog.naver.com/bluesnab
2023-11-15,익선동 카페 청수당 : 대나무로 꾸며진 신비로운 감성 한옥카페,https://blog.naver.com/bluesnab/223265611471
2023-11-15,,https://blog.naver.com/startwo_tree
2023-11-15,{종로구 한옥마을} 가장 한국스러운 곳,https://blog.naver.com/startwo_tree/223265527750
2023-11-15,,https://blog.naver.com/beautiful_landing
2023-11-15,[상하이여행] 상하이의 익선동 '티엔즈팡' & 고풍스러운 '예원',https://blog.naver.com/beautiful_landing/223264910178
2023-11-15,,https://blog.naver.com/chk8602
2023-11-15,[1년 전 오늘] 종로구 낙원동 밤거리,https://blog.naver.com/chk8602/223265102626
2023-11-15,,https://blog.naver.com/txh6079l
2023-11-15,"서울, 대한민국의 수도와 동시에 가장 화려하고 활기찬 도시 중 하나입니다. 이 도시에는 놀",https://blog.naver.com/txh6079l/223265031648
2023-11-15,경주 펜션 경주 독채 풀빌라 황리단길 숙소 호플리,https://blog.naver.com/keai1016/223264996905
2023-11-16,,https://blog.naver.com/aeriii1126
2023-11-16,[익선동/히츠지야 익선] 익선동 양고기 한옥과 일본 나카스 포차느낌의 히츠지야 익선,https://blog.naver.com/aeriii1126/223266890841
2023-11-16,,https://blog.naver.com/than14951
2023-11-16,익선동 브런치 맛집 :: 익선잡방 솔직후기,https://blog.naver.com/than14951/223266850492
2023-11-16,“힙지로”에 대적하는 “힙량리”⸱⸱⸱MZ세대 취향저격 ‘청량리 핫플’만 모았다,https://blog.naver.com/the_trip/223266641171
2023-11-16,,https://blog.naver.com/floristsu
2023-11-16,"[ 소하염전 청담 . 라운지 IOC ] 2년만에 광주방문 , 뭐야 왜이렇게 변해있어",https://blog.naver.com/floristsu/223265734460
2023-11-17,,https://blog.naver.com/cheongstory
2023-11-17,"마리나 시모넨코, 정준 지음 <BTS 아미 서울을 가다> 서울 여행 에세이집",https://blog.naver.com/cheongstory/223267435217
2023-11-17,,https://blog.naver.com/soodud708
2023-11-17,익선동 맛집 비교하기 자연도 소금빵 vs 소하염전 소금빵,https://blog.naver.com/soodud708/223267228870
2023-11-17,,https://blog.naver.com/ggdzjcb
2023-11-17,은은한 한옥의 멋과 양식의 조화를 즐긴 종로 익선동 맛집 살롱순라에서의 데이트들의 별천지,https://blog.naver.com/ggdzjcb/223267126199
2023-11-17,,https://blog.naver.com/cjh170910
2023-11-17,손대면 핫플 동네멋집 정보 출연진 프로그램에 대해 알아보아요~,https://blog.naver.com/cjh170910/223267117852
2023-11-17,,https://blog.naver.com/height15935
2023-11-17,[서울/익선동맛집]분위기 갑 브런치맛집 “익선잡방”,https://blog.naver.com/height15935/223267034698
2023-11-18,서울 실내 가볼만한곳 및 서울 실내데이트 추천 ft. 서울 실내 놀거리/12월 1월 2월 갈만한곳/비오는날,https://blog.naver.com/totoro122425/223268549594
2023-11-18,,https://blog.naver.com/cantstand_up
2023-11-18,소제동데이트 필수코스 온천집 소제에서 한우 스키야키를 먹자,https://blog.naver.com/cantstand_up/223268510271
2023-11-18,,https://blog.naver.com/soyeoon1431
2023-11-18,데이트 코스로 딱 익선동 양고기 히츠지야 익선점,https://blog.naver.com/soyeoon1431/223268254485
2023-11-18,,https://blog.naver.com/yeoney_bi
2023-11-18,종로 3가 데이트 코스 추천! 일본 감성 그대로 양고기 양갈비 맛집 익선동 히츠지야,https://blog.naver.com/yeoney_bi/223268232048
2023-11-19,,https://blog.naver.com/eoni1025
2023-11-19,익선동 맛집 일본 나카스 포장마차 거리를 한옥으로 변신한 양고기 맛집 히츠지야 익선,https://blog.naver.com/eoni1025/223269225005
2023-11-19,,https://blog.naver.com/thumb67
2023-11-19,트랜드 코리아 2024 - 청용을 타고 비상하는 2024를 기원하며 - 김난도,https://blog.naver.com/thumb67/223268988836
2023-11-19,,https://blog.naver.com/ad-jisung
2023-11-19,지성학원 │수능 이후 가기 좋은 국내 여행지 5곳 추천!,https://blog.naver.com/ad-jisung/223256275391
2023-11-19,,https://blog.naver.com/shimyup
2023-11-19,데이트 코스로 좋은 종로 익선동에서 웨이팅 지옥을 하면서도 먹을만한 다양한 종류의 소금빵을 파는 소금빵 전문점 - 소하염전 카페 익선점,https://blog.naver.com/shimyup/223268228580
2023-11-19,,https://blog.naver.com/yeobyeobyeoby
2023-11-19,패키지 여행 도중 안탈리아 구시가지 자유여행 두덴폭포 안탈리아 야간 술집 분위기 튀르키예 택시 조심해야할 점,https://blog.naver.com/yeobyeobyeoby/223268688904
2023-11-20,,https://blog.naver.com/lku_
2023-11-20,서울 종로3가 익선동 카페 아브와 아늑한 분위기를 즐길 수 있는 익선동데이트코스로 추천,https://blog.naver.com/lku_/223269610808
2023-11-20,서순라길 노포의 야장 감성을 즐기다.,https://blog.naver.com/sawtiger/223269519272
2023-11-20,,https://blog.naver.com/kumyoung794
2023-11-20,"종로 익선동 자연도 소금빵-익선동 빵집, 익선동 소금빵 종로 소금빵맛집",https://blog.naver.com/kumyoung794/223269493024
2023-11-20,,https://blog.naver.com/touristyou924
2023-11-20,10/31 ~ 11/5 가을여행 일기 (부제 : 잃어버린 가을을 찾아서),https://blog.naver.com/touristyou924/223269265679
2023-11-21,,https://blog.naver.com/jmsoops0301_
2023-11-21,서울 4대궁 데이트 명소 창덕궁 세계문화유산,https://blog.naver.com/jmsoops0301_/223270705285
2023-11-21,,https://blog.naver.com/cool8360
2023-11-21,데이트 코스로 추천하는 익선동 맛집 초이다이닝 익선점,https://blog.naver.com/cool8360/223270706172
2023-11-21,,https://blog.naver.com/hichaeng
2023-11-21,2023년 11월 #1,https://blog.naver.com/hichaeng/223270480674
2023-11-21,,https://blog.naver.com/likewise9658
2023-11-21,익선동 데이트 종로3가 한옥거리 익선디미방 끼룩하우스,https://blog.naver.com/likewise9658/223270373977
2023-11-22,,https://blog.naver.com/miinjji811
2023-11-22,익선동맛집 / 데이트 장소로 좋은 @익선취향,https://blog.naver.com/miinjji811/223271979416
2023-11-22,[서울] 이비스 앰배서더 서울 인사동,https://blog.naver.com/paludier/223271912369
2023-11-22,"11월 서울 단풍 명소, 창경궁의 가을.2",https://blog.naver.com/blue0112/223271527065
2023-11-22,,https://blog.naver.com/hanseldaily
2023-11-22,종로 익선동 카페 치즈인더스트리 (치즈공업사) / 익선동카페 추천 / 종로카페 추천/ 데이트장소 추천,https://blog.naver.com/hanseldaily/223270868099
2023-11-22,,https://blog.naver.com/square13124
2023-11-22,익선동 맛집 꼭가야할명소 익선디미방,https://blog.naver.com/square13124/223271388187
2023-11-23,익선동데이트 익선동맛집 엘까르니따스 리얼 멕시칸푸드 전문점,https://blog.naver.com/gamejaki/223273109983
2023-11-23,,https://blog.naver.com/olbom
2023-11-23,23102/383) 2023 수필과비평작가회 서울경인 제5호,https://blog.naver.com/olbom/223272652055
2023-11-23,,https://blog.naver.com/dynamicsw
2023-11-23,"2023년 11월 제주도 여행 1, 2일차 런던베이글뮤지엄 웨이팅 후기, 새별오름, 동문시장",https://blog.naver.com/dynamicsw/223272509959
2023-11-24,"익선동 와인바 ""더 멜란지""에서 낮 와인과 브런치를 즐기다 ft. 종로 속 런던의 미식여행기",https://blog.naver.com/hallogirl1/223274127573
2023-11-24,,https://blog.naver.com/pkw3324
2023-11-24,(도서 소개) BTS 아미 서울을 가다,https://blog.naver.com/pkw3324/223273833794
2023-11-24,,https://blog.naver.com/ssssulog
2023-11-24,"[종로/인사동수제비]수제비는 거들뿐, 인사동 숨겨진 맛집(골뱅이무침 추천)",https://blog.naver.com/ssssulog/223273690667
2023-11-24,,https://blog.naver.com/vbhg567
2023-11-24,종로 3가 카페 낙원장 익선동카페 익선동 데이트 장소,https://blog.naver.com/vbhg567/223273541845
2023-11-24,,https://blog.naver.com/skyguswjddl
2023-11-24,"[종로 맛집] 익선동 배키욘방, 카페온화 방문후기",https://blog.naver.com/skyguswjddl/223273528944
2023-11-25,,https://blog.naver.com/skylake1004-
2023-11-25,특별한 여행지 2박3일 연박 숙소 서울 관광 명소 기억나요,https://blog.naver.com/skylake1004-/223274514583
2023-11-26,,https://blog.naver.com/ranys-
2023-11-26,종로3가 핫한장소 익선동데이트 '종로3가 새서울',https://blog.naver.com/ranys-/223275482866
2023-11-26,종로3가 놀거리 티퍼런스 서울 팝업스토어 하트시그널 데이트 장소,https://blog.naver.com/yhth27/223275462183
2023-11-26,,https://blog.naver.com/dalkomhai
2023-11-26,종로3가역 종로구 익선동 나들이 한식 맛집 담솥 점심 먹고 한옥거리 구경,https://blog.naver.com/dalkomhai/223275300985
2023-11-26,익선동 데이트 맛집 반기다 내돈내산,https://blog.naver.com/dokieye/223275254762
2023-11-26,,https://blog.naver.com/highway215
2023-11-26,여기가 그곳이군요 소문의 익선동 청수당 베이커리,https://blog.naver.com/highway215/223275066651
2023-11-27,종로 핫플 데이트코스 익선동 카페 라미스콘,https://blog.naver.com/amlee74/223276260526
2023-11-27,,https://blog.naver.com/ibtravel-guide
2023-11-27,[서울][종로] 솔방울 베이커리 - 익선동 서순라길 새로 뜨는 모던 한옥 카페,https://blog.naver.com/ibtravel-guide/223275614411
2023-11-27,,https://blog.naver.com/timelord79
2023-11-27,영화 '싱글 인 서울' 올 겨울 따뜻한 감성 로맨틱 멜로 코미디 영화한편 어떠세요? 개봉예정작 영화 리뷰 후기,https://blog.naver.com/timelord79/223275545230
2023-11-28,목포 가볼 만한 곳 : 원도심 투어 목포근대역사관과 노적봉 김암기 미술관(목포 여행 코스),https://blog.naver.com/seoulhiker/223277489229
2023-11-28,,https://blog.naver.com/srtmagazine
2023-11-28,"안녕, 히로시마 내일을 부탁해",https://blog.naver.com/srtmagazine/223276678630
2023-11-29,,https://blog.naver.com/guminnews
2023-11-29,"강동구의회 김기상 의원, 城內洞 및 遁村洞 랜드마크 計劃에 대하여",https://blog.naver.com/guminnews/223278402544
2023-11-29,서울 종로 놀거리 익선동 가볼만한곳 티퍼런스 팝업스토어,https://blog.naver.com/grazianam1/223277571368
2023-11-30,,https://blog.naver.com/god14698
2023-11-30,익선동 맛집 꼭가야할명소 익선디미방,https://blog.naver.com/god14698/223279524718
2023-11-30,,https://blog.naver.com/arex_blog
2023-11-30,"서울 뚜벅이 여행지 추천, 돌담길 산책로 '서순라길'",https://blog.naver.com/arex_blog/223278775746
2023-11-30,오사카 역사박물관 자유여행코스 일본 오사카 주유패스 가볼만한곳 추천,https://blog.naver.com/cruiserlaw/223278933903
2023-11-30,,https://blog.naver.com/amcleee
2023-11-30,[종로/익선동] 서순라길 테라스 수제맥주 서울집시,https://blog.naver.com/amcleee/223278866584
2023-11-30,,https://blog.naver.com/wonder641129
2023-11-30,"데이트하기 좋고, 모임 갖기 좋아 인기 많은 데이트로는 파스타집 익선동 맛집 간판 없는 가게",https://blog.naver.com/wonder641129/223278796608
2023-11-30,,https://blog.naver.com/foodtravel3
2023-11-30,글의 탈을 쓴 첫사랑에 대한 로맨스 이야기 '싱글 인 서울',https://blog.naver.com/foodtravel3/223278714918
2023-12-01,,https://blog.naver.com/xu8afav5
2023-12-01,벽화의 아름다움을 탐험하다: 한국 지역별 벽화마을 여행 안내,https://blog.naver.com/xu8afav5/223280533018
2023-12-01,,https://blog.naver.com/uu3bftpg
2023-12-01,"서울을 여행하면서 빠질 수 없는 대표적인 관광명소들과 함께, 서울의 다양한 지역을 탐험해보",https://blog.naver.com/uu3bftpg/223280431221
2023-12-01,,https://blog.naver.com/soulvision
2023-12-01,"23-12-01(중앙일보)""공수처 인사전횡""…",https://blog.naver.com/soulvision/223280240787
2023-12-01,,https://blog.naver.com/gracec1659
2023-12-01,"서울 핫플레이스 가볼만한 장소, 다인디앤피와 함께",https://blog.naver.com/gracec1659/223280200303
2023-12-01,,https://blog.naver.com/eunji861
2023-12-01,[밋업행사] 트로핏(TROFIT) 트래블밋업 일본여행,https://blog.naver.com/eunji861/223280091753
2023-12-01,서울 광장 시장 먹거리 투어 종로 가볼만한곳,https://blog.naver.com/skawjddl23/223279670615
2023-12-01,,https://blog.naver.com/11binibini
2023-12-01,겨울 냄새,https://blog.naver.com/11binibini/223279655242
2023-12-02,,https://blog.naver.com/ishj95
2023-12-02,[익선동/안주 맛집 가라오케 술집]칸트3,https://blog.naver.com/ishj95/223281266986
2023-12-02,,https://blog.naver.com/dlguswl678
2023-12-02,서울 : 친구들이랑 1박2일 서울 여행 코스 추천 (- 쌈지길 - 서라순길 -창덕궁- 회화나무카페 - 계림 - 빈 공간(와인바) ) #.2,https://blog.naver.com/dlguswl678/223281185093
2023-12-02,,https://blog.naver.com/bliss_daisy
2023-12-02,[서울 여행 ] 은평 한옥마을 가볼만한 곳_박물관 1인1잔 북한산 카페 주차 정보,https://blog.naver.com/bliss_daisy/223281050834
2023-12-02,,https://blog.naver.com/jym4756
2023-12-02,"익선동 스테이크의 새로운 명소, 간판없는가게에서의 경험",https://blog.naver.com/jym4756/223280926783
2023-12-02,,https://blog.naver.com/fm2q0n7n
2023-12-02,탐방하기 좋은 서울의 핫플레이스: 지역마다 다른 매력,https://blog.naver.com/fm2q0n7n/223280760991
2023-12-02,,https://blog.naver.com/dykp8i5e
2023-12-02,"서울과 부산, 두 도시의 아름다움을 만끽하다",https://blog.naver.com/dykp8i5e/223280745595
2023-12-02,,https://blog.naver.com/xhnu9dcw
2023-12-02,서울의 아름다움을 탐험하다: 전통과 현대가 공존하는 도시,https://blog.naver.com/xhnu9dcw/223280646370
2023-12-03,,https://blog.naver.com/happiness_ubcb
2023-12-03,주간일상 12월 시작,https://blog.naver.com/happiness_ubcb/223282010938
2023-12-03,,https://blog.naver.com/skanf5325
2023-12-03,안국역 카페 어니언 안국 메뉴 가격 핫한 한옥 관광명소,https://blog.naver.com/skanf5325/223281968461
2023-12-03,,https://blog.naver.com/yoonjinwon0606
2023-12-03,시골쥐의 서울 여행기,https://blog.naver.com/yoonjinwon0606/223281812828
2023-12-03,서울 익선동 와인바 누이트 크리스마스 분위기 좋은 데이트 코스 추천,https://blog.naver.com/llllstyle/223281803226
2023-12-03,,https://blog.naver.com/p920502
2023-12-03,스팀식빵이 유명한 익선동 카페 밀 토스트,https://blog.naver.com/p920502/223281479729
2023-12-04,,https://blog.naver.com/scrub63705
2023-12-04,[종로3가/익선동] 맛집으로 유명한 ‘익선디미방’ 제 점수는...,https://blog.naver.com/scrub63705/223282973000
2023-12-04,,https://blog.naver.com/solee_daily
2023-12-04,종로3가사주카페 익선동핫플 익선통하다에서 사주 보고 온 후기,https://blog.naver.com/solee_daily/223282973191
2023-12-04,,https://blog.naver.com/balance4103
2023-12-04,[익선동/종로맛집] 익선잡방,https://blog.naver.com/balance4103/223282931071
2023-12-04,,https://blog.naver.com/commit_92572
2023-12-04,반기다: 익선동맛집으로 안전하고 맛있는 향연을 즐겨보세요!,https://blog.naver.com/commit_92572/223282918894
2023-12-04,,https://blog.naver.com/qlql0608
2023-12-04,동대문 맛집 두타 근처 노포 ‘대화정진짜해장국’ 성시경 먹을텐데 최자로드,https://blog.naver.com/qlql0608/223282768408
2023-12-04,,https://blog.naver.com/h0xhi33h
2023-12-04,"익선동에서 새롭게 경험한 종로의 아름다운 레스토랑, 한옥의 운치를 살린 종로맛집 살롱순라에서의 아늑한 저녁",https://blog.naver.com/h0xhi33h/223282149320
2023-12-05,잠실 방이동 맛집 배키욘방 메뉴 마제소바 사케동 스테키동 후기,https://blog.naver.com/llllstyle/223283958346
2023-12-05,,https://blog.naver.com/essenssie
2023-12-05,청계천 – 이야기가 흐르는 도심 속 휴식 공간,https://blog.naver.com/essenssie/223283941462
2023-12-05,,https://blog.naver.com/embassy1613
2023-12-05,익선동 맛집 꼭가야할명소 익선디미방,https://blog.naver.com/embassy1613/223283892051
2023-12-05,,https://blog.naver.com/port312
2023-12-05,"종로맛집과 함께한 가을의 저녁, 한옥에서 즐기는 와인과 맛난 음식의 환상적 조화 - 살롱순라",https://blog.naver.com/port312/223283753438
2023-12-05,,https://blog.naver.com/8qpu5shch94
2023-12-05,현대인의 입맛을 사로잡은 익선동 데이트 맛집 간판없는가게,https://blog.naver.com/8qpu5shch94/223283701496
2023-12-05,,https://blog.naver.com/y5v3rrc0
2023-12-05,"여행의 매력, 랜선으로 느껴보는 다섯 곳의 특별한 명소",https://blog.naver.com/y5v3rrc0/223283557180
2023-12-05,,https://blog.naver.com/hm0xi5c8
2023-12-05,"서울의 비밀정원, 익선동 한옥마을과 북촌한옥마을",https://blog.naver.com/hm0xi5c8/223283410729
2023-12-05,,https://blog.naver.com/ji_diana
2023-12-05,"창원 소리단길 역사가있는 골목투어 - 친구, 모녀, 연인 데이트장소로 추천, 팸투어",https://blog.naver.com/ji_diana/223283146172
2023-12-05,,https://blog.naver.com/iwashappy
2023-12-05,이스탄불 고등어케밥 맛집 Sokak Lezzeti Tarihi Balık Dürümcü Mehmet Usta,https://blog.naver.com/iwashappy/223282732223
2023-12-06,,https://blog.naver.com/cap_7245
2023-12-06,"새로운 맛의 패스타 세계를 엽니다, 익선동 파스타맛집 반기다",https://blog.naver.com/cap_7245/223284949694
2023-12-06,"서울 데이트 코스 종로 핫플 익선동 한옥거리 카페,맛집 투어",https://blog.naver.com/happyrain012/223284845691
2023-12-06,1박2일 서울워킹~ 술마시는 모임이 아닌 문화기행을 해본다. 보신각_공평도시유적전시관_조계사_인사동_계동_고희동미술관__정동동아리_남산타워_덕수궁장욱진전 코스로,https://blog.naver.com/pccidjyj/223284607008
2023-12-06,,https://blog.naver.com/mice-in
2023-12-06,"문화, 역사 그리고 자연이 있는 서울의 걷기 좋은 길 ‘Soul Road’ 6선 소개",https://blog.naver.com/mice-in/223284490974
2023-12-07,,https://blog.naver.com/11kkoj1b
2023-12-07,분위기 좋고 음식 맛도 좋은 익선동 찐 맛집 ! 익선동 파스타 간판없는가게,https://blog.naver.com/11kkoj1b/223285909054
2023-12-08,,https://blog.naver.com/nizzimi
2023-12-08,익선동놀거리 카페거리 청수당 새서울 콤콤오락실 익선고로 꽃집,https://blog.naver.com/nizzimi/223287106798
2023-12-08,,https://blog.naver.com/jenny_kk7
2023-12-08,"종로 익선동 분위기 좋은 맛집 - “살롱순라” (데이트 코스 추천, 캐치 테이블 예약)",https://blog.naver.com/jenny_kk7/223286982439
2023-12-08,2024 한국관광 100선 지도 국내여행지 어디로ㅣ 관광명소 가볼 만한 곳,https://blog.naver.com/yujin1627/223286776182
2023-12-08,,https://blog.naver.com/jolawyer2
2023-12-08,걷기 좋은 서울길을 알아보았습니다.,https://blog.naver.com/jolawyer2/223286753620
2023-12-08,,https://blog.naver.com/applogize043
2023-12-08,Episode01. 극P의 고된 한국 가이드 with마유유,https://blog.naver.com/applogize043/223286540777
2023-12-08,밝은 대낮에 낮술 가능한 종로3가역 익선 세겹살,https://blog.naver.com/kjakfldh/223285651623
2023-12-10,,https://blog.naver.com/simultaneous2478
2023-12-10,[익선동맛집]익선디미방_디너 스테이크 2인 세트,https://blog.naver.com/simultaneous2478/223288586373
2023-12-10,,https://blog.naver.com/fromage
2023-12-10,"[스케치] 시민의시대, 2023년 송년회12월 9일(토) 종로 인사동 생기원에서 열려..",https://blog.naver.com/fromage/223288257114
2023-12-10,서울의 걷기 좋은 길 'Soul Road' 6선,https://blog.naver.com/duckyoo/223288232591
2023-12-10,,https://blog.naver.com/homie98
2023-12-10,[서울/종로] 익선동 서순라길 나들이 한식 맛집부터 한옥 카페까지!,https://blog.naver.com/homie98/223288170074
2023-12-11,,https://blog.naver.com/kshan737
2023-12-11,주말에 데이트 하기좋은 곳,https://blog.naver.com/kshan737/223289757813
2023-12-11,,https://blog.naver.com/silver_j_
2023-12-11,[종로] 치즈덕후라면 필수코스인 익선동 ‘치즈인더스트리/치즈공업사’,https://blog.naver.com/silver_j_/223288220410
2023-12-11,,https://blog.naver.com/foodtoday1
2023-12-11,푸드투데이 오늘의 식품 경제 생활 이슈,https://blog.naver.com/foodtoday1/223289461950
2023-12-11,,https://blog.naver.com/spring_hmong
2023-12-11,"농심 신라면 더레드 큰사발면 / 동원F&B '보성홍차 아이스티 제로' 신제품 신제품애플맛, 샤인머스캣맛 2종 /롯데웰푸드 X '푸하하크림빵' 찰떡아이스 소금크림 출시",https://blog.naver.com/spring_hmong/223289367174
2023-12-11,,https://blog.naver.com/seayhanna
2023-12-11,"신제품 소식 - 농심 ‘신라면 더 레드 큰사발’, 롯데웰푸드 ‘찰떡아이스 소금크림’ 외",https://blog.naver.com/seayhanna/223289358939
2023-12-11,,https://blog.naver.com/newsnanumy
2023-12-11,"롯데웰푸드, ‘푸하하크림빵’과 찰떡아이스 공동 마케팅 MZ세대와 소통 위한 마케팅 활동 지속 전개",https://blog.naver.com/newsnanumy/223289251280
2023-12-11,,https://blog.naver.com/cto5457
2023-12-11,"송해 선생, 상록회를 통한 연예인 교류의 역사 세계에서 가장 나이 많은 MC로 기네스북에 등재",https://blog.naver.com/cto5457/223289228367
2023-12-11,,https://blog.naver.com/lovableparis
2023-12-11,행궁동 피자 :: 연말 데이트코스 수원맛집 백스트리트피자,https://blog.naver.com/lovableparis/223289203334
2023-12-11,,https://blog.naver.com/hero7192
2023-12-11,"롯데웰푸드, 푸하하크림빵과 콜라보 찰떡아이스 소금크림 출시",https://blog.naver.com/hero7192/223289123841
2023-12-11,,https://blog.naver.com/1109yj
2023-12-11,대전핫플 소제동 온천집에 다녀왔어요,https://blog.naver.com/1109yj/223286138333
2023-12-12,,https://blog.naver.com/yu__nim
2023-12-12,[푸디뉴스] 12월 12일 식품업계 뉴스 클리핑,https://blog.naver.com/yu__nim/223290898979
2023-12-12,,https://blog.naver.com/estimate_07450
2023-12-12,반기다: 익선동 파스타맛집의 현실적인 맛의 반전,https://blog.naver.com/estimate_07450/223290588437
2023-12-12,,https://blog.naver.com/rude_81899
2023-12-12,익선동의 맛있는 파스타를 만나다! 익선동파스타맛집 반기다 소개,https://blog.naver.com/rude_81899/223290578089
2023-12-12,,https://blog.naver.com/ekwjd5188
2023-12-12,[주말 뭐하니~?] 익선동 - 창덕궁 - 명동 하루에 찍고옴.,https://blog.naver.com/ekwjd5188/223290512392
2023-12-12,,https://blog.naver.com/jsybhna
2023-12-12,국내여행안내사 2차 면접 100선,https://blog.naver.com/jsybhna/223290289345
2023-12-12,,https://blog.naver.com/hero3265
2023-12-12,[롯데웰푸드] 푸하하크림빵과 찰떡아이스 협업 출시!,https://blog.naver.com/hero3265/223290049061
2023-12-12,,https://blog.naver.com/h6egyhte
2023-12-12,서울의 매력을 느낄 수 있는 다양한 여행 코스 소개,https://blog.naver.com/h6egyhte/223289917735
2023-12-13,,https://blog.naver.com/kmy000403
2023-12-13,익선동데이트 코스 익선동찐맛집 익선애뜻 퓨전한식메뉴 추천,https://blog.naver.com/kmy000403/223291948493
2023-12-13,,https://blog.naver.com/ysr_ysr
2023-12-13,"익선동 웨이팅 맛집, 한옥에서 즐기는 한식 맛집 익선애뜻(예약, 주차)",https://blog.naver.com/ysr_ysr/223291913047
2023-12-13,,https://blog.naver.com/lplp0070
2023-12-13,"무인커피머신 티타임 A1 설치,무인카페 종로 익선통하다 본점",https://blog.naver.com/lplp0070/223291695958
2023-12-13,,https://blog.naver.com/hofzsu9i
2023-12-13,익선동 데이트 간판없는가게에서 스트레스 푼 후기,https://blog.naver.com/hofzsu9i/223291541660
2023-12-13,,https://blog.naver.com/journlistic66180
2023-12-13,롯데웰푸드'푸하하크림빵'등 한정판 선보여,https://blog.naver.com/journlistic66180/223289269970
2023-12-13,[종로][서순라길] 한옥 카페 & 맛집 & 술집 추천!,https://blog.naver.com/ibtravel-guide/223291004461
2023-12-13,,https://blog.naver.com/seu8511
2023-12-13,대전핫플 소제동샤브샤브 맛집~~ 분위기가 너무 예쁜 <온천집>,https://blog.naver.com/seu8511/223290964373
2023-12-14,,https://blog.naver.com/890211fcx
2023-12-14,종로3가역 4번 출구 익선동 한옥마을 놀라운 골목 골목 탐방 가족나들이 데이트 장소 짱,https://blog.naver.com/890211fcx/223292124930
2023-12-14,,https://blog.naver.com/poll_6150
2023-12-14,"익선동의 맛있는 비밀, 맛집 반기다의 맛으로 떠나는 맛 여행",https://blog.naver.com/poll_6150/223291849830
2023-12-14,,https://blog.naver.com/lby56
2023-12-14,내게는 모두 들꽃 선생님들 — <들꽃카페> 2023년 송년 모임에서,https://blog.naver.com/lby56/223292062058
2023-12-14,,https://blog.naver.com/admire_32923
2023-12-14,다채로운 익선동의 맛을 만나다: 익선동맛집 반기다,https://blog.naver.com/admire_32923/223291846018
2023-12-14,,https://blog.naver.com/venture_22501
2023-12-14,반기다 : 익선동 맛집에서 느껴지는 진정한 맛의 세계,https://blog.naver.com/venture_22501/223291838501
2023-12-15,,https://blog.naver.com/arteepedicab
2023-12-15,아띠인력거 창덕궁행 코스로 고즈넉한 북촌 즐기기,https://blog.naver.com/arteepedicab/223291784769
2023-12-15,종로노래주점 칸트3 건전 단란주점 종로3가 회식 맛집,https://blog.naver.com/dorya/223294091391
2023-12-15,종로 익선동 한옥거리 핫플 맛집 카페 서울데이트 코스,https://blog.naver.com/armanino2/223288000047
2023-12-15,,https://blog.naver.com/jin011026
2023-12-15,익선동 맛집 :: 종로 3가 데이트 장소 맛집 우연화 익선(주차장 안내),https://blog.naver.com/jin011026/223293884048
2023-12-15,,https://blog.naver.com/bubbly_b3
2023-12-15,"판교카페, 판교 카페, 분당 판교 카페 카페 하이웨스트 현대백화점 판교점",https://blog.naver.com/bubbly_b3/223293498783
2023-12-15,,https://blog.naver.com/inspect8903
2023-12-15,군산동구전자티타임A1 업무능률 업!,https://blog.naver.com/inspect8903/223293592964
2023-12-15,"서울 여행 명소 서울 가볼만한곳 종로 익선동 한옥거리 게장이 맛있는 한정식 맛집, 종로3가역 맛집 평해옥 탐방 후기",https://blog.naver.com/dlsen0115/223293038366
2023-12-16,인천 차이나타운 볼거리 인천역 개항로 개항장 거리 신포시장 짜장면 박물관,https://blog.naver.com/zltm31/223294589272
2023-12-16,,https://blog.naver.com/golden8217
2023-12-16,종로 익선동맛집 일본갬성 100% 양고기집 히츠지야익선,https://blog.naver.com/golden8217/223294383374
2023-12-17,,https://blog.naver.com/jji_ni_ya_
2023-12-17,서울 종로3가) 유일무이 유니크한 Korea Bar “아령”/비밀장소 공개,https://blog.naver.com/jji_ni_ya_/223295446674
2023-12-17,서울 가 볼만한 곳 송현동 솔빛 축제 기본 정보 열린송현 녹지광장 이건희 미술관 들어설 자리,https://blog.naver.com/kslee0691/223294812951
2023-12-18,,https://blog.naver.com/ain0806
2023-12-18,연말정산,https://blog.naver.com/ain0806/223296661159
2023-12-19,,https://blog.naver.com/1229s2
2023-12-19,"[서울 카페] 종로3가/익선동 칸칸에스프레소, 종로 커피 맛집",https://blog.naver.com/1229s2/223297786980
2023-12-19,,https://blog.naver.com/k730904
2023-12-19,수원카페 수족관에상어가있는청수당해림,https://blog.naver.com/k730904/223297787117
2023-12-19,,https://blog.naver.com/aa0603aa
2023-12-19,빠삭족발 : 익선동 데이트 코스 저녁으로 먹기 좋은 족발 맛집 추천,https://blog.naver.com/aa0603aa/223297620807
2023-12-19,,https://blog.naver.com/coto1020
2023-12-19,[해방촌소품샵] 신흥시장 +고양이알레르기,https://blog.naver.com/coto1020/223297608244
2023-12-19,"종로구 갈만한곳 겨울, 청계천의 빛 및 데이트 코스 추천",https://blog.naver.com/wnsdlvkej/223297448644
2023-12-19,,https://blog.naver.com/eosy1123
2023-12-19,"내가 가려고 만든 서울 핫플 리스트 (서울 크리스마스명소도 포함된,,,)",https://blog.naver.com/eosy1123/223297363125
2023-12-19,,https://blog.naver.com/kdsung640
2023-12-19,서울 핫 플레이스 익선동 골목길 힙한 카페 트렌디한 가게 음식점,https://blog.naver.com/kdsung640/223297127741
2023-12-19,,https://blog.naver.com/dlalgus106
2023-12-19,아삐뽀레 한옥카페 크리스마스 기분냈어요,https://blog.naver.com/dlalgus106/223296804147
2023-12-20,서울 놀러갈곳 크리스마스 겨울나들이 정수도넛 낙산공원,https://blog.naver.com/ping746/223298927806
2023-12-20,,https://blog.naver.com/kst3175
2023-12-20,명동·홍대·보신각·정동진…성탄절~연말연시 인파 사고 없게 관리 강화,https://blog.naver.com/kst3175/223298667170
2023-12-20,,https://blog.naver.com/frontpage_book
2023-12-20,'핫플' 익선동을 만든 부동산 재벌 '이 남자'의 정체는?,https://blog.naver.com/frontpage_book/223755108979
2023-12-20,,https://blog.naver.com/reach24h
2023-12-20,REACH24H CHINA (항저우 본사) 방한(12.11~12.15),https://blog.naver.com/reach24h/223298311507
2023-12-20,,https://blog.naver.com/cowqk1004
2023-12-20,"익선동 사주 잘하는 집 익선,통하다",https://blog.naver.com/cowqk1004/223297983323
2023-12-21,,https://blog.naver.com/kifan2
2023-12-21,"[익선동 와인바/종로 맛집/익선동 맛집] 더 멜란지 (feat.메뉴추천, 런치, 이베리코 차슈 스테이크, 새우 관자 비스크 링귀니)",https://blog.naver.com/kifan2/223299746361
2023-12-21,,https://blog.naver.com/wolhwasumokeat
2023-12-21,종로 익선동 맛집: 르블란서,https://blog.naver.com/wolhwasumokeat/223299493733
2023-12-21,,https://blog.naver.com/wonhwans
2023-12-21,서울 종로 / 무인카페 무인커피머신 A1 설치 사례/전국 무인커피머신 무인카페 커피머신 렌탈 판매 전문점 아성상사by지비컴퍼니,https://blog.naver.com/wonhwans/223299239385
2023-12-21,,https://blog.naver.com/atraxia123
2023-12-21,에일당/ 익선동 한옥 피자/ 익선동 수제맥주,https://blog.naver.com/atraxia123/223298920825
2023-12-22,,https://blog.naver.com/ysmkdy1
2023-12-22,송해길,https://blog.naver.com/ysmkdy1/223300822464
2023-12-22,,https://blog.naver.com/el_cherish
2023-12-22,[두번째 휴가] 고등학교 친구와 첫 여행은 서울 혹한기 훈련,https://blog.naver.com/el_cherish/223300809580
2023-12-22,서소문본관 서울시립미술관 전시부터 서울 야경 명소 데이트 코스 덕수궁돌담길까지 정동길 산책,https://blog.naver.com/tmdrms1547/223300794058
2023-12-22,,https://blog.naver.com/cherub74
2023-12-22,서울 2박 3일 여행 - 3일차/런던 베이글 뮤지엄 안국점/런던 베이글 뮤지엄 서울/ 한옥거리/ 카페거리,https://blog.naver.com/cherub74/223300266983
2023-12-22,,https://blog.naver.com/joen3310
2023-12-22,"[일상] 관광객st 인사동 나들이: 안녕인사동, 뮤직컴플렉스서울 LP바, YG플레이스, , 한옥랑솜, 롤인익선, 광장시장(떡볶이, 꽈배기, 호떡)",https://blog.naver.com/joen3310/223300254381
2023-12-22,,https://blog.naver.com/bong_22_
2023-12-22,23년 11월 월간일기,https://blog.naver.com/bong_22_/223300122680
2023-12-22,,https://blog.naver.com/dajkfhsd789
2023-12-22,"소중한 사람들과 함께한 종로의 명소, 살롱순라에서 즐기는 특별한 저녁 식사 경험",https://blog.naver.com/dajkfhsd789/223299988810
2023-12-23,,https://blog.naver.com/travel_consultant
2023-12-23,익선동 맛집 히츠지야 익선 데이트하기 좋은 양고기 코스요리집,https://blog.naver.com/travel_consultant/223301589097
2023-12-23,익선동 데이트 코스 추천 [빠리가옥] 프랑스 레스토랑&자연도 소금빵&아삐뽀레 카페,https://blog.naver.com/shiny0627/223301576467
2023-12-23,,https://blog.naver.com/pyj0225
2023-12-23,"초등학생 딸과 성수동 데이트 코스 겨울방학때 가볼만한곳(카페 할아버지공장,르프리크,소영씨스토어)",https://blog.naver.com/pyj0225/223301519615
2023-12-23,,https://blog.naver.com/rod_busan
2023-12-23,인사동 쌈짓길 카페 낙원역 땅콩라떼 아이스아메리카노 사진 찍기 좋은 카페,https://blog.naver.com/rod_busan/223298598390
2023-12-23,,https://blog.naver.com/milk_1315
2023-12-23,서울 크리스마스 트리 명소 카페 추천 BEST 5,https://blog.naver.com/milk_1315/223300944383
2023-12-24,,https://blog.naver.com/meow_nabe
2023-12-24,서울 익선동 맛집 데이트하기 좋은 양식집 간판없는가게,https://blog.naver.com/meow_nabe/223302020896
2023-12-24,,https://blog.naver.com/happy_soonsoon
2023-12-24,2023년 11월 서울 나들이 2,https://blog.naver.com/happy_soonsoon/223301945738
2023-12-24,[익선동 데이트 장소] 익선동 핫플 치앙마이방콕 태국요리맛집,https://blog.naver.com/kjae1214/223301832627
2023-12-25,,https://blog.naver.com/her0601
2023-12-25,[교토&오사카 여행] 첫째날-2) 교토 가성비 숙소-오리엔탈 호텔 교토 로쿠조 > 교토 청수사,https://blog.naver.com/her0601/223302697241
2023-12-25,,https://blog.naver.com/kimhajeong0423
2023-12-25,익선동맛집 익선동명소 차이들 안녕인사동점,https://blog.naver.com/kimhajeong0423/223302676235
2023-12-25,연말 익선동 데이트 코스,https://blog.naver.com/sylphline/223302585318
2023-12-25,익선동 디저트 맛집 한옥랑솜 익선동카페 인스타그램 핫플,https://blog.naver.com/kjae1214/223302562517
2023-12-25,익선동 한식 익선동술집 잘빠진메밀 익선점,https://blog.naver.com/ggelatwo/223301502520
2023-12-26,2023 서울빛초롱 축제 광화문 광장 마켓 기본 정보 및 소요 시간,https://blog.naver.com/virginia07/223304065894
2023-12-26,,https://blog.naver.com/sm8778
2023-12-26,서울을 걷다(을지로3가-세운상가-종묘-익선동-인사동),https://blog.naver.com/sm8778/223304010540
2023-12-26,오키아부지의 [댕동여지도] 사이트맵,https://blog.naver.com/okeystory/223303904472
2023-12-26,2023 11월,https://blog.naver.com/miinjji811/223303631192
2023-12-26,,https://blog.naver.com/llwheeyounll
2023-12-26,익선동 양고기 맛집 무한리필로 양고기와 일본 술을 찐하게 즐길 수 있는 양고기 찐맛집 히츠지야 익선,https://blog.naver.com/llwheeyounll/223303516861
2023-12-26,,https://blog.naver.com/mission3074
2023-12-26,익선동 맛집 익선디미방 런치 조지기,https://blog.naver.com/mission3074/223303455833
2023-12-27,,https://blog.naver.com/jm8714
2023-12-27,종로 맛집_살롱순라,https://blog.naver.com/jm8714/223304812865
2023-12-27,,https://blog.naver.com/korea-7942-
2023-12-27,"[Hotel Trend] 외국인 관광객 유치의 핵심으로 떠오른 K-콘텐츠, ‘K’ 프리미엄활용 통해 차별화 전략 모색하다",https://blog.naver.com/korea-7942-/223304703132
2023-12-27,,https://blog.naver.com/tngus032
2023-12-27,[익선동 맛집] 우연화 내돈내먹 후기: 함바그 맛집. 연말 데이트 코스 추천,https://blog.naver.com/tngus032/223304554194
2023-12-27,,https://blog.naver.com/exceed8547
2023-12-27,[익선동 / 익선디미방],https://blog.naver.com/exceed8547/223304258546
2023-12-28,,https://blog.naver.com/goldmonji2
2023-12-28,익선동 카페 아삐뽀레 커피맛도 비쥬얼도 공간 인테리어도 합격,https://blog.naver.com/goldmonji2/223306124833
2023-12-28,,https://blog.naver.com/kdac4131
2023-12-28,서울 종로와인바 더 멜란지 연말모임장소 맛집 익선동술집 을지로데이트코수 추천,https://blog.naver.com/kdac4131/223305865693
2023-12-28,,https://blog.naver.com/logbook70
2023-12-28,"있는 공간, 없는 공간",https://blog.naver.com/logbook70/223305546612
2023-12-28,,https://blog.naver.com/ordinary357
2023-12-28,종로 데이트 코스로 딱인 더 멜란지 [ft.스테이크 맛집],https://blog.naver.com/ordinary357/223304860023
2023-12-29,,https://blog.naver.com/jeun428
2023-12-29,월간 윤곰 / 2023년 4월,https://blog.naver.com/jeun428/223306881042
2023-12-29,푸드투데이 오늘의 식품 경제 생활 이슈,https://blog.naver.com/foodtoday1/223306817554
2023-12-29,[2023 히트상품] 롯데웰푸드 찰떡 아이스,https://blog.naver.com/foodtoday1/223306727683
2023-12-29,,https://blog.naver.com/200601321
2023-12-29,익선동 핫플 [도넛 정수],https://blog.naver.com/200601321/223306672787
2023-12-29,행궁동 데이트 코스 백스트리트 피자에서 만난 인생 피자,https://blog.naver.com/sks2vv/223306582923
2023-12-29,,https://blog.naver.com/dykim1016
2023-12-29,"<차이들 안녕인사동점> 익선동 중식당, 안국역 데이트 코스, 안녕인사동맛집 추천, 분위기 좋은 연말모임장소 추천",https://blog.naver.com/dykim1016/223306212325
2023-12-30,,https://blog.naver.com/woosun5308
2023-12-30,"신문 읽기 12월 30일, 대한민국의 새벽을 여는 사람들",https://blog.naver.com/woosun5308/223307783196
2023-12-30,2023 광화문광장 서울라이트 광화문 서울빛초록축제 광화문광장 마켓,https://blog.naver.com/jsnam007/223307354197
2023-12-30,,https://blog.naver.com/goohy95
2023-12-30,"12월 서울나들이 일상 | 안국역 런던베이글,리틀버틀러,탬버린즈,오브젝트,레이어드카페,노티드 | 겸사겸사",https://blog.naver.com/goohy95/223307302013
2023-12-30,,https://blog.naver.com/jennyzeri
2023-12-30,"신당동 지금 떠오르는 핫플레이스, 십이지신 칵테일바로 유명한 주신당 (feat. 주신당 웨이팅 50분 실화!?)",https://blog.naver.com/jennyzeri/223306885450
2023-12-30,,https://blog.naver.com/etisot
2023-12-30,“익선동은 서울의 자궁” 우리 소리 울려퍼진 풍류의 고향,https://blog.naver.com/etisot/223307112342
2023-12-31,,https://blog.naver.com/didlaak6598
2023-12-31,익선동 한옥거리 놀거리 주차 팁,https://blog.naver.com/didlaak6598/223308584374
2023-12-31,종로 익선동 한옥거리 카페 청수당 베이커리 주차장 핫플 데이트 놀거리 가볼만한곳,https://blog.naver.com/leadershookie/223307984068
