date,title,link
2023-01-01,,https://blog.naver.com/MyBlog.naver
2023-01-01,,https://section.blog.naver.com/
2023-01-01,,https://blog.naver.com/hsyeong118
2023-01-01,[서울] 크리스마스 서울행,https://blog.naver.com/hsyeong118/222972226062
2023-01-01,,https://blog.naver.com/warrr2020
2023-01-01,"2018 트렌드 노트, 우리는 어디로 가고 있는가",https://blog.naver.com/warrr2020/222972210611
2023-01-01,,https://blog.naver.com/pepper_mints2
2023-01-01,성수 카페 추천 <디플랫 성수 D FLAT> 넓고 감각적인 공간,https://blog.naver.com/pepper_mints2/222972168364
2023-01-01,,https://blog.naver.com/banks
2023-01-01,[2023-01-01] 오늘의 코스피 뉴스(2),https://blog.naver.com/banks/222972090800
2023-01-01,,https://blog.naver.com/kongdaram_
2023-01-01,2022년 한 해 돌아보기,https://blog.naver.com/kongdaram_/222972050333
2023-01-01,,https://blog.naver.com/aka_kcoach
2023-01-01,2023년 새해 일출 라이딩 방법,https://blog.naver.com/aka_kcoach/222971904229
2023-01-01,,https://blog.naver.com/soowon126
2023-01-01,"서울 해돋이,서울숲,성수대교 해돋이 성공",https://blog.naver.com/soowon126/222971848500
2023-01-01,,https://blog.naver.com/kimjh4082
2023-01-01,2023년 응봉산해맞이축제(응봉산 팔각정)/성수 구름다리 해맞이/한강 해맞이/성수동 해맞이,https://blog.naver.com/kimjh4082/222971757863
2023-01-01,,https://blog.naver.com/hohaho1541
2023-01-01,[성수동] 비가나 / 포근한 성동세무서 애견 동반 카페,https://blog.naver.com/hohaho1541/222971756692
2023-01-01,,https://blog.naver.com/jeyjey37
2023-01-01,"부산의 뜨는 상권, 오시리아 관광단지 방문기",https://blog.naver.com/jeyjey37/222971754918
2023-01-01,,https://blog.naver.com/tourvis_official
2023-01-01,"[태국 항공권 특가] 제주항공x태국관광청 :: 인천/부산 출발 방콕항공권, 치앙마이항공권 특가정보!",https://blog.naver.com/tourvis_official/222969950894
2023-01-01,,https://blog.naver.com/01_lovely
2023-01-01,"공사다망의 끝, 2022년 마무리!",https://blog.naver.com/01_lovely/222971704926
2023-01-01,,https://blog.naver.com/limyk3217
2023-01-01,새해 우리동네 맛집멋집 성동여행 지도 구축!,https://blog.naver.com/limyk3217/222971687243
2023-01-01,,https://blog.naver.com/emma9506
2023-01-01,2022년 마지막 블로그.. 근데 이제 2023년에 올리는,https://blog.naver.com/emma9506/222971555493
2023-01-02,,https://blog.naver.com/jungaya0623
2023-01-02,' 삼표레미콘부지 ' 개발 시동건다...,https://blog.naver.com/jungaya0623/222972994455
2023-01-02,,https://blog.naver.com/88hood
2023-01-02,2022 사회적기업 성장 지원센터 소셜캠퍼스 온 아트 콜라보 굿즈 | 아쌈작가 X 소셜캠퍼스온,https://blog.naver.com/88hood/222972934758
2023-01-02,,https://blog.naver.com/dustpdud6312
2023-01-02,세요미의 백수일기 2022년 12월호,https://blog.naver.com/dustpdud6312/222972707710
2023-01-02,,https://blog.naver.com/tldms3895
2023-01-02,"12월 겨울 군산 당일치기 여행 필수코스 맛집추천 / 고추짜장맛집 지린성, 브라운치즈 크로플 맛집 호수뷰 빈타이카페,경암동철길마을 주차정보 , 텐동맛집 요쿠야마치",https://blog.naver.com/tldms3895/222972682853
2023-01-02,,https://blog.naver.com/blackcat1559
2023-01-02,"성수동 삼표레미콘 부지, 첨단문화 복합거점으로 탈바꿈",https://blog.naver.com/blackcat1559/222972576124
2023-01-02,,https://blog.naver.com/dospace
2023-01-02,성수동 삼표 레미콘공장 개발 : 대관람차?오페라하우스!,https://blog.naver.com/dospace/222972455290
2023-01-02,,https://blog.naver.com/lydiachoi2022
2023-01-02,부동산트렌드2023,https://blog.naver.com/lydiachoi2022/222972378057
2023-01-03,,https://blog.naver.com/kkaoqmkx852
2023-01-03,"건조하고 눈 내리는 아침, 점심시간",https://blog.naver.com/kkaoqmkx852/222973557817
2023-01-03,,https://blog.naver.com/vmfja7373
2023-01-03,"[카페 추천] 내가 다시 가려고 정리하는 서울, 경기도 카페 LIST + 서울, 경기도 디저트 맛집 / 카페 데이트 코스 / 2022년 4분기",https://blog.naver.com/vmfja7373/222973177986
2023-01-03,,https://blog.naver.com/everything_s
2023-01-03,성수 래미콘 삼표공장 부지 2025년 상반기 착공,https://blog.naver.com/everything_s/222973418094
2023-01-03,,https://blog.naver.com/behari
2023-01-03,강남3구·용산 빼고 부동산 규제 다 푼다 2023.01.03.,https://blog.naver.com/behari/222973373292
2023-01-03,,https://blog.naver.com/ryo9
2023-01-03,교토여행 둘째날,https://blog.naver.com/ryo9/222973344268
2023-01-04,,https://blog.naver.com/orchid___jh
2023-01-04,"대전 대청호 맛집 팡시온, 가족모임하기 좋은 곳",https://blog.naver.com/orchid___jh/222975169387
2023-01-04,인천 데이트 가볼만한곳 인천역 개항로 카페 등 놀거리!,https://blog.naver.com/pih870318/222975100518
2023-01-04,,https://blog.naver.com/yhp7
2023-01-04,성수동 핫플레이스! GS25 플래그십 스토어 '도어투성수',https://blog.naver.com/yhp7/222974759595
2023-01-04,성수동 데이트 놀거리 가볼만한곳 카페거리 스타벅스 베이커리,https://blog.naver.com/80sunjin/222974293755
2023-01-04,,https://blog.naver.com/rimd_
2023-01-04,"제주 여행: 애월 일몰이 아름다운 장한철산책로 Bye, 2022!",https://blog.naver.com/rimd_/222974560976
2023-01-04,,https://blog.naver.com/joyful_ttudi
2023-01-04,22.12월의 기록,https://blog.naver.com/joyful_ttudi/222974497948
2023-01-04,,https://blog.naver.com/llouis_e
2023-01-04,세종시핫플:: 시티뷰를 즐길 수 있는 세종시 야경맛집 메타45카페,https://blog.naver.com/llouis_e/222974482574
2023-01-04,,https://blog.naver.com/logihong
2023-01-04,“쇼핑 공간? 아니 시간제한 놀이터”... ‘리테일 미디어’로 진화하는 팝업스토어,https://blog.naver.com/logihong/222974379651
2023-01-04,,https://blog.naver.com/ahnhj0102
2023-01-04,"[성수] 성수동카페 추천 :: 분위기 좋은 성수 데이트장소 성수 신상카페 ""숨;은"" 후기",https://blog.naver.com/ahnhj0102/222974308795
2023-01-04,,https://blog.naver.com/80eun_98
2023-01-04,[성수역 이자카야] 진한 국물의 곱창전골과 가지튀김 명소로 술이 술술 넘어가는 성수동 술집,https://blog.naver.com/80eun_98/222974246501
2023-01-05,,https://blog.naver.com/koonnom
2023-01-05,살고싶은 곳이 있나요? <이한압반성>,https://blog.naver.com/koonnom/222975337173
2023-01-06,,https://blog.naver.com/fluid9041
2023-01-06,차량을 이용해 응봉산 팔각정을,https://blog.naver.com/fluid9041/222976935499
2023-01-06,,https://blog.naver.com/tephenyaki
2023-01-06,연말 도쿄 (1/4),https://blog.naver.com/tephenyaki/222976600954
2023-01-06,,https://blog.naver.com/onesun0906
2023-01-06,솜이 서울숲 가다!,https://blog.naver.com/onesun0906/222976532849
2023-01-06,,https://blog.naver.com/meganx
2023-01-06,[성수 카페] 이색 서울 디저트 투어 1편 - 서울앵무새,https://blog.naver.com/meganx/222972743276
2023-01-06,,https://blog.naver.com/hhe777
2023-01-06,"유럽신혼여행 2일 포르투갈 리스본 여행코스 (산타루치아 전망대, 정어리 통조림, 리스본 대성당, 아주다보타닉공원, Lx팩토리)",https://blog.naver.com/hhe777/222975157142
2023-01-06,,https://blog.naver.com/brandy923
2023-01-06,"[성수 포인트오브뷰]-문구덕후라면 필수코스인 곳, 아무튼 문구",https://blog.naver.com/brandy923/222975958634
2023-01-06,,https://blog.naver.com/ever_ours
2023-01-06,'22 NOV DEC,https://blog.naver.com/ever_ours/222976278763
2023-01-07,,https://blog.naver.com/ynnchoi
2023-01-07,"제주시 성수동 | 성수동 데이트 코스 추천(메뉴, 가격, 위치)",https://blog.naver.com/ynnchoi/222977922511
2023-01-07,,https://blog.naver.com/annleeyh
2023-01-07,성수동 데이트 코스 추천 * 성수동 셋째집 * 흄볼트 * 냉동삼겹살 맛집 * 성수 조용한 디저트 카페,https://blog.naver.com/annleeyh/222977765306
2023-01-07,,https://blog.naver.com/ziz_you
2023-01-07,"성수 실내 놀거리 데이트코스 모음 쇼룸 팝업스토어 등(오브젝트, 르아르베이, 공간와디즈,즐건제일, 29cm)",https://blog.naver.com/ziz_you/222977653331
2023-01-07,,https://blog.naver.com/recover5694
2023-01-07,"공장철거 잘하는법, 실력 있는 곳에서 진행하기",https://blog.naver.com/recover5694/222977502417
2023-01-08,,https://blog.naver.com/cheol3783
2023-01-08,"신당동 맛집, #신당동한식 구복식당 또와또와, 위치, 가격, 메뉴 추천, #중앙시장맛집 신당역 데이트 코스 추천",https://blog.naver.com/cheol3783/222978579054
2023-01-08,,https://blog.naver.com/brandnew9021
2023-01-08,핫플레이스 성수 가성비 게스트하우스 서울숲스테이 패밀리룸 이용 후기,https://blog.naver.com/brandnew9021/222978514721
2023-01-08,,https://blog.naver.com/jingxian94
2023-01-08,"#2023년. <1월의 어느 한 주> 1월 첫 주, 액땜!",https://blog.naver.com/jingxian94/222978272990
2023-01-08,,https://blog.naver.com/kyr002
2023-01-08,"성수냉삼맛집, 성수역 맛집, 고깃집, 데이트코스 ‘청년냉삼집’ 추천 후기",https://blog.naver.com/kyr002/222978267704
2023-01-08,"성수 데이트코스 핫플 타코튜즈데이, 대중성과 맛 모두를 잡은 곳",https://blog.naver.com/kjw5313/222978097005
2023-01-08,,https://blog.naver.com/clair_de_lune_xxx
2023-01-08,"[베를린] 221217~221221｜오버바움, 이스트 사이드 갤러리, 린덴브로이, 드레스덴, 프라이탁, 암펠만",https://blog.naver.com/clair_de_lune_xxx/222978011387
2023-01-09,,https://blog.naver.com/damoauu
2023-01-09,지금 팔리는 것들의 비밀 내용요약,https://blog.naver.com/damoauu/222979500684
2023-01-09,,https://blog.naver.com/minboxer
2023-01-09,벚꽃 명소,https://blog.naver.com/minboxer/222979369437
2023-01-09,,https://blog.naver.com/lovelys2gunie
2023-01-09,"서울숲역와인바, 성수동 데이트 코스로 좋을 <성수 곡성>",https://blog.naver.com/lovelys2gunie/222979338560
2023-01-09,,https://blog.naver.com/kskspower
2023-01-09,[부산 해운대] 라이언 홀리데이 인 부산 연휴 해운대 가볼만한 곳 추천,https://blog.naver.com/kskspower/222979237970
2023-01-09,,https://blog.naver.com/neige_j
2023-01-09,"[서울/성동] 야경맛집, 서울이 한 눈에 내려다 보이는 ‘응봉산’ 후기",https://blog.naver.com/neige_j/222979144012
2023-01-09,,https://blog.naver.com/dalmado2023
2023-01-09,성수동 사주풀이 명소,https://blog.naver.com/dalmado2023/222978803650
2023-01-09,,https://blog.naver.com/siyin77
2023-01-09,피치스 도원 성수동 핫플레이스 코카콜라 제로 스타더스트 우주의맛 리미티드 에디션 코카콜라 팝업,https://blog.naver.com/siyin77/222978760408
2023-01-09,,https://blog.naver.com/ckddnjs3506
2023-01-09,성수동맛집 성수동수제버거 성수동데이트코스 수제버거다이닝 담백하고 프레쉬한 수제버거 맛있게 즐겨봐요! With The Batu,https://blog.naver.com/ckddnjs3506/222978253522
2023-01-09,,https://blog.naver.com/esec1018
2023-01-09,성수동 삼표레미콘부지 고층 복합시설 개발 예정,https://blog.naver.com/esec1018/222978631945
2023-01-10,성수동볼거리 - 광야로 걸어가 광야@서울 SM성수스토어,https://blog.naver.com/yoony094/222980729836
2023-01-11,,https://blog.naver.com/chuu_record
2023-01-11,"성수동와인바 : 성수 핫플 데이트 코스로 pick, 포도젝트",https://blog.naver.com/chuu_record/222981498470
2023-01-11,,https://blog.naver.com/yeolim6257
2023-01-11,성수동 셀프사진관 네컷사진 잘 나오는 사진 맛집 '홍대네컷 성수2호점',https://blog.naver.com/yeolim6257/222981235665
2023-01-11,,https://blog.naver.com/jeep_kolon
2023-01-11,성수동 피치스 도원 브랜드 전략은 무엇일까요? (성수동 핫플레이스),https://blog.naver.com/jeep_kolon/222981082547
2023-01-11,"성수 카페 서울앵무새, 서울 빵지순례 필수코스",https://blog.naver.com/mkdkrk/222978851482
2023-01-11,,https://blog.naver.com/fashon1
2023-01-11,2023. 1. 11. 패션 브리핑,https://blog.naver.com/fashon1/222980720623
2023-01-12,,https://blog.naver.com/copymocha
2023-01-12,[방콕 카페] 감성의 딸랏너이. 강가의 홍시앙꽁. 진한 팩토리커피,https://blog.naver.com/copymocha/222982713489
2023-01-12,,https://blog.naver.com/bingo36
2023-01-12,"종묘(자이온종로점), 익선동,북촌 코스",https://blog.naver.com/bingo36/222982318680
2023-01-12,,https://blog.naver.com/sempre6340
2023-01-12,성동구 서울숲 달맞이봉공원 사진 야경 명소 추천,https://blog.naver.com/sempre6340/222982306747
2023-01-12,,https://blog.naver.com/beauty5137
2023-01-12,"치앙마이 3일차 올드타운 어웨이치앙마이 타패리조트, kat's kitchen, 라탄거리, still coffee, 와로롯, 지앙하, MAADE, 미슐렝 로띠 rotee pa day",https://blog.naver.com/beauty5137/222982154846
2023-01-12,,https://blog.naver.com/alexa83302
2023-01-12,부동산 트렌드 2023 김경민 저 고민 끝장 냈어요,https://blog.naver.com/alexa83302/222982002990
2023-01-12,,https://blog.naver.com/toi300s
2023-01-12,부동산뉴스 230112 : 소득제한없는 특례보금자리론,https://blog.naver.com/toi300s/222981967390
2023-01-12,,https://blog.naver.com/jwxny_
2023-01-12,"Autumn Breeze ♪, September 2",https://blog.naver.com/jwxny_/222981903823
2023-01-13,,https://blog.naver.com/rensan1947
2023-01-13,[이동호의 간세탈출] 어제의 청와대와 오늘의 대통령실(가칭 용승대) 탐방으로 내다본 대한민국 미래상 2편(하편-7편 마지막편),https://blog.naver.com/rensan1947/222983779275
2023-01-13,,https://blog.naver.com/namayn
2023-01-13,"뜨리에이치:: 독특한 다이닝 코스메뉴가 있는 성수동카페(ft. 루프탑, 피크닉세트 대여, 서울숲 앞, 다이닝코스B)",https://blog.naver.com/namayn/222983634565
2023-01-13,,https://blog.naver.com/yoicandoit
2023-01-13,"PFS 갤러리 수장고 , 용인 삼가역 미술관 가오픈 기간 전시관람하고 왔어요.",https://blog.naver.com/yoicandoit/222983163531
2023-01-13,,https://blog.naver.com/diary_r
2023-01-13,[2023] 자연과 빌딩 숲의 조화로운 공존…서울숲-뚝섬 골목,https://blog.naver.com/diary_r/222983157944
2023-01-13,,https://blog.naver.com/triple-kr
2023-01-13,2023년 꼭 가봐야할 해외 여행지 추천 Best6,https://blog.naver.com/triple-kr/223754052751
2023-01-13,"뚝섬놀거리 눈썰매장, 뚝섬한강공원 뚝섬자벌레 유원지 나들이 추천",https://blog.naver.com/lbmoon68/222982805551
2023-01-13,부동산뉴스 230113 : 일시적 2주택자 1주택자 혜택,https://blog.naver.com/toi300s/222982966921
2023-01-13,,https://blog.naver.com/nheain12
2023-01-13,"[서울숲 맛집] 분위기 좋은 모임 장소 추천, 서울로인 서울숲점 (tmi.성수동 데이트)",https://blog.naver.com/nheain12/222982879408
2023-01-13,,https://blog.naver.com/ottomino69
2023-01-13,"2040 서울도시기본계획 총정리(7대 계획목표, 공간구조, 생활권별 구상)",https://blog.naver.com/ottomino69/222982742828
2023-01-14,"성수동브런치 써니눅 : 데이트코스로 좋은 파스타, 뇨끼, 와인 맛집",https://blog.naver.com/every_art_day/222984540982
2023-01-14,,https://blog.naver.com/wdcle
2023-01-14,[일상] 주말 독서타임,https://blog.naver.com/wdcle/222984532749
2023-01-14,,https://blog.naver.com/yunjin2297
2023-01-14,당진 당일치기 코스: 이장님밥상 & 더트커피 서해바다 보며 힐링하고 오기(Feat. 당진여행),https://blog.naver.com/yunjin2297/222984281866
2023-01-14,,https://blog.naver.com/elin5419
2023-01-14,섬소녀의 상경일지✈️,https://blog.naver.com/elin5419/222984270541
2023-01-14,,https://blog.naver.com/luckyboxgogo
2023-01-14,[상하이핫플] 중산공원 위위엔루 상하이핫플로떠오르다/ 상하이의성수동 위위엔루퍼블릭마켓 /愚园公共市集(YUYUAN PUBLIC MARKET),https://blog.naver.com/luckyboxgogo/222984137907
2023-01-14,,https://blog.naver.com/yoonang_
2023-01-14,"서울 성수동 놀거리 : GS25 도어투성수, 29cm 쇼룸, 공간 와디즈, 디올성수",https://blog.naver.com/yoonang_/222983999736
2023-01-15,,https://blog.naver.com/somi0817-72
2023-01-15,[ 런던 여행 19일 차 ] 런던 가 볼 만한 곳 런던 관광 필수 코스 스카이 가든 시티 오브 런던 쇼디치,https://blog.naver.com/somi0817-72/222985218984
2023-01-15,,https://blog.naver.com/ijebi1003
2023-01-15,오늘의 책 : 부동산트렌드 2023 - 수도권 중심 유망상권 분석에 맛집정보는 덤,https://blog.naver.com/ijebi1003/222985162924
2023-01-15,,https://blog.naver.com/nahee12087
2023-01-15,2040 서울도시기본계획 보고서 (23.1.5 확정 공고),https://blog.naver.com/nahee12087/222984965733
2023-01-15,,https://blog.naver.com/floresta0-0
2023-01-15,"[칼럼챌린지] [팀장칼럼] 규제도 못 살린 시장, 스타벅스가 살렸다",https://blog.naver.com/floresta0-0/222984601102
2023-01-16,,https://blog.naver.com/gmlqls94
2023-01-16,"서울 성수동 피자 맛집, 성수 데이트코스를 찾는다면 <피자시즌>",https://blog.naver.com/gmlqls94/222986352130
2023-01-16,,https://blog.naver.com/studio-clover
2023-01-16,[서울/성수동]성수동맛집 성수 낙곱새 사위식당,https://blog.naver.com/studio-clover/222986279252
2023-01-16,,https://blog.naver.com/wjstpgml225
2023-01-16,많이 늦은 2022 연말결산,https://blog.naver.com/wjstpgml225/222986042454
2023-01-16,,https://blog.naver.com/calvin0207
2023-01-16,"여행, D+21, 영국, 런던",https://blog.naver.com/calvin0207/222985917101
2023-01-16,,https://blog.naver.com/youthhopefoundation
2023-01-16,지난 한 해를 뜨겁게 달군 MZ세대들의 팝업 스토어,https://blog.naver.com/youthhopefoundation/222985719662
2023-01-16,,https://blog.naver.com/kkjrrjk
2023-01-16,서울 종로 근교 가볼만한곳 광장시장 재래시장 총각네 뿡어빵,https://blog.naver.com/kkjrrjk/222984714752
2023-01-16,,https://blog.naver.com/ohchu3
2023-01-16,‘카페’ 차리는 패션기업들…커피 팔며 브랜드 알린다,https://blog.naver.com/ohchu3/222985680765
2023-01-17,,https://blog.naver.com/eerr001
2023-01-17,국내 여행 : 서울은 2023년에 방문하기 가장 좋은 장소 중 하나!,https://blog.naver.com/eerr001/222981781496
2023-01-17,,https://blog.naver.com/yeseul9374
2023-01-17,세운상가::서울여행으로 가볼만한 곳 추천! 김해에서 올라온 칭구와 서울나들이❤️,https://blog.naver.com/yeseul9374/222987196142
2023-01-17,성수동 실내 놀거리 LCDC 소품샵 편집샵 이색 데이트 코스 서울 핫플 여행 가볼만한곳,https://blog.naver.com/masiller/222987146060
2023-01-17,,https://blog.naver.com/iruda_45bil
2023-01-17,관심사: 레미콘 공장,https://blog.naver.com/iruda_45bil/222986823513
2023-01-17,,https://blog.naver.com/wolfinsheep67
2023-01-17,일상,https://blog.naver.com/wolfinsheep67/222986996172
2023-01-17,,https://blog.naver.com/hanseon216
2023-01-17,숨어있는 성수 감성 와인바[성수 숨;은]/숨은성수/성수역카페,https://blog.naver.com/hanseon216/222986666030
2023-01-17,,https://blog.naver.com/grow_sun
2023-01-17,"성수동 분위기 맛집 레스토랑, 데이트 코스 추천 스케줄 성수",https://blog.naver.com/grow_sun/222986642909
2023-01-17,,https://blog.naver.com/mozzi_woong
2023-01-17,바이크 카페 02. (성수) RSG,https://blog.naver.com/mozzi_woong/222986494268
2023-01-18,,https://blog.naver.com/cherry_0922
2023-01-18,[임신일기]21주~23주차,https://blog.naver.com/cherry_0922/222988194384
2023-01-18,,https://blog.naver.com/milky_yeo
2023-01-18,"군산 분위기 좋은 데이트 파스타 맛집 #UNO #우노(라자냐,소고기샐러드,크림까르보나라,감바스)",https://blog.naver.com/milky_yeo/222987624145
2023-01-18,,https://blog.naver.com/yatourok
2023-01-18,"[아뿔 22탄_홍대입구역] 홍대벽화거리, 성수동 카페거리, 한국중부발전 코미포 에너지움, 한국천주교순교자박물관, 양화진 외국인 선교사묘원, 절두산, 서울함공원, 망원정,",https://blog.naver.com/yatourok/222987614402
2023-01-19,,https://blog.naver.com/bk_jee
2023-01-19,"[스크랩] 팝업스토어에 꽂힌 위스키 브랜드, 주류시장 새로운 '큰 손' MZ세대 공략",https://blog.naver.com/bk_jee/222989271482
2023-01-19,,https://blog.naver.com/trveliyun
2023-01-19,"[Bali 3탄] 발리 2주 일정, 지역별 특징 (+길리섬)",https://blog.naver.com/trveliyun/222989253849
2023-01-19,,https://blog.naver.com/sm9601
2023-01-19,서울데이트코스로 꼭 가야 하는 스콘 맛집 더현대압구정점 레이어드 카페,https://blog.naver.com/sm9601/222989186491
2023-01-19,,https://blog.naver.com/lovemyself221
2023-01-19,성수동 지식산업센터 서울 숲 더 스페이스 분양 중,https://blog.naver.com/lovemyself221/222988704538
2023-01-19,,https://blog.naver.com/mingjirhdwb
2023-01-19,2022 하반기 요약,https://blog.naver.com/mingjirhdwb/222988663370
2023-01-20,,https://blog.naver.com/haeony_
2023-01-20,목포 여행기(230107-230108),https://blog.naver.com/haeony_/222990108434
2023-01-20,,https://blog.naver.com/primelyj
2023-01-20,서울숲 산책 겨울 데이트 코스 후기[서울 공원],https://blog.naver.com/primelyj/222990062544
2023-01-20,,https://blog.naver.com/ujeong0317
2023-01-20,"미국+칸쿤 신혼여행 Day.10 :: LA 필수코스, 아트 디스트릭트, 인앤아웃 버거, 헐리우드, 폴스미스 핑크벽, 산타모니카, 파머스마켓",https://blog.naver.com/ujeong0317/222989906795
2023-01-20,,https://blog.naver.com/half_moon_jisu
2023-01-20,[2022.12.25] 태국 여행 2일차 (파타야),https://blog.naver.com/half_moon_jisu/222989664064
2023-01-20,,https://blog.naver.com/way2wealth
2023-01-20,152. 부동산 트렌드 2023 (2),https://blog.naver.com/way2wealth/222988006629
2023-01-21,,https://blog.naver.com/noow-moon
2023-01-21,때늦은 2022 연말결산,https://blog.naver.com/noow-moon/222990627055
2023-01-21,,https://blog.naver.com/frorog_g
2023-01-21,"[도쿄] 3일차, 아시아 첫 스타벅스, 츠타야 서점, 에비스 가든 무료전망대, 오다이바 포토스팟",https://blog.naver.com/frorog_g/222990574347
2023-01-21,성수동 데이트 코스 서울 와인바 분위기 좋은 디어민,https://blog.naver.com/erain9292/222990528924
2023-01-21,,https://blog.naver.com/andresoo
2023-01-21,"[내사진내노래슈룹] 강의, 워크숍, 명소/맛집탐방 담은 우킨산타 스토리. 한강잠실공원, 롯데월드타워, 석촌호수, 헤이그라운드. 카르페디엠. 아모르파티. 카리스마(song by성수)",https://blog.naver.com/andresoo/222990438672
2023-01-21,,https://blog.naver.com/thesunshinesbrightly
2023-01-21,연말연초 결산 히히,https://blog.naver.com/thesunshinesbrightly/222990415143
2023-01-21,,https://blog.naver.com/daisyparkkorea
2023-01-21,10만원이면 세상에서 제일 좋은 품질의 볼펜과 노트를 살 수 있어요,https://blog.naver.com/daisyparkkorea/222990388534
2023-01-21,,https://blog.naver.com/arby_label
2023-01-21,"1955, Italy, Porazzi Vermouth di Torino(토리노의 포라치 버몬트)",https://blog.naver.com/arby_label/222990238373
2023-01-21,,https://blog.naver.com/kgg8308
2023-01-21,[고척 아이파크몰] 진지한 후기,https://blog.naver.com/kgg8308/222989827419
2023-01-22,,https://blog.naver.com/cyj-0-91
2023-01-22,성수 손수도니카이 데이트 코스로 추천하는 이자카야,https://blog.naver.com/cyj-0-91/222991199237
2023-01-22,,https://blog.naver.com/birdy877
2023-01-22,"성수 카페 옹근달, 디저트굿굿굿! 분위기 있는 대형카페",https://blog.naver.com/birdy877/222991076674
2023-01-22,,https://blog.naver.com/mhmh2867
2023-01-22,성수 모나미스토어 성수점 방문 후기 ㅣ서울 성수동 볼거리 추천 ㅣ 성수동핫플레이스,https://blog.naver.com/mhmh2867/222990952053
2023-01-22,방콕 항공권 가격 비교부터 시작하는 방콕 여행 준비,https://blog.naver.com/yujigraphy/222990738235
2023-01-23,2월 해외여행지 추천 :: 새해 다짐을 굳힐 수 있는 3박 4일 해외여행지 추천,https://blog.naver.com/kkdaykr/222992073341
2023-01-23,,https://blog.naver.com/newjin90
2023-01-23,[리뷰] 부동산 트렌드 2023 : 대폭락을 기회로 전환하는 법,https://blog.naver.com/newjin90/222992014054
2023-01-23,,https://blog.naver.com/businessreader_0103
2023-01-23,"[독서] 부동산트렌드 2023, 대폭락을 기회로 전환하는 법 _ 김경민",https://blog.naver.com/businessreader_0103/222991480840
2023-01-23,[성수동] 코너룸 | Corner Room,https://blog.naver.com/3345/222991356751
2023-01-23,,https://blog.naver.com/methevilly
2023-01-23,태국 방콕 & 치앙마이 2일차,https://blog.naver.com/methevilly/222991314099
2023-01-23,,https://blog.naver.com/gavyoung
2023-01-23,뉴질랜드 남섬여행 3일차 : 테카포 이동,https://blog.naver.com/gavyoung/222991259184
2023-01-24,,https://blog.naver.com/cmh1545
2023-01-24,"[20220608] 정읍공용버스터미널, 나주버스터미널 (시내)",https://blog.naver.com/cmh1545/222992409555
2023-01-24,,https://blog.naver.com/song642100
2023-01-24,서울 성수동 서울숲 놀거리 데이트 코스 핫플레이스 궁금해?,https://blog.naver.com/song642100/222992307572
2023-01-24,,https://blog.naver.com/ysbaik
2023-01-24,20230101 성수동 주말주차팁 및 성수동 스케치,https://blog.naver.com/ysbaik/222992295786
2023-01-24,,https://blog.naver.com/418418
2023-01-24,본격 블로그 주객전도,https://blog.naver.com/418418/222992165939
2023-01-25,,https://blog.naver.com/boksemuksal
2023-01-25,사당역과 이수역 사이에 위치한 피자 찐 맛집 [옐로우피자] 나 왜 이제서야 간거니...?,https://blog.naver.com/boksemuksal/222994283698
2023-01-25,,https://blog.naver.com/bkwoo0802
2023-01-25,성수동 지식산업센터 성공 신화는 현재 진행형,https://blog.naver.com/bkwoo0802/222993969791
2023-01-25,,https://blog.naver.com/goldenplace59
2023-01-25,[계약완료] 성수동 연무장길 히든상가 37평+창고10평 (3200/375만원),https://blog.naver.com/goldenplace59/222993899286
2023-01-25,,https://blog.naver.com/hitejinrovin
2023-01-25,"〔와인 명가〕캠브리아 이스테이트 와이너리, ‘잭슨 패밀리 와인즈’ 세계화의 반석(盤石)이자 산타 마리아 밸리 아이콘 생산자",https://blog.naver.com/hitejinrovin/222993819815
2023-01-25,,https://blog.naver.com/taeng2ya_
2023-01-25,서울숲맛집 분위기 맛집으로 유명한 부우이,https://blog.naver.com/taeng2ya_/222993384487
2023-01-25,,https://blog.naver.com/seokaung
2023-01-25,"나탈리 카르푸셴코 사진전 후기 (성수동 데이트, 놀거리, 서울 전시회 추천, 그라운드시소, 생각공장 성수, 주차, 맛집, 굿즈)",https://blog.naver.com/seokaung/222993146495
2023-01-26,,https://blog.naver.com/stazia101
2023-01-26,성수 맛집 데이트 코스 핫플레이스! 일본 갬성 그대로_손수도 니카이 하이볼 전문점,https://blog.naver.com/stazia101/222995353134
2023-01-26,,https://blog.naver.com/kimsopretty
2023-01-26,서울숲 맛집 데이트 코스 추천 서울로인 서울숲점,https://blog.naver.com/kimsopretty/222995035926
2023-01-26,,https://blog.naver.com/producer77
2023-01-26,2040 서울도시기본계획 동북권 발전방향,https://blog.naver.com/producer77/222994893244
2023-01-26,"(서울호텔) 그랜드 워커힐 서울 디럭스 호텔 kkday 호텔특가,쿠폰 정보-",https://blog.naver.com/tlsduswjd88/222990477090
2023-01-27,,https://blog.naver.com/inkichung79
2023-01-27,[서울카페] 어니언 Onion 성수 본점,https://blog.naver.com/inkichung79/222996724494
2023-01-27,,https://blog.naver.com/sulheemoon
2023-01-27,한남동 옆 옥수동 옥수삼성아파트 임장 및 빅데이터 분석,https://blog.naver.com/sulheemoon/222996329463
2023-01-27,,https://blog.naver.com/yump45
2023-01-27,이대맛집 참치햄카츠 하이볼 파는 카린지 린가네스낵바,https://blog.naver.com/yump45/222996258080
2023-01-27,,https://blog.naver.com/sde1206
2023-01-27,택시운전면허 서울지리 교제,https://blog.naver.com/sde1206/222996187826
2023-01-27,,https://blog.naver.com/small2great
2023-01-27,"카센터, 카페가 되다 광주광역시 콥프(Kobp)",https://blog.naver.com/small2great/223720360315
2023-01-27,서울앵무새 제주점 대형 서귀포 애견동반 카페 포토존 가득 야크마을,https://blog.naver.com/hn_bong/222995907126
2023-01-27,,https://blog.naver.com/si__world
2023-01-27,1월 셋째 주.,https://blog.naver.com/si__world/222994163967
2023-01-28,,https://blog.naver.com/dado8396
2023-01-28,찬바람이 쌩쌩 부는 날에 응봉산-서울숲길을 걸었다,https://blog.naver.com/dado8396/222997758306
2023-01-28,,https://blog.naver.com/g-dabi
2023-01-28,서울 성수 힙한 나들이 코스 도렐카페 정갈한 한식 솔솥 방문,https://blog.naver.com/g-dabi/222997732281
2023-01-28,,https://blog.naver.com/jejugil
2023-01-28,서울 핫플레이스 성수동대림창고갤러리,https://blog.naver.com/jejugil/222997715231
2023-01-28,,https://blog.naver.com/hhyunssss
2023-01-28,싱가포르 가볼만한곳 하지레인 아랍스트리트 술탄모스크 | 비와도 좋은 싱가포르속에서 느끼는 이슬람,https://blog.naver.com/hhyunssss/222997685403
2023-01-28,,https://blog.naver.com/remember_local
2023-01-28,성수 어니언 - 소금빵 맛집 고민하지말고 여기로 가세요,https://blog.naver.com/remember_local/222996107681
2023-01-28,,https://blog.naver.com/universe_71p
2023-01-28,"23.1.19~20 몬세라트 합창단예약 방법, 티비다보 가는법/ 구엘공원, 바르셀로나 비치, 노마드커피",https://blog.naver.com/universe_71p/222996965808
2023-01-29,,https://blog.naver.com/peach7677
2023-01-29,"부천시청역 맛집 파스타 한장에서 파스타, 피자 먹고 왔어요, 찐 동네 맛집",https://blog.naver.com/peach7677/222998441975
2023-01-29,,https://blog.naver.com/tmkim27
2023-01-29,"경의선 숲길,연남동 상권,연트럴파크 상권 분석,연리단길 상권",https://blog.naver.com/tmkim27/222998345189
2023-01-29,서울 성수핫플 주말데이트코스 가볼만한곳 에이투비 카페 A to B,https://blog.naver.com/kongmistar/222998284470
2023-01-29,,https://blog.naver.com/mshw12
2023-01-29,[성수동 영어 학원] 23학번 새내기가 미리보는 대학 생활 ! < 1편. 한국외대. 정치외교학과 >,https://blog.naver.com/mshw12/222998194254
2023-01-29,,https://blog.naver.com/pjs930211
2023-01-29,LX 인테리어 체험에 MZ세대 열광한 까닭,https://blog.naver.com/pjs930211/222998138100
2023-01-30,,https://blog.naver.com/hsher72
2023-01-30,"서울을 대표하는 공원, 10곳은 어디일까?",https://blog.naver.com/hsher72/222999590645
2023-01-30,,https://blog.naver.com/teamcabon
2023-01-30,부산 팀카본 성수카닥터 서병인 대표님과 서현수님 (아버지와 아들 ),https://blog.naver.com/teamcabon/222999579928
2023-01-30,,https://blog.naver.com/yjscymsb96
2023-01-30,건대 수제양복 사르베토강남점 추천할수 밖에 없는 트렌디함,https://blog.naver.com/yjscymsb96/222999384667
2023-01-30,,https://blog.naver.com/yhjyhjyhj1105
2023-01-30,"세련되고 힙한 성수 맛집, [비트랩] 청국장까지 완벽해요!",https://blog.naver.com/yhjyhjyhj1105/222998972122
2023-01-30,,https://blog.naver.com/giwoong2012
2023-01-30,성수동 뚝섬역 임대상가 핫한 베이커리 카페 [ 전용 24평+서비스면적 12평까지?] 인테리어보면 놀랍니다!,https://blog.naver.com/giwoong2012/222998879176
2023-01-30,,https://blog.naver.com/callsign-n
2023-01-30,주간일기 2023년 1월 26일 ~ 1월 29일,https://blog.naver.com/callsign-n/222998874971
2023-01-30,,https://blog.naver.com/choijg0921
2023-01-30,[성수맛집]고우성수-신상 핫플 성수동 데이트 추천 서울숲 맛집 주차팁!!,https://blog.naver.com/choijg0921/222998154234
2023-01-31,성수역 와인바 '숨은' 성수동 조용한 데이트 장소,https://blog.naver.com/jagaliano1/223001070103
2023-01-31,,https://blog.naver.com/winter_bud_
2023-01-31,[2040 서울도시기본계획] 생활권계획,https://blog.naver.com/winter_bud_/223000948112
2023-01-31,,https://blog.naver.com/bum4761
2023-01-31,"포스트 코로나 시대의 새로운 리테일 키워드, MZ세대",https://blog.naver.com/bum4761/223000927543
2023-01-31,,https://blog.naver.com/anysun7
2023-01-31,서울숲 더스페이스 성수동 지식산업센터 분양가 살펴보기,https://blog.naver.com/anysun7/223000515559
2023-01-31,,https://blog.naver.com/kindmic
2023-01-31,책읽고 성장하기 23-03] 부동산 트렌드 2023 (김경민),https://blog.naver.com/kindmic/222998455585
2023-01-31,성수동 글로우 - 사층빵집 케이크 까눌레 너무 먹고 싶다,https://blog.naver.com/remember_local/222996163806
2023-02-01,남양주 디저트맛집 로이테 서울근교드라이브코스로도 좋은 북한강카페,https://blog.naver.com/sudden4082/223001681118
2023-02-01,,https://blog.naver.com/yelight0928
2023-02-01,"[도쿄여행 4일차] 하라주쿠 토이 사피엔스, 폼폼푸린 카페, 오모테산도 일루미네이션",https://blog.naver.com/yelight0928/223001431289
2023-02-01,,https://blog.naver.com/yujiu1529
2023-02-01,"12월 일상 (4): ATH, MAA, 아부다비 태국음식 맛집, 라멘 맛집 Daikan, 감성 카페 Wave",https://blog.naver.com/yujiu1529/223001331023
2023-02-02,,https://blog.naver.com/favorite__moment
2023-02-02,"23년 1월 결산, 시간 참 잘 간다",https://blog.naver.com/favorite__moment/223003077031
2023-02-03,,https://blog.naver.com/cnk7942
2023-02-03,5. 지식산업센터 투자유망지역 문정동지식산업센터,https://blog.naver.com/cnk7942/223004522216
2023-02-03,,https://blog.naver.com/psb011004
2023-02-03,대형프로젝트: 서울 플레이스 모음.zip,https://blog.naver.com/psb011004/223004517938
2023-02-03,,https://blog.naver.com/yeoyoonurim
2023-02-03,나무위키로 보는 광주광역시 손품,https://blog.naver.com/yeoyoonurim/223004411754
2023-02-03,,https://blog.naver.com/sejinfolding
2023-02-03,성수동 핫플레이스 블루보틀 서울숲 카페,https://blog.naver.com/sejinfolding/223000812089
2023-02-03,열흘새 3억 뛰었습니다,https://blog.naver.com/keheehee2/223003762522
2023-02-04,,https://blog.naver.com/jyj0326
2023-02-04,"[쀼의 부동산 공부 4주차] 성동구: 왕십리 뉴타운, 성수전략정비구역, 성동구 입지분석",https://blog.naver.com/jyj0326/223005298019
2023-02-04,,https://blog.naver.com/gwongawon
2023-02-04,드레스촬영 성수 핫플스튜디오 갔다옴! 친구들과 셀프촬영하기도 좋은 곳,https://blog.naver.com/gwongawon/223004702814
2023-02-05,,https://blog.naver.com/skdbs1782
2023-02-05,내 다리 내놔 일상,https://blog.naver.com/skdbs1782/223006259126
2023-02-05,종로 가볼만한곳 익선동 데이트 코스 놀거리 주말 나들이,https://blog.naver.com/bahna2/223006136586
2023-02-05,,https://blog.naver.com/ase97
2023-02-05,"성수역맛집] 서울 우동맛집 추천 성수 데이트코스 성수동 우동, 도도한면",https://blog.naver.com/ase97/223005345365
2023-02-06,,https://blog.naver.com/rarara_90
2023-02-06,[서촌 가볼 만한 곳 추천]- 나 홀로 독립서점 투어(보안책방/보안1942/이라선),https://blog.naver.com/rarara_90/223007275406
2023-02-06,,https://blog.naver.com/kiki0289
2023-02-06,+춘천감자빵 오후두시감자빵 구매후기,https://blog.naver.com/kiki0289/223007241258
2023-02-06,,https://blog.naver.com/sealice
2023-02-06,"LCDC 성수 - 성수동 복합문화공간, 성수동의 핫플레이스",https://blog.naver.com/sealice/223007114893
2023-02-06,종로5가역 맞춤양복 사르베토강남점 남다른 퀄리티체크,https://blog.naver.com/yjscymsb96/223007080647
2023-02-06,,https://blog.naver.com/kimmin1298732
2023-02-06,연남동 권리금 변호사 통해 성공적으로 받은 비결은,https://blog.naver.com/kimmin1298732/223007026992
2023-02-06,,https://blog.naver.com/myungkyungseoul
2023-02-06,"바닥권리금 누구한테, 어떻게 주장해야 하는지 알려드립니다",https://blog.naver.com/myungkyungseoul/223007018227
2023-02-06,성수 테디스오븐 성수동 데이트 핫플 서울숲 가볼만한곳,https://blog.naver.com/yesun81/223005915011
2023-02-06,,https://blog.naver.com/rgi91
2023-02-06,[ 경주 교촌마을] 이스트1779/ 월정교 야경을 볼 수 있는 힙한 카페! 탐방기 ~ 유후,https://blog.naver.com/rgi91/223006286941
2023-02-07,,https://blog.naver.com/malname32
2023-02-07,"팝업 임대(단기임대), 상기임대차보호법 피하기 꼼수",https://blog.naver.com/malname32/223008374274
2023-02-07,,https://blog.naver.com/happysnk012
2023-02-07,서울숲 맛집 서울로인 데이트코스로 딱이야,https://blog.naver.com/happysnk012/223007760255
2023-02-07,성수동 와인바 바피에스(Bar Postscript) 루프탑바 분위기 좋은 데이트 장소 추천할게요!,https://blog.naver.com/tmxk5412/223007758410
2023-02-07,,https://blog.naver.com/ay_1215
2023-02-07,성수 놀거리 | 성수동 가볼만한 곳 | 농심 신라면 팝업스토어 에스팩토리에서 이색 데이트,https://blog.naver.com/ay_1215/223007694851
2023-02-08,,https://blog.naver.com/shining-my-life
2023-02-08,뚝섬역 바로 앞 카페 RAW COFFEE STAND 로우커피스탠드,https://blog.naver.com/shining-my-life/223001112763
2023-02-08,,https://blog.naver.com/pdi0903
2023-02-08,[동탄 맛집] 계형우 셰프의 중식 '전자방' 라크몽점 :: 한우 유니 짜장면,https://blog.naver.com/pdi0903/223008910383
2023-02-08,,https://blog.naver.com/roadnature
2023-02-08,서울숲남산길.매봉산팔각정 사진 포인트 찾으러갔다가 걷게된 너무 아름다운 서울 도심자연길 루트,https://blog.naver.com/roadnature/223008899762
2023-02-08,,https://blog.naver.com/stern_always_sunny
2023-02-08,성수 베이킹 스튜디오 :: 서울숲 빵집의 양대 산맥 중 하나인 성수동 빵 맛집 in 서울숲 역,https://blog.naver.com/stern_always_sunny/223008275133
2023-02-08,,https://blog.naver.com/the_trip
2023-02-08,‘인생네컷 부럽지가 않아’ 샌프란시스코 포토 스폿 코스,https://blog.naver.com/the_trip/223008802728
2023-02-08,,https://blog.naver.com/domaelist
2023-02-08,"함께의 가치를 지켜온, 데우스 엑스 마키나",https://blog.naver.com/domaelist/223002265927
2023-02-08,,https://blog.naver.com/approach999
2023-02-08,"핫플 성수동에 불어올 변화의 바람, 성수전략정비구역!",https://blog.naver.com/approach999/223008758688
2023-02-08,,https://blog.naver.com/salchisal_
2023-02-08,희릿_ 서울 성수동 데이트코스 와인바,https://blog.naver.com/salchisal_/223003275213
2023-02-08,,https://blog.naver.com/push_jeong
2023-02-08,일본여행 구다사이 ( ◜◝ )ノ,https://blog.naver.com/push_jeong/223008629106
2023-02-09,,https://blog.naver.com/cigolg
2023-02-09,성수옥아궁지 | 성수 직장인 피셜 성수역 회식 추천,https://blog.naver.com/cigolg/223010823487
2023-02-09,,https://blog.naver.com/housingwatch
2023-02-09,"교직원공제회 소유 더케이호텔서울, 양재 R&D 오피스로 탈바꿈할까",https://blog.naver.com/housingwatch/223010096815
2023-02-09,,https://blog.naver.com/53fighting-
2023-02-09,"<성수 카페> 할아버지공장에서 쉬어가기, 성수 핫플레이스 할아버지공장 맥주 한사발 하고온 후기",https://blog.naver.com/53fighting-/223010017588
2023-02-10,,https://blog.naver.com/joy282sy
2023-02-10,성수동 데이트코스 :: 대림국수 성수점 꼬치구이 비빔면 온면,https://blog.naver.com/joy282sy/223011489135
2023-02-10,,https://blog.naver.com/s8902258
2023-02-10,성수 테라289 신축오피스텔 분양 바로입주가능,https://blog.naver.com/s8902258/223011450849
2023-02-10,서울 한강공원 어디가 좋을까? [망원한강공원/ 여의도한강공원/ 잠원한강공원/ 뚝섬유원지/ 서울숲 성수구름다리],https://blog.naver.com/reve8612/223011297861
2023-02-10,,https://blog.naver.com/mel_l
2023-02-10,"성수 맛집) 고우성수 - 성수동 솥밥 맛집! 성수역, 뚝섬역, 서울숲역 데이트 장소 추천(feat. 연어솥밥, 가지솥밥)",https://blog.naver.com/mel_l/223010090315
2023-02-10,,https://blog.naver.com/dlrwnsaka
2023-02-10,성수명소 카페 할아버지공장. 성수 데이트로 좋은 곳~,https://blog.naver.com/dlrwnsaka/223010952687
2023-02-11,,https://blog.naver.com/applepie98
2023-02-11,"2023년 1월 방콕 여행 -조드페어(쩟페어) 야시장 방문 후기(feat. 랭쎕 or 랭쌥맛집, 코끼리 바지)",https://blog.naver.com/applepie98/223012577489
2023-02-11,,https://blog.naver.com/cryostalo
2023-02-11,성수동 상권과 팝업스토어 그리고 한강르네상스,https://blog.naver.com/cryostalo/223012388087
2023-02-11,,https://blog.naver.com/dansimine
2023-02-11,성수동 데이트코스 BEP/틸테이블 화병get +주차꿀팁까지,https://blog.naver.com/dansimine/223012291942
2023-02-11,,https://blog.naver.com/hyunjin0427
2023-02-11,"뚝섬역와인바 Le vin(르방), 라구 리가토니와 크림전복파스타! 분위기 좋고 아기자기한 데이트코스 추천",https://blog.naver.com/hyunjin0427/223011793607
2023-02-11,,https://blog.naver.com/tndus0424
2023-02-11,성수동 분위기 좋은 파스타맛집. 데이트코스 추천,https://blog.naver.com/tndus0424/223012123866
2023-02-11,,https://blog.naver.com/ggelatwo
2023-02-11,성수동 돈까스 정돈 서울숲 데이트 코스로 딱 좋아요,https://blog.naver.com/ggelatwo/223012277997
2023-02-12,,https://blog.naver.com/iluseojin
2023-02-12,서울숲맛집 고우 성수 카페거리 성수동 데이트 추천,https://blog.naver.com/iluseojin/223013592720
2023-02-12,,https://blog.naver.com/fdsa5577
2023-02-12,성수 이오로 비스트로 후토마키맛집 데이트코스 추천,https://blog.naver.com/fdsa5577/223013536193
2023-02-12,,https://blog.naver.com/shp3189
2023-02-12,"[성수동 뚝도청춘시장 맛집] 시골집, 소나무카페",https://blog.naver.com/shp3189/223013518440
2023-02-12,성수동 놀거리 LCDC서울 구경 성수 데이트,https://blog.naver.com/pkj5456/223013217651
2023-02-12,,https://blog.naver.com/jasminehime
2023-02-12,"[성수퓨전양식] 한식과 양식을 조화롭게 이룬 ""성수이루다"" Sungsu 2LOODA",https://blog.naver.com/jasminehime/223013120915
2023-02-12,,https://blog.naver.com/lawyerd
2023-02-12,"후기 #린성수, 성수 와인바, 성수동 맛집, 성수동 데이트 코스, 성수동 술집 추천, 성수동 핫플, 성수 와인 모임",https://blog.naver.com/lawyerd/223011609168
2023-02-12,,https://blog.naver.com/kcm725
2023-02-12,좋은 일도 있고 나쁜 일도 있는거지.,https://blog.naver.com/kcm725/223012996198
2023-02-13,,https://blog.naver.com/kssssss570313
2023-02-13,전국 벚꽃 개화시기 벚꽃명소 볼수있는곳 여행지,https://blog.naver.com/kssssss570313/223014530912
2023-02-13,,https://blog.naver.com/chun2192
2023-02-13,"서울숲 인근 주차장 찾다 발견한""디타워 주차장""만족도100%",https://blog.naver.com/chun2192/223014354106
2023-02-13,,https://blog.naver.com/thedaysnews
2023-02-13,"로맨스 객실→사이판 특별 여행...호텔업계, 사랑의 계절 특별한 패키지 출시",https://blog.naver.com/thedaysnews/223014410568
2023-02-13,,https://blog.naver.com/rasol1004
2023-02-13,"성수동 아뜰리에길 2층 상가임대[전용22평, 서비스30평, 내부인테리어 최상급!, 서울숲역 역세권] 지금 계약 하시죠!",https://blog.naver.com/rasol1004/223014334633
2023-02-13,성수동 연무장길 탐방,https://blog.naver.com/bkwoo0802/223014182416
2023-02-13,,https://blog.naver.com/ocotnqlso
2023-02-13,이름은 곧감 첫 번째 여행이라고 하겠습니다. 근데 이제 보령을 곁들인,https://blog.naver.com/ocotnqlso/223014012181
2023-02-14,,https://blog.naver.com/jane_0912
2023-02-14,"❤️ 먹깨비 성수동 맛집 추천 ""스케줄 성수"" 다녀오다!",https://blog.naver.com/jane_0912/223015534675
2023-02-14,,https://blog.naver.com/goodgirla
2023-02-14,"[잠실/석촌카페] 송리단길 휴식의 공간, 스웨덴식 드립 커피 <뷰클런즈>",https://blog.naver.com/goodgirla/223015383577
2023-02-14,,https://blog.naver.com/cheumland
2023-02-14,2040 서울도시 기본계획 보고서,https://blog.naver.com/cheumland/223015139210
2023-02-14,,https://blog.naver.com/hurarlaget
2023-02-14,일상맛남생활 - 대전 소제동 브런치 명소 소제솔루나,https://blog.naver.com/hurarlaget/223011942299
2023-02-14,,https://blog.naver.com/paradox4
2023-02-14,[#76] 서울(22-1229/목) ~ 용산 맛집 옛집국수에서 온국수 혼밥 후기(feat.35년 전통),https://blog.naver.com/paradox4/223014783131
2023-02-15,,https://blog.naver.com/buza01_
2023-02-15,성수 이색 데이트코스 :: ‘성수미술관’,https://blog.naver.com/buza01_/223017086740
2023-02-15,,https://blog.naver.com/morgenbreed
2023-02-15,2023년 1월의 일상,https://blog.naver.com/morgenbreed/223017073135
2023-02-15,,https://blog.naver.com/my_happiness_727
2023-02-15,성수동 핫플레이스 하우스와인 다이닝바 투그 toug,https://blog.naver.com/my_happiness_727/223017036989
2023-02-15,,https://blog.naver.com/hayden7356
2023-02-15,"[230209] 성수동 포르쉐 나우 성수 전시 방문기 (911 964 카레라 2 카브리올레, 타이칸)",https://blog.naver.com/hayden7356/223016909085
2023-02-15,,https://blog.naver.com/theseoulmagazine
2023-02-15,"도시와 자연, 그리고 재미를 찾는 자를 위한 2박 3일 서울 여행",https://blog.naver.com/theseoulmagazine/223016740193
2023-02-15,"""한국의 브루클린"" 성수동 '붉은벽돌' 건물, 뚝섬역 남쪽 확대",https://blog.naver.com/goldenplace59/223016728304
2023-02-15,,https://blog.naver.com/signmunhwa95
2023-02-15,"치맥타임! 여름을 알리는 사인 맥주와 흥미로운 공간, 그리고 간판",https://blog.naver.com/signmunhwa95/223773501391
2023-02-15,,https://blog.naver.com/nagada_h
2023-02-15,"성수전략정비구역 1,2,3,4지구 총정리",https://blog.naver.com/nagada_h/223016070845
2023-02-15,,https://blog.naver.com/horsecouple
2023-02-15,"서울 지하철 여행, 성수역 당일치기 코스, 가볼만한 곳 추천 BEST 7",https://blog.naver.com/horsecouple/223012695887
2023-02-15,,https://blog.naver.com/kmr8822
2023-02-15,[서울숲 맛집] 성수동 데이트코스 든든한 프리미엄 일식 돈카츠 - 이키가이,https://blog.naver.com/kmr8822/223016014535
2023-02-16,성수 수제버거 맛집 성수동 핫플레이스 THE BATU(더바투),https://blog.naver.com/dessin21c/223018256558
2023-02-16,,https://blog.naver.com/00700k0
2023-02-16,"서울 성동구 ""한국의 브루클린 성수동"" 붉은벽돌 건축물 조성사업 최대 2천만원 지원",https://blog.naver.com/00700k0/223017794232
2023-02-16,,https://blog.naver.com/kickoff20
2023-02-16,"[발리여행 7-9일차] 파드마 리조트 우붓, 우붓여행, 바투르 화산 일출 지프 투어",https://blog.naver.com/kickoff20/223017172308
2023-02-17,성수동은 왜 붉은벽돌 건물이 많을까?,https://blog.naver.com/everything_s/223019372327
2023-02-17,"부산 전포동 가나 팝업스토어, 핫플 다녀온 후기",https://blog.naver.com/ltellmel/223019004489
2023-02-17,,https://blog.naver.com/sayanything_0
2023-02-17,군산 : 경암동 철길마을/ 머리어깨무릎발/ more_andmore,https://blog.naver.com/sayanything_0/223018948090
2023-02-17,,https://blog.naver.com/gtcwedding
2023-02-17,2023 경기도 벚꽃명소 / 벚꽃 개화 시기 총정리!,https://blog.naver.com/gtcwedding/223018752911
2023-02-17,,https://blog.naver.com/memebena8585
2023-02-17,일백마블 지역감각 : 관악구 침수피해 방지시설 설치 지원 (230217),https://blog.naver.com/memebena8585/223018526117
2023-02-18,,https://blog.naver.com/lemoa1223
2023-02-18,성수향수공방 뤼미에르퍼퓸 성수 데이트 코스 추천,https://blog.naver.com/lemoa1223/223020341154
2023-02-18,,https://blog.naver.com/danyea22
2023-02-18,성수 와인바 비놈 vinome : 성수동맛집 성수와인바 캐주얼다이닝 프렌치와인바 성수데이트 성수다이닝 서울숲맛집 서울숲와인바,https://blog.naver.com/danyea22/223020329309
2023-02-18,,https://blog.naver.com/ad_it
2023-02-18,[트렌드] 로컬힙! 로컬마케팅 / A. 님,https://blog.naver.com/ad_it/223020166602
2023-02-18,,https://blog.naver.com/kiwoomfree
2023-02-18,"서울 가볼만한곳 , 통인시장 주차와 휴무는?",https://blog.naver.com/kiwoomfree/223019917966
2023-02-18,리멤버 성수 굿즈 대공개 ✨,https://blog.naver.com/remember_local/223014257060
2023-02-18,2023 벚꽃 개화시기알아보기 전국 벚꽃 축제와 국내 봄 여행지 추천,https://blog.naver.com/yesun81/223019597664
2023-02-18,,https://blog.naver.com/yaein4608
2023-02-18,MY TOKYO LIFE,https://blog.naver.com/yaein4608/223019577947
2023-02-19,서울숲 맛집 서울로인 엄마랑 성수동 한우,https://blog.naver.com/qkrgkdms1993/223020783935
2023-02-19,,https://blog.naver.com/qkrgptjs1011_
2023-02-19,"2023년 전국 벚꽃 개화시기(예정), 가볼만한 벚꽃 명소 대충 정리",https://blog.naver.com/qkrgptjs1011_/223020733511
2023-02-19,,https://blog.naver.com/gum9um
2023-02-19,230219 서울맛집명소추천 #명동맛집 을 가장한 일기,https://blog.naver.com/gum9um/223020713237
2023-02-19,,https://blog.naver.com/rkfk159
2023-02-19,성수동 핫플레이스 제인마치메종 시즌템 구경하기,https://blog.naver.com/rkfk159/223020515168
2023-02-19,,https://blog.naver.com/sheis172
2023-02-19,"짬뽕, 박대구이 ""군산 맛집""의 전부는 아님 ! 숨은 맛집 시골집칼국수 & 안젤라분식 , 이성당 VS 영국빵집 그리고 군산 사진",https://blog.naver.com/sheis172/223020368618
2023-02-20,,https://blog.naver.com/jwle194
2023-02-20,[서울/성수] '숨은' 낮에는 카페 저녁에는 와인바 | 성수데이트장소,https://blog.naver.com/jwle194/223022300959
2023-02-20,,https://blog.naver.com/koreahuman1
2023-02-20,"고대정문제기동재개발,고려대역역세권고밀도개발,제기동고대앞마을도시재생사업",https://blog.naver.com/koreahuman1/223022296733
2023-02-20,[#80] 서울(22-1229/목) ~ 성수대교 도보로 건너 응봉산 팔각정으로 야경 보러 간 후기,https://blog.naver.com/paradox4/223022108374
2023-02-20,,https://blog.naver.com/gilu333
2023-02-20,성수 샐러드 맛집 샐러디 바질치킨브레드 우삼겹메밀면샐러드 브런치,https://blog.naver.com/gilu333/223022040737
2023-02-20,,https://blog.naver.com/entjwj
2023-02-20,성수동 카페 연무장/펍 연무장/성수동 카페 추천/감성카페 추천,https://blog.naver.com/entjwj/223021889171
2023-02-20,,https://blog.naver.com/incomin
2023-02-20,성수동 핫플레이스 럭키 마르쉐 매장.,https://blog.naver.com/incomin/223021687603
2023-02-20,,https://blog.naver.com/jjinibell_
2023-02-20,[디올 성수] 성수동 랜드마크 포토스팟 디올 성수,https://blog.naver.com/jjinibell_/223021612810
2023-02-20,,https://blog.naver.com/eyebuilding
2023-02-20,성수동 명물 '붉은벽돌 건축물' 조성사업 뚝섬역 남측 확대..최대 2천만원 파격 지원책,https://blog.naver.com/eyebuilding/223018846989
2023-02-21,,https://blog.naver.com/peace3013
2023-02-21,강남구 양재천 일대 '국제문화복합지구' 개발 조성 계획 (은마아파트 개꿀 ok!),https://blog.naver.com/peace3013/223023139958
2023-02-21,,https://blog.naver.com/soo07lee31
2023-02-21,2023 벚꽃 개화시기 :: 서울 벚꽃 데이트 명소 추천,https://blog.naver.com/soo07lee31/223022935583
2023-02-21,,https://blog.naver.com/cnmnews2015
2023-02-21,"""성수동 하면 붉은벽돌""…보전 지역 확대(딜라이브 TV)",https://blog.naver.com/cnmnews2015/223022741101
2023-02-21,,https://blog.naver.com/nari034
2023-02-21,야경이 멋진 요코하마 여행 교토가츠규 관람차 아카렌가 창고,https://blog.naver.com/nari034/223022434929
2023-02-21,[#81] 서울(22-1229/목) ~ 소문난 성수 감자탕에서 우거지 감자국과 테라1병 혼밥 후기,https://blog.naver.com/paradox4/223022406666
2023-02-21,,https://blog.naver.com/jy20005003
2023-02-21,서울 종로구 광장시장 먹거리 맛집 리스트 총정리,https://blog.naver.com/jy20005003/223022397064
2023-02-22,,https://blog.naver.com/lopec73
2023-02-22,서울국립현충원에서 만난 벚꽃엔딩~ 또 보고 싶네요.,https://blog.naver.com/lopec73/223024530371
2023-02-22,,https://blog.naver.com/bangjenme
2023-02-22,성수 서울숲 브런치맛집 쎄콩데라이브 너무 좋당,https://blog.naver.com/bangjenme/223024525243
2023-02-22,,https://blog.naver.com/imthsu
2023-02-22,"[인천 구월동] 혜리별관, 유럽 감성 주택개조 대형카페 사진맛집",https://blog.naver.com/imthsu/223024373345
2023-02-22,,https://blog.naver.com/daily_yaa
2023-02-22,[국내 서울편] 여행기 : 성수동 카페 맛집 / 경복궁/ 혜화 연극,https://blog.naver.com/daily_yaa/223024363211
2023-02-22,한강 다리의 가능성,https://blog.naver.com/theseoulmagazine/223024337064
2023-02-22,,https://blog.naver.com/umsunok8965
2023-02-22,장민호가쏜다 탕웨이 성수동 나만알기아까운명소 알려주세요 (탕웨이 인스타그램,https://blog.naver.com/umsunok8965/223024242753
2023-02-22,,https://blog.naver.com/to_jinwoo
2023-02-22,[공유] 성수역·연무장길 임대료 급등 막는다…프랜차이즈 입점 제한,https://blog.naver.com/to_jinwoo/223024042434
2023-02-22,,https://blog.naver.com/frends21
2023-02-22,"스케줄성수 +주차, 예약, 메뉴 정보 유럽풍 분위기의 레스토랑 성수동 데이트로 좋아요",https://blog.naver.com/frends21/223023956403
2023-02-22,,https://blog.naver.com/afterglow_rana
2023-02-22,"[성수동팝업스토어] 2월 놀거리, 볼거리 가득한 LCDC 핫플레이스; 자연한알/유영하는한지",https://blog.naver.com/afterglow_rana/223023860754
2023-02-22,,https://blog.naver.com/bepls
2023-02-22,서울 최고의 가볼만한곳 seoul best 5곳 추천,https://blog.naver.com/bepls/223023828954
2023-02-22,,https://blog.naver.com/hotelsdotcomkr
2023-02-22,서울가볼만한곳 & 추천 서울호텔까지! 서울여행 가이드,https://blog.naver.com/hotelsdotcomkr/223023801858
2023-02-23,서울 당일치기 여행 갤럭시 스튜디오 성수 데이트코스 성수동 가볼만한곳,https://blog.naver.com/mok5022/223025832679
2023-02-23,송리단길밥집 금금 석촌호수데이트코스로 딱이야!,https://blog.naver.com/didi_1/223025767962
2023-02-23,,https://blog.naver.com/dailyzandang
2023-02-23,가로수길 에스프레소바 타프 플랫화이트 맛있어,https://blog.naver.com/dailyzandang/223025506173
2023-02-23,,https://blog.naver.com/newsnanumy
2023-02-23,"‘가나 초콜릿 하우스’ 시즌 2, 부산 핫플카페 탄생 서울 성수점 비교해 방문객 수 약 40% 많아",https://blog.naver.com/newsnanumy/223025362204
2023-02-23,,https://blog.naver.com/daphneblog
2023-02-23,[성동구] 서울숲 맛집 '긴밤',https://blog.naver.com/daphneblog/223025150454
2023-02-23,,https://blog.naver.com/michaelmaldini
2023-02-23,"[짧은 공간] 머리가 먼 곳을 바라볼 때, 아모레 성수",https://blog.naver.com/michaelmaldini/223025095031
2023-02-23,,https://blog.naver.com/ssl7417
2023-02-23,성수동 퀸아망 맛집 / 서울앵무새 / 성수동 이국적인 빵 맛집,https://blog.naver.com/ssl7417/223025047322
2023-02-23,,https://blog.naver.com/yukta-kbeef
2023-02-23,[윤경] 카이센동에 진심입니다.,https://blog.naver.com/yukta-kbeef/223024795113
2023-02-24,,https://blog.naver.com/udrara
2023-02-24,토요일은 밥이좋아 수플레팬케이크 위치 서울핫플레이스 성동구 맛집 5to7,https://blog.naver.com/udrara/223026806283
2023-02-24,성수동 놀거리 데이트코스 디올 성수 핫플 카페 등 5곳,https://blog.naver.com/1127qaz/223026728999
2023-02-24,서울 주말 서울숲 데이트 코스,https://blog.naver.com/amlee74/223026603465
2023-02-24,,https://blog.naver.com/irissa1
2023-02-24,디올성수 & 인덱스 서점,https://blog.naver.com/irissa1/223026553840
2023-02-24,,https://blog.naver.com/vivid_es
2023-02-24,"[Day3-01] 명품말고 쇼핑성지에서 쇼핑하고 브런치먹는 셋째날 | 오모테산도,아크네스튜디오,브런치,네즈미술관",https://blog.naver.com/vivid_es/223026449797
2023-02-24,,https://blog.naver.com/dbrnjs0812
2023-02-24,신당10구역 재개발 17년만에 재추진 리뷰~!,https://blog.naver.com/dbrnjs0812/223026343843
2023-02-24,,https://blog.naver.com/jun_hyeok89
2023-02-24,성수 탄수화물 장인의 탄스이카부츠 라멘 / 이자카야 전문점 자이언트 후토마끼 맛집,https://blog.naver.com/jun_hyeok89/223026315046
2023-02-24,,https://blog.naver.com/travel_aimer
2023-02-24,"성수 Lcdc 서울 이페메라 카페, 소품샵, 편집샵",https://blog.naver.com/travel_aimer/223026143692
2023-02-24,,https://blog.naver.com/like_cuty
2023-02-24,"프로스펙스, 오리지널스포츠 1호점 부산서 오픈",https://blog.naver.com/like_cuty/223026044958
2023-02-24,일백마블 지역감각 : 서울형 모아어린이집 올해 245곳 확대 (230224),https://blog.naver.com/memebena8585/223025993581
2023-02-24,,https://blog.naver.com/food_travel_l
2023-02-24,2023 벚꽃 개화시기 만개시기 전국 벚꽃축제 서울 근교 벚꽃 명소 알아보기,https://blog.naver.com/food_travel_l/223025948561
2023-02-24,,https://blog.naver.com/bird341
2023-02-24,국립중앙박물관 2층 개인실 무료 상설전시.소극장 규모로 개조열렬한,https://blog.naver.com/bird341/223025899160
2023-02-25,,https://blog.naver.com/emilywebb
2023-02-25,"[성수/뚝섬] 도렐 :: 서울 사는 빵덕후들, 주목! (주말에 가볼만한 곳, 성수동 베이커리 맛집 핫플레이스)",https://blog.naver.com/emilywebb/223027687102
2023-02-25,성수 수집 성수동 핫플 데이트코스로 좋은 서울 가성비 일식 오마카세,https://blog.naver.com/soojchun/223027315575
2023-02-25,"제기동상가,제기동가게,고대정문제기동골목",https://blog.naver.com/koreahuman1/223027461812
2023-02-25,,https://blog.naver.com/ktxcks
2023-02-25,"나의 블로그, 2023-2월 3위 순위별 제목별 조회수 실적 [2/24, 1,184명 방문]",https://blog.naver.com/ktxcks/223027038701
2023-02-26,,https://blog.naver.com/female50
2023-02-26,1유로프로젝트 성수 송정동 복합문화공간 라이프스타일샵,https://blog.naver.com/female50/223028175049
2023-02-26,,https://blog.naver.com/wunderkammer105
2023-02-26,호치민 DAY-4 : 타오디엔 핫플로 시작해 웨딩파티를 거쳐 카지노로 끝나는,https://blog.naver.com/wunderkammer105/223027812232
2023-02-27,,https://blog.naver.com/goddnsdmldutls1
2023-02-27,성수동오피스텔 테라289 즉시입주가능 즉시월세가능,https://blog.naver.com/goddnsdmldutls1/223029793469
2023-02-27,,https://blog.naver.com/wnsldmsl2016
2023-02-27,성수동오마카세 기후: 성수데이트코스로 추천!,https://blog.naver.com/wnsldmsl2016/223029472543
2023-02-27,,https://blog.naver.com/2-2crystal
2023-02-27,또 가고 싶은 서울,https://blog.naver.com/2-2crystal/223029355716
2023-02-27,"서울시 성동구 금호 옥수, 마장 용답, 성수, 왕십리 행당 지역생활권 발전목표 및 전략",https://blog.naver.com/producer77/223029126579
2023-02-27,,https://blog.naver.com/thinkppink_world
2023-02-27,FEB.23 [서울 to 부산 당일치기] #05. 부산 전포동 투어3 :: 팝업스토어 - 가나 초콜릿 하우스 부산 / 모구모구 전포카페거리 * 전리단길 카페 추천,https://blog.naver.com/thinkppink_world/223028911702
2023-02-27,,https://blog.naver.com/sin_woo1
2023-02-27,돈화문로 11길의 두 얼굴 '익선동 한옥거리',https://blog.naver.com/sin_woo1/223028804113
2023-02-28,,https://blog.naver.com/rothfhd
2023-02-28,밀린 일상 기록 - 3,https://blog.naver.com/rothfhd/223030983339
2023-02-28,,https://blog.naver.com/livia620
2023-02-28,2월 일상,https://blog.naver.com/livia620/223030367617
2023-02-28,,https://blog.naver.com/jennysofia
2023-02-28,[2.15-17 유럽 여행] 독일 베를린,https://blog.naver.com/jennysofia/223029948225
2023-03-01,,https://blog.naver.com/choiys1989
2023-03-01,서울숲 주차장 디뮤지엄 서울데이트 성수동,https://blog.naver.com/choiys1989/223031793138
2023-03-01,,https://blog.naver.com/ssanai808
2023-03-01,익선동,https://blog.naver.com/ssanai808/223031715390
2023-03-01,,https://blog.naver.com/jaery28
2023-03-01,봄맞이 서울 벚꽃 명소 추천_데이트할만한 곳_여의도 한강공원 서울숲 석촌호수,https://blog.naver.com/jaery28/223031657587
2023-03-01,,https://blog.naver.com/zzang_jjy
2023-03-01,"도쿄여행 day2 / 이치란라멘, 도쿄 쇼핑, 시부야 스카이, 야끼니꾸 맛집 추천",https://blog.naver.com/zzang_jjy/223031601623
2023-03-01,,https://blog.naver.com/sunjjang288
2023-03-01,[현장 모임] 수원 화성행궁 한옥스테이 23.03.01,https://blog.naver.com/sunjjang288/223031587017
2023-03-01,"[얼큰이's 제주여행] 2차 1일차 03 - 플레이스캠프 제주 _ 특유의 갬성, 다양한 편의 시설은 굿! 스탠다룸의 협소함은 살짝 아쉽다. & 전기차 충전하기~ (22.09.23)",https://blog.naver.com/ulkeuni96/223031564985
2023-03-01,,https://blog.naver.com/jungflower55
2023-03-01,"성수동맛집,건대맛집,건대치킨맛집_참나무로바베큐",https://blog.naver.com/jungflower55/223031515912
2023-03-01,강화도 갈만한곳 - 강화도 카페 조양방직,https://blog.naver.com/kiwoomfree/223031467850
2023-03-01,,https://blog.naver.com/tenantnews
2023-03-01,"29CM, 리빙·여성 패션 시장 선두 굳혔다",https://blog.naver.com/tenantnews/223031445277
2023-03-01,,https://blog.naver.com/cen2704
2023-03-01,건대 입구에서 성수동까지 걸으며 성수동의 역사를 만나다,https://blog.naver.com/cen2704/223031439863
2023-03-01,,https://blog.naver.com/sorrjj
2023-03-01,이벤트 36개,https://blog.naver.com/sorrjj/223031207320
2023-03-02,"해리단길 탐방기, 분위기 좋은 곳 많아",https://blog.naver.com/kgg8308/223032961469
2023-03-02,,https://blog.naver.com/hawon704
2023-03-02,2023年2月제주도jeju..,https://blog.naver.com/hawon704/223032911225
2023-03-02,"2박 3일 대만 자유여행 코스, 여자 둘이 떠나는 맛있는 식도락여행 일정 추천 ♥",https://blog.naver.com/myncmr/223032785999
2023-03-02,,https://blog.naver.com/am5246qr
2023-03-02,서울숲 뉴앳던 | 성수카페 뚝섬카페 서울숲카페 성수카페투천 뚝섬카페추천 서울숲카페추천 맛집 성수맛집추천 뚝섬맛집추천 뚝섬맛집,https://blog.naver.com/am5246qr/223032719998
2023-03-02,,https://blog.naver.com/bmjjang01
2023-03-02,부산 해운대 해리단길 풍경 및 모루씨 카페 :: 해리단길 아이스크림 추천,https://blog.naver.com/bmjjang01/223032373011
2023-03-02,,https://blog.naver.com/ccmryu
2023-03-02,제주도에서 꼭 가야 하는 카페는?,https://blog.naver.com/ccmryu/223032629676
2023-03-02,,https://blog.naver.com/wldyd4125
2023-03-02,2월 꽤 기네,https://blog.naver.com/wldyd4125/223032375312
2023-03-02,,https://blog.naver.com/ftoood39isk
2023-03-02,하나님의 교회는 어머니의 마음으로 물품을 보냅니다.,https://blog.naver.com/ftoood39isk/223032266860
2023-03-02,,https://blog.naver.com/jhwa02-
2023-03-02,"[daily] 위가 블랙홀 모임: 주말일상 . 맛집추천 |한남동, 베베베, 성수동, 스웨덴피크닉, 와인바, 압구정, 타코부스|",https://blog.naver.com/jhwa02-/223032155012
2023-03-02,,https://blog.naver.com/sanghee0329
2023-03-02,"[성수동와인바] 성수동 데이트코스로 딱인 분위기술집 , 포도젝트",https://blog.naver.com/sanghee0329/223032172806
2023-03-02,,https://blog.naver.com/icebox34
2023-03-02,성수동맛집 스케줄성수 데이트 코스로 추천드리는 성수역 브런치 맛집,https://blog.naver.com/icebox34/223032166582
2023-03-02,,https://blog.naver.com/elliemoonstory
2023-03-02,[뉴욕 여행 #0.] 6박 8일 뉴욕 여행. 일정과 계획 짜기. 꽉 채운 뉴욕 여행 일정. 이렇게만 짜보세요! (하루 3만보 자신 있다면),https://blog.naver.com/elliemoonstory/223028206951
2023-03-02,,https://blog.naver.com/hyohyoluv_
2023-03-02,[강원도 평창여행] 지친 현대인들을 위한 월정사 겨울 템플스테이 (휴식형) / 꿀팁 & 맛집 정리,https://blog.naver.com/hyohyoluv_/223032017395
2023-03-02,,https://blog.naver.com/jiho99kim
2023-03-02,"[홍콩 여행] 7박 8일 홍콩여행 6일차 / 란퐁유엔, 빅토리아피크, 거위구이 덮밥, 익청빌딩 - 센트럴에서 쿼리베이까지 (후지필름 X-E4 & 아이폰14 Pro Max)",https://blog.naver.com/jiho99kim/223031949452
2023-03-03,"성수동 데이트 코스, 파스타 스테이크 맛집 아니마토",https://blog.naver.com/juy0726/223034059911
2023-03-03,성수 아니마토 와인페어링 하기 좋은 서울숲 신상 맛집,https://blog.naver.com/mj7258/223034028413
2023-03-03,,https://blog.naver.com/102yoon
2023-03-03,2023 한국국제낚시박람회 2023 경기국제보트쇼,https://blog.naver.com/102yoon/223033666338
2023-03-03,국내 봄 여행지 2023 벚꽃 개화시기 미리 보는 서울 벚꽃 명소,https://blog.naver.com/overroad89/223033654432
2023-03-03,,https://blog.naver.com/pangyo6
2023-03-03,서울 VS 경기 어디에 투자하는게 좋을까?,https://blog.naver.com/pangyo6/223033512128
2023-03-03,"잊지못할 서울 경기도 4월 벚꽃길 명소 8곳 소개합니다. (성수동, 잠실, 수원 외)",https://blog.naver.com/0307khy/223033467265
2023-03-03,,https://blog.naver.com/jmlee03
2023-03-03,2023 전국 벚꽃 개화시기 & 서울벚꽃명소 추천,https://blog.naver.com/jmlee03/223033459297
2023-03-03,,https://blog.naver.com/edsldkmsd9j
2023-03-03,화백두대가간 기차여행 정동진 현장 부장,https://blog.naver.com/edsldkmsd9j/223033425060
2023-03-03,,https://blog.naver.com/winepp_official
2023-03-03,[ 와인 세일 / 3월 2주차 ] 미리보는 3월 둘째주 초특가 와인 할인 & 행사 정보 모음.ZIP,https://blog.naver.com/winepp_official/223032811606
2023-03-03,,https://blog.naver.com/millibilli_real
2023-03-03,"삼표레미콘 공장 철거 완료, 성수동 개발 본격화",https://blog.naver.com/millibilli_real/223033240563
2023-03-04,,https://blog.naver.com/sina133555
2023-03-04,한국후지필름 감성지기 유니브 1기 사전미션 - 내가 봐도 잘 찍은 나의 베스트컷 TOP 9,https://blog.naver.com/sina133555/223034884163
2023-03-04,,https://blog.naver.com/author91
2023-03-04,서울 핫플 성수 데이트코스 내돈내산 리스트업,https://blog.naver.com/author91/223034572860
2023-03-04,,https://blog.naver.com/barkji0
2023-03-04,"성수동 구경 (도어투성수, 먼치스앤구디스, 29성수, 포인트오브뷰, 로우키)",https://blog.naver.com/barkji0/223034556698
2023-03-04,오사카 관광지 나카자키초 카페거리 우메다 가볼 만한 곳,https://blog.naver.com/mi1891/223034428257
2023-03-04,,https://blog.naver.com/hot112013
2023-03-04,"성수동/송정동 -1유로 프로젝트, 18개 라이프스타일 브랜드와 민간주도 도시재생",https://blog.naver.com/hot112013/223034388303
2023-03-04,,https://blog.naver.com/eseul_k
2023-03-04,서울/성수/데이트코스/커먼그라운드/인덱스숍,https://blog.naver.com/eseul_k/223026629792
2023-03-05,,https://blog.naver.com/alexcho53
2023-03-05,"성오회 3월 모임(성수역 맛집) ""외갓집""~갈매기살 맛 ""쥑여줘용 !""",https://blog.naver.com/alexcho53/223035143295
2023-03-06,,https://blog.naver.com/jhkim4848
2023-03-06,뚝섬역 와인바 레타주 다녀왔어요!,https://blog.naver.com/jhkim4848/223036334539
2023-03-06,,https://blog.naver.com/eyesmag2013
2023-03-06,"이탈리아 현지인도 인정하는, 서울 피자 맛집 TOP 7",https://blog.naver.com/eyesmag2013/223717957243
2023-03-06,,https://blog.naver.com/archivekite
2023-03-06,호치민과 무이네1,https://blog.naver.com/archivekite/223036519716
2023-03-06,,https://blog.naver.com/v20208
2023-03-06,"1박 2일 시즌4:충남 태안 미니멀리즘 여행,미로 공원,별주부 마을 (166회 줄거리/ 3월 5일 방송)",https://blog.naver.com/v20208/223036129938
2023-03-06,,https://blog.naver.com/ekschej
2023-03-06,서울 성수동 힙한 카페추천 아이스크림라떼맛집 베티버,https://blog.naver.com/ekschej/223036067283
2023-03-06,"[성수동 신상 카페] 씨장 (ssijang), 코에오 (COEO)",https://blog.naver.com/redfox0127/223036058040
2023-03-06,,https://blog.naver.com/63swlee
2023-03-06,"성동구, 도심형 고향사랑기부제 기금활용 모델 제시",https://blog.naver.com/63swlee/223035956825
2023-03-06,,https://blog.naver.com/okeystory
2023-03-06,[경기도 광주 애견동반 문화공간-무공간] 머릿속이 복잡할 때 가기 좋은 성수동st. 갤러리카페,https://blog.naver.com/okeystory/223035871788
2023-03-07,,https://blog.naver.com/y__min
2023-03-07,[230307] 압구정~서울숲 보행교 생긴다... ‘한강르네상스 2.0′ 사업 추진,https://blog.naver.com/y__min/223037993148
2023-03-07,성수 구름다리 서울숲 통해서 가기 | 서울 사진찍기 좋은 곳,https://blog.naver.com/yujin1627/223037941621
2023-03-07,,https://blog.naver.com/saikouninare
2023-03-07,압구정~ 서울숲 보행교 건설 추진,https://blog.naver.com/saikouninare/223037903713
2023-03-07,,https://blog.naver.com/insightmedia
2023-03-07,압구정서 한강 지나 성수동 카페거리까지 걸어갈 수 있는 구름다리 생긴다,https://blog.naver.com/insightmedia/223719639672
2023-03-07,,https://blog.naver.com/motherrich190126
2023-03-07,압구정~ 성수동 서울숲 한강 첫 보행교 생긴다,https://blog.naver.com/motherrich190126/223037892088
2023-03-07,압구정에서 서울숲까지 걸어서 갈 수 있다구?,https://blog.naver.com/everything_s/223037851438
2023-03-07,,https://blog.naver.com/bareul90
2023-03-07,"서울 벚꽃 명소, 벚꽃 축제 총정리! | 우리동네 벚꽃 나들이 | 이 지도 한장에 서울 벚꽃명소가 모두?!",https://blog.naver.com/bareul90/223037821104
2023-03-07,,https://blog.naver.com/teambleet
2023-03-07,"지금부터 봄맞이 시작, 2023 벚꽃 개화시기& 벚꽃 명소!",https://blog.naver.com/teambleet/223037376396
2023-03-07,이것이 압구정 클라스다!,https://blog.naver.com/ppassong/223037348695
2023-03-07,,https://blog.naver.com/0ver5
2023-03-07,성수동 지식산업센터 신규 분양 소식!!!,https://blog.naver.com/0ver5/223037209890
2023-03-07,,https://blog.naver.com/funcash
2023-03-07,"압구정 주민들이 한강 다리를 만든답니다, 제주 2공항 필요한 듯 아닌 듯, 노원재건축의 성공은 종상향 여부",https://blog.naver.com/funcash/223037103143
2023-03-07,,https://blog.naver.com/gemstone4589
2023-03-07,서울숲 데이트 뚝섬 고기집 성수동셋째집 삼남매 세트,https://blog.naver.com/gemstone4589/223036158363
2023-03-07,,https://blog.naver.com/nowget
2023-03-07,압구정 현대아파트 서울숲까지 보행교 만들고 상암에는 서울링,https://blog.naver.com/nowget/223037014889
2023-03-08,,https://blog.naver.com/7sevenlake
2023-03-08,43. 간추린 화제뉴스- '서울 한강 첫 보행교' 외 4편,https://blog.naver.com/7sevenlake/223038793755
2023-03-08,,https://blog.naver.com/sypark4980
2023-03-08,한강르네상스 2.0발표임박! (압구정~서울숲보행교),https://blog.naver.com/sypark4980/223038536791
2023-03-08,,https://blog.naver.com/atosolution_
2023-03-08,서울 벚꽃 명소 어디? 벚꽃 개화시기부터 벚꽃 이쁜 곳 알아봐요!,https://blog.naver.com/atosolution_/223038510270
2023-03-08,[서울/성수 맛집] 서울숲·성수 양식 코스 와인바 '미러 성수',https://blog.naver.com/food-bloger/223038468561
2023-03-08,,https://blog.naver.com/ckkk33
2023-03-08,[뚝섬/서울숲] 필수코스 맛집 수백당(성수점),https://blog.naver.com/ckkk33/223038434550
2023-03-08,"""기부금으로 성수동에 문화시설 짓겠다"" (딜라이브 TV)",https://blog.naver.com/cnmnews2015/223038304243
2023-03-08,,https://blog.naver.com/edwardy
2023-03-08,성수동 (압구정~서울숲) 보행교 생긴다. '한강르네상스 2.0' 사업 추진,https://blog.naver.com/edwardy/223038281329
2023-03-08,,https://blog.naver.com/dchwow2
2023-03-08,"한강르네상스2.0 ?..한강 첫 보행교, 압구정과 서울숲을 도보로 잇다니_압구정현대아파트",https://blog.naver.com/dchwow2/223038272438
2023-03-08,,https://blog.naver.com/pe_rr_ceo
2023-03-08,3월 7일자 교통관련기사,https://blog.naver.com/pe_rr_ceo/223038166032
2023-03-08,,https://blog.naver.com/soobrainer
2023-03-08,한강과 서울숲을 앞마당에 끌어들인 압구정 구현대아파트의 남다른 스케일,https://blog.naver.com/soobrainer/223038149477
2023-03-08,,https://blog.naver.com/2_naddu
2023-03-08,도어투성수 크로우캐년 짱구 성수동 놀거리 GS25 팝업스토어,https://blog.naver.com/2_naddu/223038047558
2023-03-08,2023 벚꽃 개화시기 랑 벚꽃 명소 8,https://blog.naver.com/mixsun/223037959071
2023-03-09,,https://blog.naver.com/dalsong_cake
2023-03-09,성수동 핫플~! 성수 맛집 성수로운에 다녀오다!(프랑스요리),https://blog.naver.com/dalsong_cake/223039942113
2023-03-09,,https://blog.naver.com/yuhancollege
2023-03-09,2023 벚꽃 개화시기 명소 및 축제 정보,https://blog.naver.com/yuhancollege/223039740530
2023-03-09,,https://blog.naver.com/sonia03077
2023-03-09,성수동 서울숲 더스페이스 지식산업센터 호재 [서울숲~압구정 보행교] '한강르네상스2.0' 추진,https://blog.naver.com/sonia03077/223039588130
2023-03-09,,https://blog.naver.com/greatcommander0830
2023-03-09,걸어서 서울여행_보광나들목~한남나들목~용비쉼터~입석포_6부,https://blog.naver.com/greatcommander0830/223039319433
2023-03-09,오세훈의 그레이트 한강 프로젝트 (르네상스 2.0 & 투자 선구안),https://blog.naver.com/meaning87/223039339342
2023-03-09,,https://blog.naver.com/wjddn2501
2023-03-09,압구정~ 서울숲 보행교.. 돌아온 한강르네상스?,https://blog.naver.com/wjddn2501/223039338677
2023-03-09,,https://blog.naver.com/bluerabbit20
2023-03-09,서울숲 옆 삼표 레미콘 공장 개발계획,https://blog.naver.com/bluerabbit20/223039109838
2023-03-10,,https://blog.naver.com/winsome_933
2023-03-10,섬세이 테라지움 솔직후기 /갤럭시S23체험 / 이색데이트코스 /성수동놀거리,https://blog.naver.com/winsome_933/223036880141
2023-03-10,성수 와인바 데이트코스 포도젝트,https://blog.naver.com/m_nani_s2/223040998897
2023-03-10,,https://blog.naver.com/genie_jin2
2023-03-10,성수동카레 ‘카카모루 성수점’ 에서 성수동데이트,https://blog.naver.com/genie_jin2/223040913343
2023-03-10,,https://blog.naver.com/best-dahye
2023-03-10,대환대출 플랫폼 5월 출시…연내 주담대로 확대,https://blog.naver.com/best-dahye/223040420167
2023-03-10,,https://blog.naver.com/happysongpa
2023-03-10,"[블로그기자단]따가닥, 따가닥~! 올림픽공원에 암행어사, 아니 '경찰 기마대' 출두요~~!",https://blog.naver.com/happysongpa/223040400087
2023-03-10,,https://blog.naver.com/qkrgpwls011
2023-03-10,낭만 가득한 서울,https://blog.naver.com/qkrgpwls011/223040377165
2023-03-10,,https://blog.naver.com/mk_home_
2023-03-10,성수역 맛집 / 스케줄 성수 / 성수 분위기 좋은 레스토랑,https://blog.naver.com/mk_home_/223040356688
2023-03-11,,https://blog.naver.com/yororoi
2023-03-11,"[서울 꼭 가봐야 할 곳 top5] 강남 Jazz ‘겟올라잇’/ 더현대, 남산타워/용산 ‘hgarden999’, 성수동 구경하기 눈입귀 호강 제대로하기",https://blog.naver.com/yororoi/223041717228
2023-03-11,,https://blog.naver.com/ahyeon6110
2023-03-11,서울숲 더스페이스,https://blog.naver.com/ahyeon6110/223041639257
2023-03-11,,https://blog.naver.com/soheejang82
2023-03-11,"[강의후기] 타우만, 컨텐츠와 상업용부동산",https://blog.naver.com/soheejang82/223041580871
2023-03-11,,https://blog.naver.com/goodie_hj
2023-03-11,부동산 투자 100% 성공 방정식..한강르네상스 2.0 그레이트 한강,https://blog.naver.com/goodie_hj/223041548735
2023-03-11,,https://blog.naver.com/cat607
2023-03-11,경기도 광주에 있는 9 블럭 카페 둘러보기!,https://blog.naver.com/cat607/223037424560
2023-03-11,,https://blog.naver.com/jspa6904
2023-03-11,"""내 신조가 주택으로 돈 벌지 말자다.""",https://blog.naver.com/jspa6904/223041403343
2023-03-11,,https://blog.naver.com/salgoo921212
2023-03-11,"""여기 살면 돈 들어와요""...집값 끝없이 오르게 만든 '이 것'의 정체는?",https://blog.naver.com/salgoo921212/223835190796
2023-03-11,,https://blog.naver.com/dentcenter
2023-03-11,"2023 벚꽃 개화시기, 국립 휴양림 캠핑장과 서울 벚꽃 명소 공유해 봅니다!!",https://blog.naver.com/dentcenter/223040606854
2023-03-11,상암동 하늘공원에 대관람차 '서울링 제로'조성,https://blog.naver.com/dospace/223039978964
2023-03-12,,https://blog.naver.com/gjin272
2023-03-12,한강의 지각변동 '그레이트한강' 마스터플랜 수혜지 상암 덕은지구 날아올라 재개발 여의도 성수 압구정 잠실,https://blog.naver.com/gjin272/223042491594
2023-03-12,,https://blog.naver.com/xix7891
2023-03-12,성수동 데이트 코스 아니마토 고급스럽게 즐기기,https://blog.naver.com/xix7891/223042445034
2023-03-12,,https://blog.naver.com/aldalddkrl
2023-03-12,[일상] 성수 소품샵/ 성수 놀 거리 추천,https://blog.naver.com/aldalddkrl/223042433728
2023-03-12,,https://blog.naver.com/vudod1
2023-03-12,서울숲 돈까스 모모야 성수동 찐맛집,https://blog.naver.com/vudod1/223041820787
2023-03-12,,https://blog.naver.com/ddungss80
2023-03-12,성수동 파스타 맛집 아파스타먼! 서울숲 데이트 코스 와인맛집! 뚝섬 뉴욕음식,https://blog.naver.com/ddungss80/223042158564
2023-03-12,,https://blog.naver.com/y2y1103
2023-03-12,"성수맛집추천:: 고우성수, 스테이크솥밥+삼겹살솥밥 맛집, 성수동데이트코스 추천!",https://blog.naver.com/y2y1103/223042135231
2023-03-12,,https://blog.naver.com/vivaceren
2023-03-12,성수동 데이트 코스로 추천하는 서울숲 스테이크와 랍스터 맛집 아니마토,https://blog.naver.com/vivaceren/223042120097
2023-03-12,대전 대흥동 카페 데이트코스 놀곳 홀리우드,https://blog.naver.com/mister__travel/223042103159
2023-03-12,,https://blog.naver.com/haemmyp
2023-03-12,"서울숲/성수동 파스타, 스테이크 맛집 '아니마토' 성수동 데이트 코스",https://blog.naver.com/haemmyp/223042006837
2023-03-12,,https://blog.naver.com/u_nzooda_
2023-03-12,요즘 나의 생각 | 건강한 식단 | LA Downtown 분위기 맛집 | ‘아비투스’ 2회독,https://blog.naver.com/u_nzooda_/223042003461
2023-03-12,,https://blog.naver.com/gracesuh1212
2023-03-12,그레이트 한강 프로젝트와 서울 분양이 몰리는 이유,https://blog.naver.com/gracesuh1212/223041839021
2023-03-13,,https://blog.naver.com/lkmlovesg
2023-03-13,골목길 자본론/모종린/다산북스,https://blog.naver.com/lkmlovesg/223043423480
2023-03-13,,https://blog.naver.com/hhhddw
2023-03-13,분위기 좋은 스테이크 파스타 맛집 아니마토 성수동 데이트 코스로 딱,https://blog.naver.com/hhhddw/223042834986
2023-03-13,,https://blog.naver.com/scrub11492
2023-03-13,"성수동 핫플·응봉산 야경…성동구, 도시 브랜드 구축",https://blog.naver.com/scrub11492/223043014665
2023-03-13,,https://blog.naver.com/jeyone01
2023-03-13,2023 벚꽃 개화 시기와 서울에서도 여유롭게 즐길 수 있는 벚꽃 명소 추천,https://blog.naver.com/jeyone01/223042513594
2023-03-13,,https://blog.naver.com/licj37tv
2023-03-13,더 위대한 한강으로 변화하고자하는 서울시와 잠실아파트 (잠실엘스/리센츠/트리지움/레이크팰리스),https://blog.naver.com/licj37tv/223042761952
2023-03-13,,https://blog.naver.com/ryoo0901
2023-03-13,"소개팅 성공 확률 100%, 화이트데이 데이트코스 정보!",https://blog.naver.com/ryoo0901/223041189852
2023-03-13,,https://blog.naver.com/cgl3712
2023-03-13,♤♤♤ 붉은 벽돌 지킴이! 동네 정체성을 지키는 법,https://blog.naver.com/cgl3712/223042641240
2023-03-13,,https://blog.naver.com/tofha9978
2023-03-13,"3월,",https://blog.naver.com/tofha9978/223042609142
2023-03-13,서울 성수 아니마토 : 서울숲 와인과 함께 스테이크와 랍스터 즐길 수 있는 성수동 데이트 코스 맛집,https://blog.naver.com/ssp04038/223042607677
2023-03-13,,https://blog.naver.com/ohton
2023-03-13,중단발 레이어드컷 엇던 믿고 맡기는 평택역 송탄 미용실,https://blog.naver.com/ohton/223042607287
2023-03-14,,https://blog.naver.com/with_journey
2023-03-14,2023년 벚꽃 개화시기 및 명소 소개,https://blog.naver.com/with_journey/223044589695
2023-03-14,,https://blog.naver.com/newsrokr
2023-03-14,"성동구, ‘관광진흥 5개년 계획’ 발표 및 추진",https://blog.naver.com/newsrokr/223044306956
2023-03-14,,https://blog.naver.com/emsya1
2023-03-14,서울 벚꽃 놀이 명소 만개 개화 시기 알아봐요,https://blog.naver.com/emsya1/223044115951
2023-03-14,,https://blog.naver.com/ljh004012
2023-03-14,23.03.14 유통/패션뉴스클리핑,https://blog.naver.com/ljh004012/223044089272
2023-03-14,"2023년 벚꽃 개화시기 하동 십리벚꽃길, 서울숲, 서울 잠실 석촌호수. 봄 여행 가볼만한곳 추천",https://blog.naver.com/rambo3/223041156500
2023-03-15,서울숲 데이트코스 스테이크와 랍스터 아니마토 ANIMATO,https://blog.naver.com/daisy08/223045709763
2023-03-15,,https://blog.naver.com/chqqq4140
2023-03-15,서울 개나리 군락지 응봉산 개나리 축제,https://blog.naver.com/chqqq4140/223045449671
2023-03-15,,https://blog.naver.com/5sensory
2023-03-15,[봄나들이] 서울숲 최고의 벚꽃 명당은?,https://blog.naver.com/5sensory/223045401380
2023-03-15,,https://blog.naver.com/bboy6610
2023-03-15,성수동지식산업센터 서울숲 더 스페이스,https://blog.naver.com/bboy6610/223045136816
2023-03-15,맛난 거 잔뜩 + 내 일상 한스푼,https://blog.naver.com/kang4657/223045104236
2023-03-15,,https://blog.naver.com/manymu_official
2023-03-15,성수 일렉트릭 감성 바이크 카페 톤업 TonUp,https://blog.naver.com/manymu_official/223045103135
2023-03-15,,https://blog.naver.com/ynmun1000
2023-03-15,성수역 맛집 스케줄 성수 인생샷핫플 힐링타임!,https://blog.naver.com/ynmun1000/223044961985
2023-03-15,성수 포인트오브뷰 | 크리에이터의 감각을 깨우는 문구점,https://blog.naver.com/remember_local/223043922131
2023-03-15,,https://blog.naver.com/flskfl88
2023-03-15,"아모레퍼시픽 성수, 오설록, 홀리추얼 팝업스토어 (예약, 샘플)",https://blog.naver.com/flskfl88/223044849171
2023-03-16,,https://blog.naver.com/ohjun1
2023-03-16,성수동 아지트 카페 - 시리얼 빌리지,https://blog.naver.com/ohjun1/223046511867
2023-03-16,,https://blog.naver.com/worldcities
2023-03-16,방콕 - 딸랏노이 (Talat Noi),https://blog.naver.com/worldcities/223046451087
2023-03-16,"필리핀 보홀 맛집 - 우베코 감성 넘치는 메뉴 추천, 가격 정보 / 트라이시클 왕복",https://blog.naver.com/namhansh/223046292602
2023-03-16,,https://blog.naver.com/nemoson12
2023-03-16,[공유] 특화매장에 전략을 담다,https://blog.naver.com/nemoson12/223046110969
2023-03-16,성수 키베이커리 | 귀여운 디저트 맛있는 타르트,https://blog.naver.com/remember_local/223043942068
2023-03-17,,https://blog.naver.com/julmang96
2023-03-17,"대한민국 부동산 부의 역사, 이상우, 유성운",https://blog.naver.com/julmang96/223047950272
2023-03-17,,https://blog.naver.com/bean2bean2
2023-03-17,성수 레스토랑 굿갓레스토랑 성수역점 성수 와인바,https://blog.naver.com/bean2bean2/223047942075
2023-03-17,,https://blog.naver.com/kmk96
2023-03-17,2023 전국 벚꽃 개화시기 및 서울 봄꽃 놀이 명소,https://blog.naver.com/kmk96/223047917470
2023-03-17,,https://blog.naver.com/leathernsome
2023-03-17,벚꽃 구경 갈 때도 필수인 선글라스... 목걸이처럼 걸고 어디로?,https://blog.naver.com/leathernsome/223047796985
2023-03-17,,https://blog.naver.com/gdpw79
2023-03-17,26주 <강남되는 강북부동산은 정해져있다> 엄재웅,https://blog.naver.com/gdpw79/223047677234
2023-03-17,,https://blog.naver.com/gpffhdn3927
2023-03-17,데이트 코스로 활용가치 높은 성수동맛집 브리비트,https://blog.naver.com/gpffhdn3927/223047674252
2023-03-17,데이트 코스 찾으신다면 성수동맛집 성수다락,https://blog.naver.com/gpffhdn3927/223047662287
2023-03-17,,https://blog.naver.com/eaglesqe
2023-03-17,성수동 데이트 코스 아니마토 숨어있는 이색 꼬치 맛집,https://blog.naver.com/eaglesqe/223047656878
2023-03-17,,https://blog.naver.com/qkrdmsal9671
2023-03-17,서울숲카페 블루너리! 맛과 분위기를 모두 잡을수있는곳!,https://blog.naver.com/qkrdmsal9671/223047594576
2023-03-17,,https://blog.naver.com/cr_k_
2023-03-17,2023벚꽃 개화시기 광주 알려드릴게요,https://blog.naver.com/cr_k_/223047590984
2023-03-17,,https://blog.naver.com/land8769
2023-03-17,"[성동구] 제2의성수동, 송정동 넓은 이면도로의 꼬마빌딩 매매정보",https://blog.naver.com/land8769/223047473324
2023-03-17,,https://blog.naver.com/puput122
2023-03-17,성수동 데이트 코스 [아니마토] 완벽한 저녁식사로 만들어 줄 ANIMATO 서울숲 스테이크와 랍스타 별다섯개,https://blog.naver.com/puput122/223047385741
2023-03-17,,https://blog.naver.com/vivi2nn
2023-03-17,[성수동데이트]사진맛집 셀프사진관 포토시그니처,https://blog.naver.com/vivi2nn/223047369341
2023-03-17,,https://blog.naver.com/ydh827
2023-03-17,성수동 필수코스 그로서리스토어 @먼치스앤구디스 │ 핫한 식재료가 가득한 곳 (feat. 소금빵),https://blog.naver.com/ydh827/223044210105
2023-03-17,,https://blog.naver.com/tkfkdcjstk70
2023-03-17,성수데이트코스 아카이브 서울에 다녀왔어요:),https://blog.naver.com/tkfkdcjstk70/223046987158
2023-03-18,,https://blog.naver.com/luna_xoxo
2023-03-18,230312) 대림국수/타르틴 = 대실패/평타,https://blog.naver.com/luna_xoxo/223048770320
2023-03-18,동탄 라크몽 맛집 전자방 곱창국수 탕수육 마파두부밥,https://blog.naver.com/hikaru0328/223048746396
2023-03-18,성수동 데이트 코스 아니마토 특별한날 추천해요,https://blog.naver.com/alclstjwns/223048593768
2023-03-18,,https://blog.naver.com/sdj929
2023-03-18,서울 성동구 성수동 핫플 성수동 가볼 만한 곳 [ 서울 성동구 성수동 “아더 성수 스페이스” ],https://blog.naver.com/sdj929/223048422245
2023-03-18,,https://blog.naver.com/meondeulren
2023-03-18,"[성수 맛집] 성수동분위기맛집, 데이트코스로 좋은 '스케줄 성수' 후기",https://blog.naver.com/meondeulren/223047805349
2023-03-18,"""자수성가 아니였어..?""권상우, 슈퍼카 탈세 의혹에 밝혀진 '펜트하우스' 정체",https://blog.naver.com/salgoo921212/223835194835
2023-03-18,,https://blog.naver.com/voyagedenini
2023-03-18,20일간의 대만 여행기(중정기념당-지우펀-단수이-스펀 폭포-예류-마오콩-타이완 국립대학-신예-상인수산),https://blog.naver.com/voyagedenini/223048082880
2023-03-18,,https://blog.naver.com/svpm7788
2023-03-18,서울 야경 명소 아이와 가볼만한 곳 드라이브 코스 추천 (주차장 및 안내),https://blog.naver.com/svpm7788/223048038811
2023-03-19,서울 또 하나의 랜드마크 GFC가 성수동에~!!,https://blog.naver.com/bkwoo0802/223049480666
2023-03-19,,https://blog.naver.com/ddarumom
2023-03-19,남양주 플랜트202 애견동반브런치 / 미사경정공원 산책,https://blog.naver.com/ddarumom/223049380135
2023-03-19,,https://blog.naver.com/gyegye04
2023-03-19,서울벚꽃축제 TOP3 알아보기,https://blog.naver.com/gyegye04/223049372645
2023-03-19,삼표부지 드디어 개발계획 나왔다? 한국판 실리콘밸리 글로벌 미래업무지구로의 변신,https://blog.naver.com/everything_s/223049344689
2023-03-19,,https://blog.naver.com/ilyo24
2023-03-19,"삼표부지･성수일대, 한강변 글로벌 미래업무지구로",https://blog.naver.com/ilyo24/223049143378
2023-03-19,,https://blog.naver.com/andamiro1702
2023-03-19,강남 신사동 도산공원 핫플레이스 상권 현재 모습,https://blog.naver.com/andamiro1702/223049142950
2023-03-19,,https://blog.naver.com/lljunetomatoll
2023-03-19,"[성동구 입지분석-호재] 서울동북선경전철, GTX-C노선왕십리역, 비즈니스타운조성, 신행정타운조성, 교육타운조성, 삼표래미콘공장이전, 성수전략정비구역",https://blog.naver.com/lljunetomatoll/223048905812
2023-03-19,,https://blog.naver.com/duswn7717
2023-03-19,성수동 데이트 코스로 딱 좋은 성수동 파스타 맛집 아니마토,https://blog.naver.com/duswn7717/223049021732
2023-03-19,,https://blog.naver.com/cumulusb
2023-03-19,성수동 데이트 코스로 좋은 아니마토에서 분위기 좋은 파스타와 스테이크,https://blog.naver.com/cumulusb/223049019104
2023-03-19,,https://blog.naver.com/mingzkim76
2023-03-19,디올 성수 도슨트 투어 성수동 데이트 코스,https://blog.naver.com/mingzkim76/223049016558
2023-03-19,신촌 가볼만한곳 서울책방 서울미래유산 공씨책방 & 아크앤북 신촌,https://blog.naver.com/foreverck/223048990634
2023-03-19,,https://blog.naver.com/rch5108
2023-03-19,여행,https://blog.naver.com/rch5108/223048922193
2023-03-20,일백마블 종합감각 : 2년 5개월 만에 대중교통서 마스크 자율 (230320),https://blog.naver.com/memebena8585/223050664080
2023-03-20,[230320] 단지 '힙한 동네'인 줄 알았는데…성수동에 거대한 이것 만든다,https://blog.naver.com/y__min/223050645024
2023-03-20,,https://blog.naver.com/dsds3935
2023-03-20,《오사이초밥 성수점》런치 내돈내산 솔직후기! 서울 가성비 오마카세성수데이트코스/성수동가볼만한곳/서울숲맛집,https://blog.naver.com/dsds3935/223050638842
2023-03-20,,https://blog.naver.com/oh_a_sis_
2023-03-20,[서울 성수 카페] 서울앵무새-퀸아망과 시나몬롤의 성지!(빵순이 강력추천❤️ 서울 빵지순례 필수코스),https://blog.naver.com/oh_a_sis_/223050622288
2023-03-20,,https://blog.naver.com/ckpink
2023-03-20,2023 벚꽃 개화시기와 전국 벚꽃 명소 정리,https://blog.naver.com/ckpink/223050563778
2023-03-20,,https://blog.naver.com/worldinkorea1
2023-03-20,"집 앞 편의점이 곧 빵지순례 명소, 대박 난 편의점 디저트",https://blog.naver.com/worldinkorea1/223050273112
2023-03-20,,https://blog.naver.com/key0109771
2023-03-20,응봉산 개나리꽃 명소,https://blog.naver.com/key0109771/223050015663
2023-03-20,,https://blog.naver.com/neri
2023-03-20,(붇뉴스 230320월) 단지 '힙한 동네'인 줄 알았는데 ··· 성수동에 거대한 이것 만든다,https://blog.naver.com/neri/223049947925
2023-03-20,,https://blog.naver.com/sungmoonbook
2023-03-20,"한국의 전통시장, 예술영화관, 단관극장, 치매친화영화관 미림극장, ‘애관극장’, 원주 아카데미, 무주산골영화제",https://blog.naver.com/sungmoonbook/223049952980
2023-03-20,,https://blog.naver.com/bmwgroupkorea
2023-03-20,도심을 거대한 게임공간으로 만드는 모토라드 G 310 R,https://blog.naver.com/bmwgroupkorea/223786871447
2023-03-20,,https://blog.naver.com/kbg04070
2023-03-20,"벚꽃 개화시기, 서울 벚꽃명소 데이트 갈만한 14곳 소개!",https://blog.naver.com/kbg04070/223049931916
2023-03-20,,https://blog.naver.com/aiou1000y
2023-03-20,"성수동 삼표레미콘 부지, 글로벌 미래 업무지구로 변신",https://blog.naver.com/aiou1000y/223049903664
2023-03-20,,https://blog.naver.com/wjdghk0615
2023-03-20,2023.3.20.월 부동산 헤드라인 뉴스 올 종부세 부담 20% 이상 줄듯 … 은마·마래푸도 '세금 숨통' 外,https://blog.naver.com/wjdghk0615/223049819216
2023-03-20,,https://blog.naver.com/lollihuh
2023-03-20,2월 1주차,https://blog.naver.com/lollihuh/223049792398
2023-03-20,,https://blog.naver.com/rcntk
2023-03-20,뉴욕 브루클린이라 불리는 성수동 이제는 '유럽의 실리콘밸리'? - 2탄,https://blog.naver.com/rcntk/223049792562
2023-03-20,,https://blog.naver.com/a_ju_nice
2023-03-20,행당동 구름베이프 전자담배 명소네요!,https://blog.naver.com/a_ju_nice/223049775761
2023-03-20,,https://blog.naver.com/jnkng_c
2023-03-20,"03月13日-03月19日 | 곤지암, 서울, 김포 일주일 분주했다.",https://blog.naver.com/jnkng_c/223049755549
2023-03-20,,https://blog.naver.com/aoi1943
2023-03-20,성수레스토랑 타이거풀 데이트 명소다운 스케일이네요!,https://blog.naver.com/aoi1943/223049664642
2023-03-20,,https://blog.naver.com/youlima_youli
2023-03-20,2023년 3월 20일 오늘의뉴스정리,https://blog.naver.com/youlima_youli/223049660968
2023-03-20,,https://blog.naver.com/qwhyue
2023-03-20,"성수 레미콘공장 부지, ‘IT·문화’ 핫플로”",https://blog.naver.com/qwhyue/223049656164
2023-03-20,,https://blog.naver.com/betamin0826
2023-03-20,2023년 3월 20일 부동산 신문기사,https://blog.naver.com/betamin0826/223049640389
2023-03-20,,https://blog.naver.com/c1c1b1b1
2023-03-20,성수 레미콘 부지 천지개벽 시동…한국판 실리콘밸리 우뚝 세운다,https://blog.naver.com/c1c1b1b1/223049633832
2023-03-21,,https://blog.naver.com/dldbrud260
2023-03-21,[서울숲 데이트] 봄기운 완연한 서울숲에서 한우코스요리! <서울로인 서울숲점>,https://blog.naver.com/dldbrud260/223051397887
2023-03-21,,https://blog.naver.com/parkbro_building
2023-03-21,[연예인 빌딩] 고소영 빌딩 송정동 투자 분석 임장기 (건물 장동건 성수동 임장 현재 모습),https://blog.naver.com/parkbro_building/223051329106
2023-03-21,"성수동 데이트코스, 화덕피자 맛집 마리오네",https://blog.naver.com/sally91316/223051282855
2023-03-21,성수 GFC 예정 부지 임장 동영상,https://blog.naver.com/bkwoo0802/223051128050
2023-03-21,,https://blog.naver.com/yoolan555
2023-03-21,오세훈시장의 한강변개발사업 중 성수동 일대와 삼표부지 개발계획,https://blog.naver.com/yoolan555/223051082220
2023-03-21,,https://blog.naver.com/namukorea82
2023-03-21,전국 벚꽃 개화시기와 서울 벚꽃 구경 명소를 알아보자!,https://blog.naver.com/namukorea82/223051053100
2023-03-21,서울숲 데이트 타코튜즈데이에서 타코와 맥주 성수동 핫플,https://blog.naver.com/youliyan/223051037356
2023-03-21,[공장임대] 성수동 마당·화물엘베 있는 빈티지공장 3층 전용90평 (6000/500만원),https://blog.naver.com/goldenplace59/223051009990
2023-03-21,"222. 여의도와 성수, 한강변 대표 업무지구로 거듭날 예정",https://blog.naver.com/way2wealth/223050945677
2023-03-21,,https://blog.naver.com/richtech100
2023-03-21,"삼표레미콘부지·서울숲 일대를 한국판 실리콘밸리로, 한강변 랜드마크로 조성",https://blog.naver.com/richtech100/223050334860
2023-03-21,,https://blog.naver.com/zealotnote
2023-03-21,<무엇이 도시의 얼굴을 만드는가> 도시는 만드는 것이 아니다,https://blog.naver.com/zealotnote/223050546177
2023-03-21,앳센셜 동탄 팝업스토어 이불 교체 해볼까! 동탄 가볼만한곳 세라젬 웰카페,https://blog.naver.com/jijiyoyo/223050659293
2023-03-21,일백마블 경제감각 : 예식장에는 40대 초반 신부가 20대 초반 많은 상황 (230321),https://blog.naver.com/memebena8585/223050858461
2023-03-21,,https://blog.naver.com/berichlee
2023-03-21,"오세이돈 이름값 하네..(ft. 여의도, 성수동)",https://blog.naver.com/berichlee/223050833606
2023-03-21,성수동 삼표 레미콘 부지 글로벌 국제 업무지구로 탈바꿈한다.,https://blog.naver.com/saikouninare/223050731290
2023-03-22,응봉산 개나리 주차장 팔각정 응봉역에서 가는길 용비교 서울 산 추천,https://blog.naver.com/klugsh218/223052854235
2023-03-22,"응봉산 개나리 축제 한강둔치, 일몰, 야경 까지",https://blog.naver.com/junsnet/223052445511
2023-03-22,,https://blog.naver.com/leegoheun
2023-03-22,"성수동 핫플레이스 스마트관광문화도시구현·응봉산 야경 성동구, 도시 브랜드 구축",https://blog.naver.com/leegoheun/223051099510
2023-03-22,,https://blog.naver.com/designedigroup
2023-03-22,파스타집 인테리어 감성 식당으로 소문 나는 법!,https://blog.naver.com/designedigroup/223052363894
2023-03-22,,https://blog.naver.com/hello_eddie_11
2023-03-22,"성수동, 서울숲 일대를 글로벌 미래업무지구 추진",https://blog.naver.com/hello_eddie_11/223052114997
2023-03-22,,https://blog.naver.com/asssa33
2023-03-22,서울숲 아이파크 리버포레 입주권 정보,https://blog.naver.com/asssa33/223052112744
2023-03-22,,https://blog.naver.com/trumpwannabe
2023-03-22,부동산은 상상력이 필요하다...,https://blog.naver.com/trumpwannabe/223052052062
2023-03-22,,https://blog.naver.com/ew7474
2023-03-22,2023년 벚꽃축제일정 벚꽃명당 축제! 우와!드디어 봄이네요~~,https://blog.naver.com/ew7474/223051746538
2023-03-23,,https://blog.naver.com/ksh7720758
2023-03-23,[경제신문스크랩] 크림까눌레·크림단팥빵…요즘 ‘빵지 순례’ 명소는 편의점,https://blog.naver.com/ksh7720758/223053558597
2023-03-23,,https://blog.naver.com/jid54
2023-03-23,오세훈의 해외 출장은 정치쇼인가?,https://blog.naver.com/jid54/223053193177
2023-03-23,,https://blog.naver.com/sty5859
2023-03-23,전국 벚꽃 명소 베스트 7,https://blog.naver.com/sty5859/223050161783
2023-03-23,,https://blog.naver.com/pjsoon02231
2023-03-23,"[부동산 공부] 성동구 금호동, 중구 한남동 분위기 임장 - 한강뷰, 남산 뷰, 숲부의 아파트 단지들",https://blog.naver.com/pjsoon02231/223051707709
2023-03-23,,https://blog.naver.com/olanska
2023-03-23,금금 송리단길 석촌호수데이트코스로 좋은 송리단길맛집 후기,https://blog.naver.com/olanska/223052494399
2023-03-24,서울숲 카페 치카성수 디저트 데이트,https://blog.naver.com/qkrgkdms1993/223054917837
2023-03-24,,https://blog.naver.com/life-tam9
2023-03-24,성수동 데이트 가볼만한곳 서울숲 곤충식물원 사슴 방사장 포토존 위치,https://blog.naver.com/life-tam9/223054869641
2023-03-24,2023 넥스트로컬 무료 팝업전 성수동 놀거리,https://blog.naver.com/junjuly4/223054863494
2023-03-24,서울숲 벚꽃 피크닉 지도 주차장 사슴 위치 봄나들이 추천,https://blog.naver.com/dd_keep_well/223054860892
2023-03-24,,https://blog.naver.com/hamblog87
2023-03-24,성수동 핫플레이스 정복기,https://blog.naver.com/hamblog87/223054839713
2023-03-24,,https://blog.naver.com/n-noble
2023-03-24,올해 벚꽃은 어디로~? 2023 서울 벚꽃 명소 추천,https://blog.naver.com/n-noble/223054550769
2023-03-24,,https://blog.naver.com/madebyanna
2023-03-24,응봉산 개나리 축제 & 서울숲 버섯집,https://blog.naver.com/madebyanna/223054540040
2023-03-24,,https://blog.naver.com/realty_go
2023-03-24,벚꽃 피면 매출 3배 껑충…봄꽃처럼 활짝 피는 송리단길,https://blog.naver.com/realty_go/223054533424
2023-03-24,,https://blog.naver.com/isy3811
2023-03-24,"성수동 봄 나들이, 힐링스팟 추천 TOP3",https://blog.naver.com/isy3811/223054468069
2023-03-24,,https://blog.naver.com/pkn8892
2023-03-24,"1탄.서울에서 즐기는 꽃놀이 장소(벚꽃명소,서울숲,석촌호수,어린이대공원,동네 곳곳)",https://blog.naver.com/pkn8892/223054450549
2023-03-24,,https://blog.naver.com/ina__you
2023-03-24,"서울숲 데이트 코스 추천, 성수동 한우 맛집 서울로인 런치 후기",https://blog.naver.com/ina__you/223054428954
2023-03-24,,https://blog.naver.com/soobalkj
2023-03-24,3. 우당탕탕탕탕 방콕,https://blog.naver.com/soobalkj/223054285187
2023-03-24,,https://blog.naver.com/moonlight_800
2023-03-24,압구정과 서울숲 잇는 한강 보행교가 설치된다.,https://blog.naver.com/moonlight_800/223053332778
2023-03-24,,https://blog.naver.com/ukino77
2023-03-24,수원 3대 베이글성지 10593베이글하우스 다녀왔어요,https://blog.naver.com/ukino77/223054218879
2023-03-25,,https://blog.naver.com/oh_april
2023-03-25,[성동] 지우관 : 성수데이트코스로 좋은 홍콩요리 성수맛집 지우관,https://blog.naver.com/oh_april/223055529549
2023-03-25,,https://blog.naver.com/mellow_shake
2023-03-25,성수동카페추천 옹근달 야외분수대박 연예인데이트코스래여,https://blog.naver.com/mellow_shake/223055405092
2023-03-25,,https://blog.naver.com/cwg9587
2023-03-25,[성수 가볼만한곳] 포토존 천국 전시회장인줄/ 아더성수스페이스,https://blog.naver.com/cwg9587/223055403388
2023-03-25,[성동구] 서울 꽃구경/송정제방 벚꽃길 개화/응봉산 개나리 축제(마지막 날)/응봉체육공원/성수동 서울숲 살구꽃& 목련/성동구 꽃놀이 (2023.3.25 실시간),https://blog.naver.com/kimjh4082/223055388698
2023-03-25,,https://blog.naver.com/ppoyoee
2023-03-25,[서울 벚꽃 축제] 3월말 성수동 서울숲 벚꽃 구경,https://blog.naver.com/ppoyoee/223055380576
2023-03-25,,https://blog.naver.com/every00700
2023-03-25,[서울여행2탄]충무로사랑방/사랑방칼국수/광장시장/광장시장먹자골목/성수동핫플/소문난성수감자탕/맛집/남산돈까스/남산돈까스101,https://blog.naver.com/every00700/223055272669
2023-03-25,,https://blog.naver.com/gkdmso3o
2023-03-25,"보라카이 DAY 4 (헤난파크 리조트 조식 & 수영장, 킹쉬림프, 아리아, 할로망고, 바나나베이 호텔)",https://blog.naver.com/gkdmso3o/223055168513
2023-03-25,한강의 매력을 높이는 서울 한강 랜드마크 조성(미래공간기회관 주요 업무보고),https://blog.naver.com/producer77/223055166681
2023-03-25,,https://blog.naver.com/gongala
2023-03-25,"강남구 도곡동 타워펠리스 싱크대 하수구 막힘 통수 작업 / 대치동, 삼성동, 청남동, 역삼동",https://blog.naver.com/gongala/223055123308
2023-03-25,,https://blog.naver.com/scarletkim_98
2023-03-25,"서울 야경 명소 응봉산 팔각정, 서울 밤 드라이브 데이트 코스 추천 (주차 꿀팁), 서울 봄꽃 구경 응봉산 개나리 만개!",https://blog.naver.com/scarletkim_98/223055099050
2023-03-25,,https://blog.naver.com/abcdhe14
2023-03-25,송파구 송리단길 벚꽂 피면 매출 3배 증가 석촌호수 벚꽃 알바까지,https://blog.naver.com/abcdhe14/223055089976
2023-03-25,,https://blog.naver.com/sunpower621
2023-03-25,서울 봄꽃 나들이 서울숲 벚꽃 개화 주차 정보,https://blog.naver.com/sunpower621/223055054060
2023-03-26,,https://blog.naver.com/2sngjun
2023-03-26,17. 멋지다 연진아!,https://blog.naver.com/2sngjun/223056281482
2023-03-26,,https://blog.naver.com/ysr46
2023-03-26,성수동 파스타 맛집 아니마토 : 서울숲 성수동 데이트 코스로 딱이야,https://blog.naver.com/ysr46/223056240094
2023-03-26,,https://blog.naver.com/lhj9406
2023-03-26,"2023년 서울 벚꽃 카페 핫플 9곳 추천 (서울숲, 석촌호수, 양재천, 파크사이드, 카페미뇽, 그레이랩, 목화씨라운지, 연남동벚꽃집, 디어모먼트) 포토존 총정리",https://blog.naver.com/lhj9406/223056193170
2023-03-26,,https://blog.naver.com/jieun990711
2023-03-26,기업 리서치 1차 - [29CM],https://blog.naver.com/jieun990711/223056174744
2023-03-26,,https://blog.naver.com/no1alanis
2023-03-26,주간 일기 #12,https://blog.naver.com/no1alanis/223056157308
2023-03-26,주간 일기 #11,https://blog.naver.com/no1alanis/223056156145
2023-03-26,,https://blog.naver.com/eunyoung0307
2023-03-26,마을재생 도시재생 좀 더 쉽게 다가가기 _ 리빌리지투어,https://blog.naver.com/eunyoung0307/223055990405
2023-03-26,,https://blog.naver.com/buildinglim
2023-03-26,[성수동 개발호재] 삼표레미콘 부지에 ‘한국의 실리콘밸리’ 만든다.,https://blog.naver.com/buildinglim/223055943925
2023-03-26,,https://blog.naver.com/aehh0425
2023-03-26,서울근교 벚꽃구경 명소서울어린이대공원 동물원 롯데월드 석촌호수 올림픽공원 뚝섬한강공원,https://blog.naver.com/aehh0425/223055907778
2023-03-26,,https://blog.naver.com/la_ultima
2023-03-26,서울 꽃놀이 명소라고? 응봉산 둘레길 코스 가는 법,https://blog.naver.com/la_ultima/223055902534
2023-03-26,"서울 벚꽃 명소 서울숲 벚꽃 위치, 생태숲 산책 데이트 코스 추천",https://blog.naver.com/wjdtjdgy1234/223055877344
2023-03-26,"잠실 석촌호수 벚꽃 축제 일정, 서울 벚꽃 개화 상황 지금 가볼만한곳(3.26)",https://blog.naver.com/homibike/223055786041
2023-03-26,,https://blog.naver.com/lapudding
2023-03-26,[서울 성수동 가볼 만한 곳] 서울숲 디저트 맛집 코츠카페 & 이브로쉐 팝업스토어,https://blog.naver.com/lapudding/223055782232
2023-03-26,,https://blog.naver.com/nicegardenlife
2023-03-26,"[서울 가볼만한 곳] 올해 벚꽃 구경은 여기로 가보자, 성수동 서울숲",https://blog.naver.com/nicegardenlife/223055422961
2023-03-26,,https://blog.naver.com/qortn54
2023-03-26,성수동 응봉산 개나리꽃 축제,https://blog.naver.com/qortn54/223055715474
2023-03-26,,https://blog.naver.com/easyyyoung
2023-03-26,[미국 '23] 달라스 출장 1,https://blog.naver.com/easyyyoung/223055608559
2023-03-27,,https://blog.naver.com/hsshim0115
2023-03-27,성동구 응봉산 개나리축제후 방문 서울숲까지,https://blog.naver.com/hsshim0115/223057301596
2023-03-27,2040 서울도시기본계획 생활권 구분및 설정과 권역별 구상 계획,https://blog.naver.com/nowget/223057116097
2023-03-27,,https://blog.naver.com/iliosio
2023-03-27,"2023-05. 낮에 찾은 송정제방길(가을단풍길), 아는 사람만 안다는 서울벚꽃명소!!",https://blog.naver.com/iliosio/223056704421
2023-03-27,,https://blog.naver.com/ga2mi
2023-03-27,"봄나들이 서울 개나리 명소 응봉산 주차꿀팁, 다른곳 추천",https://blog.naver.com/ga2mi/223057029805
2023-03-27,,https://blog.naver.com/ejje09
2023-03-27,송정제방길 중랑천 아기랑 벚꽃구경,https://blog.naver.com/ejje09/223057015027
2023-03-27,,https://blog.naver.com/creatsense
2023-03-27,이슈 Inside,https://blog.naver.com/creatsense/223056899853
2023-03-27,서울숲 포휴 성수동 지식산업센터 [서울숲역 초역세권 다양한 평수 구성] 매력은 무엇인가!,https://blog.naver.com/rasol1004/223056824810
2023-03-27,탬버린즈 삼청 플래그십스토어 신상 서울 핫플레이스,https://blog.naver.com/ungsblue/223056150799
2023-03-27,"[서울 벚꽃 명소] 서울숲 실시간 목련, 벚꽃 개화",https://blog.naver.com/bluebuskr/223056639145
2023-03-27,,https://blog.naver.com/park_zzibbu
2023-03-27,"서울 벚꽃명소, 서울숲 벚꽃 개화시기 강아지랑 성수동 나들이",https://blog.naver.com/park_zzibbu/223056539207
2023-03-27,성수동 서울숲 데이트 실시간 개화시기 : 벚꽃 같이 아름다운 살구꽃,https://blog.naver.com/travelra/223056528144
2023-03-27,,https://blog.naver.com/irenesumi
2023-03-27,서울숲피크닉 후 성수동카페 컴오프,https://blog.naver.com/irenesumi/223056484871
2023-03-27,,https://blog.naver.com/nowadays1016
2023-03-27,서울에서 꼭 가봐야 할 디저트 명소 성수동 카페 하이라인,https://blog.naver.com/nowadays1016/223056456810
2023-03-27,,https://blog.naver.com/fiber5101
2023-03-27,성수 하이라인 카페: 커피와 디저트 미식가를 위한 숨은 보석,https://blog.naver.com/fiber5101/223056401983
2023-03-27,,https://blog.naver.com/pinkberry_16
2023-03-27,"성수동 맛집 셋째집, 냉삼 핫플에서 서울숲 데이트",https://blog.naver.com/pinkberry_16/223056387098
2023-03-27,,https://blog.naver.com/sejong_korean_
2023-03-27,[일상/맛집] 세종대학교 국어국문학과 학생들은 뭐하고 놀까?,https://blog.naver.com/sejong_korean_/223056352173
2023-03-27,,https://blog.naver.com/dbsrudalstjd
2023-03-27,행복은 늘 가까이에 있어 + 내가 별..이라고?!,https://blog.naver.com/dbsrudalstjd/223056328111
2023-03-27,,https://blog.naver.com/vakivaki
2023-03-27,"밀라노한달살기,밀라노숙소,cirene apartment_유럽겨울여행_이탈리아여행",https://blog.naver.com/vakivaki/223056323752
2023-03-28,,https://blog.naver.com/goldmonji2
2023-03-28,서울숲 벚꽃 만개보고 응봉산 개나리와 한강야경까지,https://blog.naver.com/goldmonji2/223058358686
2023-03-28,,https://blog.naver.com/jinsoumei
2023-03-28,즈후.. 베를린.. 좋아한다..,https://blog.naver.com/jinsoumei/223058344919
2023-03-28,,https://blog.naver.com/gumdang
2023-03-28,서울 벚꽃 명소 안양천 벚꽃 3월 26일 현황,https://blog.naver.com/gumdang/223058308589
2023-03-28,,https://blog.naver.com/global8957
2023-03-28,성수 핫플 데이트코스 모나미 스토어,https://blog.naver.com/global8957/223058287548
2023-03-28,일본 여행 도쿄 자유여행 도쿄 커피타운 기요스미 시라카와 이키 에스프레소,https://blog.naver.com/cafeinfofam/223058212996
2023-03-28,,https://blog.naver.com/mahastha
2023-03-28,"[飛상] 타이중, 명소 - 심계신촌, 아기자기 청년공방마을",https://blog.naver.com/mahastha/223036742642
2023-03-28,2023 서울 벚꽃 명소 벚꽃놀이 가볼 만한 곳 10선 + 촬영팁,https://blog.naver.com/elanvital7/223058148688
2023-03-28,"2023-06. 밤에 찾은 송정제방길(가을단풍길), 아는 사람만 안다는 서울벚꽃명소!!",https://blog.naver.com/iliosio/223057828959
2023-03-28,,https://blog.naver.com/mischica2
2023-03-28,노인과 젊은이 사이,https://blog.naver.com/mischica2/223058132942
2023-03-28,,https://blog.naver.com/samsungmns-
2023-03-28,벚꽃 여행 떠나보자! 2023년 추천 벚꽃여행지와 지역별 벚꽃명소,https://blog.naver.com/samsungmns-/223058121101
2023-03-28,,https://blog.naver.com/treview0
2023-03-28,"[서울 송정동] 서울에 숨겨진 벚꽃 명소, 나만 알고 싶은 벚꽃 맛집: ‘송정동 벚꽃길/벚꽃축제’",https://blog.naver.com/treview0/223058087244
2023-03-28,,https://blog.naver.com/seoulsportal
2023-03-28,"남아프리카공화국에서 온 벤자민,벤자민이 사랑하는 서울의 달리기",https://blog.naver.com/seoulsportal/223057973409
2023-03-28,,https://blog.naver.com/rncsdream
2023-03-28,[성수] 성수동 핫플레이스 서울 앵무새,https://blog.naver.com/rncsdream/223057931096
2023-03-28,,https://blog.naver.com/adan_2
2023-03-28,[서울] 벚꽃터널을 볼 수 있는 서울벚꽃명소 '서울숲',https://blog.naver.com/adan_2/223057737356
2023-03-28,니콘 Z fc 오감기록 중 시각에 집중하다,https://blog.naver.com/merry_jung/223057778150
2023-03-28,,https://blog.naver.com/suugee
2023-03-28,[성수 카페] 서울숲 벚꽃뷰 카페 하이라인,https://blog.naver.com/suugee/223057695203
2023-03-28,,https://blog.naver.com/vitaming-0_0
2023-03-28,서울 여행지 : 서울숲 벚꽃 포토존 추천,https://blog.naver.com/vitaming-0_0/223057652456
2023-03-28,,https://blog.naver.com/sj-lee
2023-03-28,"4월_등산, 꽃구경, 성수",https://blog.naver.com/sj-lee/223057646174
2023-03-28,# 성수동 데이트 코스로 딱인 아니마토 성수동 파스타,https://blog.naver.com/minijunior/223057101514
2023-03-28,이벤트 44개,https://blog.naver.com/sorrjj/223057494232
2023-03-28,태국 방콕 & 치앙마이 6일차,https://blog.naver.com/methevilly/223057485094
2023-03-28,"마씨, 성수역 돈까스맛집, 성수동 맛집, 서울핫플, 핫플레이스, 모둠카츠, 메뉴",https://blog.naver.com/free_jhp/223057412897
2023-03-29,,https://blog.naver.com/0_amour
2023-03-29,"성동구 성수 닭 요리&육수 라멘 맛집, 라무라 [핫플레이스]",https://blog.naver.com/0_amour/223059395592
2023-03-29,,https://blog.naver.com/sujin_0917
2023-03-29,3월29일 지금 바로 벚꽃보러 가야되는 서울숲,https://blog.naver.com/sujin_0917/223059340807
2023-03-29,,https://blog.naver.com/jejechu
2023-03-29,동인천 개항로 맛집 분위기 원탑 와인바 보름달밤 full moon night,https://blog.naver.com/jejechu/223059331534
2023-03-29,서울숲 벚꽃 바람의 언덕 벚꽃 만개 주차팁,https://blog.naver.com/tammara/223059326042
2023-03-29,,https://blog.naver.com/pioneerbbo
2023-03-29,부산 청사포 조개구이 끝집 노을뷰 해질녘 시원한 분위기에 장어구이까지,https://blog.naver.com/pioneerbbo/223058939325
2023-03-29,,https://blog.naver.com/nana452
2023-03-29,[산책로그] 뚝섬역 벚꽃명소 '서울숲' 방문 후기(feat. 봄 나들이 추천),https://blog.naver.com/nana452/223059210030
2023-03-29,성수동 데이트 코스 레스토랑 아니마토 추천 성수동 파스타맛집,https://blog.naver.com/lemoa1223/223059138593
2023-03-29,,https://blog.naver.com/weonus_
2023-03-29,"한강 르네상스 사업 2.0 추진, 압구정 - 서울숲 한강 보행교 신설",https://blog.naver.com/weonus_/223059046973
2023-03-29,,https://blog.naver.com/mindset-
2023-03-29,Spring,https://blog.naver.com/mindset-/223059003772
2023-03-29,,https://blog.naver.com/bummingaroundlife
2023-03-29,"벚꽃 맛집 정리! (서울, 경기 위주 찐 후기)",https://blog.naver.com/bummingaroundlife/223058964142
2023-03-29,,https://blog.naver.com/qwqddw
2023-03-29,"[서울 가볼만한 곳] 벚꽃, 목련 맛집 ""서울숲"" 강아지랑",https://blog.naver.com/qwqddw/223058945700
2023-03-29,,https://blog.naver.com/sekang95
2023-03-29,3/29(수)저출산 대책 / 서울상권 활기 / LG엔솔 오창‘마더팩토리’로 / 3월 기대인플레3.9%,https://blog.naver.com/sekang95/223058911428
2023-03-29,성수동위스키 맛집 곡성 성수동데이트코스 추천,https://blog.naver.com/xix7891/223058893895
2023-03-29,,https://blog.naver.com/miphouse
2023-03-29,"서울숲랜드마크 ""성수트리마제"" 38평형 소액보증금 아파트월세",https://blog.naver.com/miphouse/223058696119
2023-03-29,,https://blog.naver.com/cute8580
2023-03-29,대한민국 부동산 부의 역사 (feat. 부동산 입지 변천사)_,https://blog.naver.com/cute8580/223058874464
2023-03-29,,https://blog.naver.com/vtelecom1
2023-03-29,데이트 코스로 좋은 성수동 파스타 맛집 아니마토,https://blog.naver.com/vtelecom1/223058844326
2023-03-29,,https://blog.naver.com/aiyayui
2023-03-29,"[전시/서울숲] 아트태그하우스 성수 개관전 《 Colorful Romance 》 홍지영 팝업 전시 / 3월,4월 무료전시 추천 / 성수 핫플레이스",https://blog.naver.com/aiyayui/223058832495
2023-03-29,,https://blog.naver.com/joore1015
2023-03-29,성수 핫플 디올 포토존 데이트 후 방문하기 좋은 이자카야 ‘타치노미바이토라’,https://blog.naver.com/joore1015/223058825904
2023-03-29,,https://blog.naver.com/translate13385
2023-03-29,성수 하이라인 카페: 서울에서 꼭 가봐야 할 카페,https://blog.naver.com/translate13385/223058675467
2023-03-29,성수동 서울숲 벚꽃만개 실시간 현황와 주차정보,https://blog.naver.com/amlee74/223058660421
2023-03-29,성수동 서울숲 벚꽃 개화상태와 사진 포인트 장소,https://blog.naver.com/a4953401/223058449208
2023-03-29,중랑천 벚꽃길 & 장안동 벚꽃길 축제 데이트 야경까지,https://blog.naver.com/junsnet/223056731794
2023-03-29,서울숲 놀거리 서울숲 데이트 벚꽃. 튤립.사슴.자전거 서울숲 피크닉,https://blog.naver.com/homibike/223058517857
2023-03-29,서울 꽃구경 당일치기 놀러갈곳 서울숲 데이트하기좋은 벚꽃명소로 경치좋은곳,https://blog.naver.com/yesun81/223058497885
2023-03-29,성수동 핫플! KANTO 칸토 대전 갈마동 카페 인기있는 메뉴 주차Tip,https://blog.naver.com/ph_factory/223058494155
2023-03-29,,https://blog.naver.com/oyk0011
2023-03-29,[부지런 일지] 2023년 3월 28일_고가하부공간 활용법,https://blog.naver.com/oyk0011/223058415912
2023-03-29,,https://blog.naver.com/jjminis
2023-03-29,"성수/서울숲 맛집, 파스타 맛있는 퓨전 한식 “성수온실”",https://blog.naver.com/jjminis/223058391596
2023-03-30,,https://blog.naver.com/cong_siru
2023-03-30,2 0 2 3_3(3),https://blog.naver.com/cong_siru/223060365755
2023-03-30,,https://blog.naver.com/gmlwk118
2023-03-30,"정국 x 캘빈클라인, 정국이 세운 폭발적인 기록들 전 세계를 뒤집어 놓았다.",https://blog.naver.com/gmlwk118/223060328669
2023-03-30,한강에 떠있는 부유식수영장_한강축제_한강비즈니스,https://blog.naver.com/soobrainer/223060273184
2023-03-30,,https://blog.naver.com/cokore
2023-03-30,"서울숲 벚꽃 명소, 벚꽃길 위치와 주차장 이용 꿀팁",https://blog.naver.com/cokore/223060214689
2023-03-30,,https://blog.naver.com/wooalong2018
2023-03-30,WOOALONG(우알롱) 꽃놀이 데이트 룩,https://blog.naver.com/wooalong2018/223060143695
2023-03-30,,https://blog.naver.com/srcwork19
2023-03-30,서울 근교 벚꽃 구경 주말에 떠나보자! 수도권 벚꽃 놀이 명소 추천,https://blog.naver.com/srcwork19/223060110759
2023-03-30,,https://blog.naver.com/kakumclean
2023-03-30,주말 벚꽃 축제 한적한 명소,https://blog.naver.com/kakumclean/223060088479
2023-03-30,서울 벚꽃 명소 서울숲 벚꽃이 활짝 피었어요.,https://blog.naver.com/cabbagegarden1999/223060054588
2023-03-30,,https://blog.naver.com/reb000t
2023-03-30,20230330 국내 news,https://blog.naver.com/reb000t/223060045912
2023-03-30,,https://blog.naver.com/portlandschool
2023-03-30,2023년에는 어떤 로컬 비즈니스가 뜨고 있을까?,https://blog.naver.com/portlandschool/223060040907
2023-03-30,,https://blog.naver.com/yuseojun_life
2023-03-30,서울 벚꽃명소 서울숲 성수,https://blog.naver.com/yuseojun_life/223060016431
2023-03-30,,https://blog.naver.com/mvpno
2023-03-30,"230321 호치민 삼일째, 타오디엔펄/성시경 쌀국수/방탄시장/빈홈 센트럴파크/랜드마크 81",https://blog.naver.com/mvpno/223059987596
2023-03-30,,https://blog.naver.com/okphy124
2023-03-30,"성수동, 서울숲 색다른 데이트코스 추천! 체험전시 섬세이테라리움 오꼬노미 야끼 맛집 핫쵸!",https://blog.naver.com/okphy124/223059904533
2023-03-30,,https://blog.naver.com/ateliersosul
2023-03-30,"아모레 성수, 홀리추얼 팝업스토어 방문기, 예약 방법, 성수동 나들이",https://blog.naver.com/ateliersosul/223059900638
2023-03-30,"서울숲 피크닉, 성수동 데이트 맛집 캐스터네츠 수제버거 포장",https://blog.naver.com/sunpower621/223059886598
2023-03-30,,https://blog.naver.com/north10460
2023-03-30,서울숲 방문: 맛집과 문화 여행,https://blog.naver.com/north10460/223059876163
2023-03-30,,https://blog.naver.com/kangyeou
2023-03-30,서울 > 0123_강남구,https://blog.naver.com/kangyeou/223059823254
2023-03-30,,https://blog.naver.com/runtozenith
2023-03-30,서울 성수동 벚꽃 만개 숨은 명소,https://blog.naver.com/runtozenith/223059819035
2023-03-30,서울 벚꽃 명소 서울숲,https://blog.naver.com/dreamgirl_yum/223059804234
2023-03-30,서울 > 0104_성동구,https://blog.naver.com/kangyeou/223059801849
2023-03-30,지금 시기에 매출이 3배 오른 이곳??,https://blog.naver.com/yskim__/223059696176
2023-03-30,,https://blog.naver.com/hanwha_enc
2023-03-30,벚꽃 팝콘이 떨어진다 벚꽃 개화시기와 벚꽃 명소 추천!,https://blog.naver.com/hanwha_enc/223059674577
2023-03-30,,https://blog.naver.com/s_n97
2023-03-30,서울숲 벚꽃 명소 가는법 / 벚꽃 개화시기 만개시기 / 아이폰 인물보정팁,https://blog.naver.com/s_n97/223059218180
2023-03-30,서울 성동 성수동데이트 서울숲맛집 고우성수 프리미엄 스테이크 솥밥,https://blog.naver.com/cilina80/223059661319
2023-03-30,"성수동 서울숲 놀거리,벚꽃 명소부터 봄꽃까지 실시간 개화 상황!",https://blog.naver.com/whtmdwo13/223059635780
2023-03-30,"'제6회 송정마을 벚꽃축제' 초대가수 공연, 먹거리 행사 풍성!",https://blog.naver.com/limyk3217/223059581338
2023-03-30,"3월의 응봉산 플로깅, ssj모닝클럽",https://blog.naver.com/hot112013/223059501600
2023-03-30,,https://blog.naver.com/tonygina
2023-03-30,서울 나들이하기 좋은 곳 서울숲 벚꽃 현황,https://blog.naver.com/tonygina/223058753243
2023-03-30,[현재 벚꽂 개화상태~] 서울숲 벚꽃 석촌호수 벚꽃축제 성내천 벚꽃 서울 올림픽공원 벚꽃터널 이번주말 여행지로 추천,https://blog.naver.com/ysr3789/223059533296
2023-03-31,"성수동 서울숲 벚꽃 피크닉 데이트 + 사슴, 튤립, 놀이터",https://blog.naver.com/hannapride/223061366863
2023-03-31,성수동 일본식 하루노유키 카페 케잌맛집,https://blog.naver.com/hsshim0115/223061340489
2023-03-31,,https://blog.naver.com/anong435093
2023-03-31,[정보] 서울 벚꽃명소 '중랑천 벚꽃길 드라이브 산책코스' (3/30 기준 개화상태 / 이번주말 절정!!),https://blog.naver.com/anong435093/223061329336
2023-03-31,,https://blog.naver.com/germanybuy
2023-03-31,서울숲 벚꽃 절정,https://blog.naver.com/germanybuy/223061327125
2023-03-31,서울 벚꽃 명소 인생샷 스팟 5 성수동 서울숲 벚꽃 만개(+주차),https://blog.naver.com/pkj5456/223061310379
2023-03-31,,https://blog.naver.com/moongah22
2023-03-31,"[성수동]현재 성수동에서 가장 예쁜 공간, 포토존 가득한 '메종 이브로쉐 서울 포레스트' 팝업 방문 후기",https://blog.naver.com/moongah22/223061297739
2023-03-31,,https://blog.naver.com/halio01
2023-03-31,"[성수동] 벚꽃길 벚꽃이 만개한 서울숲, 서울 벚꽃 명소, 셀프 웨딩촬영 명소",https://blog.naver.com/halio01/223061294573
2023-03-31,,https://blog.naver.com/min-zzang-
2023-03-31,3월,https://blog.naver.com/min-zzang-/223061241453
2023-03-31,서울숲 벚꽃 개화 상황 바람의 언덕 꽃사슴방사장 가는 길,https://blog.naver.com/female50/223061219074
2023-03-31,"서울 벚꽃 명소 TOP 5 서울숲, 봉은사 등 개화 실시간",https://blog.naver.com/sanaella/223061216178
2023-03-31,,https://blog.naver.com/dearhd_
2023-03-31,"[성동구, 성수동] 서울 벚꽃 명소 서울숲 평일 방문후기 및 개화상태 (3월 31일 개화정보)",https://blog.naver.com/dearhd_/223061204165
2023-03-31,,https://blog.naver.com/tealtable
2023-03-31,2023 서울숲 커피 위크 나들이,https://blog.naver.com/tealtable/223061202078
2023-03-31,,https://blog.naver.com/co_hwi
2023-03-31,서울숲 만개 소식!! 주말 데이트 딱입니당 애견동반 성수동,https://blog.naver.com/co_hwi/223061192794
2023-03-31,,https://blog.naver.com/smlic01
2023-03-31,서울 성수동 서울숲! 벚꽃길 생태숲 놀이터등 산책 여행,https://blog.naver.com/smlic01/223061191842
2023-03-31,서울숲 벚꽃 튤립 성수동 꽃구경 서울 4월 가볼만한곳 추천,https://blog.naver.com/susudaily_/223061114804
2023-03-31,성수동에 건축계 노벨상 '프리츠커상' 치퍼필드 업무시설 조성,https://blog.naver.com/eyebuilding/223060625555
2023-03-31,,https://blog.naver.com/inter_news
2023-03-31,벚꽃 축제 명소 '연령대별 인기 장소 총정리',https://blog.naver.com/inter_news/223060951296
2023-03-31,,https://blog.naver.com/wkdtkwkd7979
2023-03-31,서울 벚꽃 명소 서울숲 구경,https://blog.naver.com/wkdtkwkd7979/223060948776
2023-03-31,,https://blog.naver.com/ohhappyreview
2023-03-31,"서울숲 벚꽃길 산책하기 (주차안내, 벚나무길)",https://blog.naver.com/ohhappyreview/223060917792
2023-03-31,,https://blog.naver.com/lyj4470
2023-03-31,"[성수동 커피, 송정제방 커피] 송정커피 / 송정제방길 벚꽃이 보이는 카페, 서울 벚꽃뷰카페",https://blog.naver.com/lyj4470/223060854672
2023-03-31,,https://blog.naver.com/j_yoonii
2023-03-31,"[이브로쉐x코츠카페] 성수동 팝업스토어, 인생샷 건지러 어서오세요!",https://blog.naver.com/j_yoonii/223060848015
2023-03-31,,https://blog.naver.com/dusen94
2023-03-31,23.3.29-31. 수몽금,https://blog.naver.com/dusen94/223060835921
2023-03-31,,https://blog.naver.com/laluna_7
2023-03-31,"성수동을 ""데이비드 치퍼필드""의 건축물로 지역변화",https://blog.naver.com/laluna_7/223060829042
2023-03-31,,https://blog.naver.com/blog123307
2023-03-31,서울 성수동 벚꽃 축제 명소 [송정마을 벚꽃축제] 송정 체육공원,https://blog.naver.com/blog123307/223060827460
2023-03-31,,https://blog.naver.com/tnghcjstk330
2023-03-31,서울에 생기는 꼭 가봐야하는 명소 모음!,https://blog.naver.com/tnghcjstk330/223060819181
2023-03-31,,https://blog.naver.com/we-daehan
2023-03-31,"성수동 이마트 부지, 데이비드 치퍼필드의 업무시설 건축",https://blog.naver.com/we-daehan/223060809974
2023-03-31,,https://blog.naver.com/mat_zzibi
2023-03-31,[평일일상]벚꽃명소/홈트 아닌 직트/상일동 원중/성수동 픽픽/서울숲오삼불고기,https://blog.naver.com/mat_zzibi/223060802891
2023-03-31,,https://blog.naver.com/1sangsoso
2023-03-31,"서울숲 벚꽃명소 , 포토스팟공유 성수동 가볼만한곳",https://blog.naver.com/1sangsoso/223060789619
2023-03-31,,https://blog.naver.com/free1206
2023-03-31,성수맛집 마씨,https://blog.naver.com/free1206/223056644860
2023-03-31,,https://blog.naver.com/catchany
2023-03-31,노마스크 벚꽃 축제! 어디가 HOT할까?,https://blog.naver.com/catchany/223060754764
2023-03-31,,https://blog.naver.com/deco_wall
2023-03-31,중랑천에 개화한 벚꽃길을 따라 오르는 의정부 봄소풍 나들이 코스,https://blog.naver.com/deco_wall/223060736494
2023-03-31,,https://blog.naver.com/loveactually1225
2023-03-31,3 월 일 기,https://blog.naver.com/loveactually1225/223060730532
2023-03-31,[성수동]서울숲 벚꽃 실시간 개화 현황(23.03.31)/벚꽃길 위치/벚꽃 포토존/주차 꿀팁,https://blog.naver.com/moongah22/223060703150
2023-03-31,,https://blog.naver.com/dae-room2288
2023-03-31,[서울특별시 보도자료] `성수동2가`에 국제공모 선정된 혁신 디자인 업무시설 들어선다,https://blog.naver.com/dae-room2288/223060674634
2023-03-31,,https://blog.naver.com/lsoyoung1015
2023-03-31,벚꽃 명소_ 서울숲 서울도심 데이트 봄꽃 나들이 서울 갈만한곳,https://blog.naver.com/lsoyoung1015/223060616522
2023-03-31,수원 벚꽃 명소 가볼만한곳 광교호수공원,https://blog.naver.com/zinizio/223060602188
2023-03-31,,https://blog.naver.com/concrete5431
2023-03-31,서울의 시크하고 모던한 카페씬을 성수하이라인에서 만나다,https://blog.naver.com/concrete5431/223060575034
2023-03-31,서울 성수동 숨은 벚꽃 명소 송정제방길,https://blog.naver.com/phantasma86/223060041003
2023-03-31,서울여행 서울숲 데이트 성수 가볼만한곳 벚꽃 명소 축제 주차장 놀거리 볼거리 전시회 실시간 상황,https://blog.naver.com/cilina80/223060563788
2023-03-31,,https://blog.naver.com/cktoto1
2023-03-31,아기와 서울숲 벚꽃길 봄나들이: 꽃구경_서울숲 주차 팁(주차 장소 찾기),https://blog.naver.com/cktoto1/223060543949
2023-03-31,[라이프] 개나리 성지 응봉산 - 여행 & 사진 그리고 부동산 이야기,https://blog.naver.com/jedpark/223060537400
2023-03-31,,https://blog.naver.com/love_me_all_moments
2023-03-31,성수/서울숲 브런치::빙봉|테라스에서 즐기는 프렌치토스트와 파스타 에그베네딕트,https://blog.naver.com/love_me_all_moments/223060470871
2023-03-31,,https://blog.naver.com/chajiyun
2023-03-31,(성수동 서울숲 벚꽃)벚꽃 맛집. 벚꽃길 위치. 서울숲 벚꽃 명소 포토존. 서울숲 벚꽃상황.벚꽃길 가는방법(23년 3월 30일 방문),https://blog.naver.com/chajiyun/223060424540
2023-04-01,성수동데이트 서울숲 디저트카페 치카성수 가볼만한곳,https://blog.naver.com/kongmistar/223062108641
2023-04-01,,https://blog.naver.com/happyamare
2023-04-01,서울숲 벚꽃길 가족 봄나들이,https://blog.naver.com/happyamare/223062085771
2023-04-01,,https://blog.naver.com/mnbmnb_
2023-04-01,[잠실 석촌호수] 벚꽃구경 / 서울벚꽃 개화 상태 (2023년 3월 31일 기준),https://blog.naver.com/mnbmnb_/223062046005
2023-04-01,,https://blog.naver.com/hanciduci
2023-04-01,"[서울숲역]벚꽃 현황, 호호식당, 콜렉트 커피+성수 핫플 탐방 (핫쵸 성수점 웨이팅 포기후기)",https://blog.naver.com/hanciduci/223062040753
2023-04-01,,https://blog.naver.com/h8956
2023-04-01,2023년 봄 철없는 봄꽃들,https://blog.naver.com/h8956/223062036812
2023-04-01,,https://blog.naver.com/ylangerhans
2023-04-01,편리왕부터 꽃밭 봄 제주/ 성수에서 제주까지.,https://blog.naver.com/ylangerhans/223062025384
2023-04-01,서울숲 벚꽃 튤립 실시간 개화 상황 주차장 with 성수동 데이트 코스,https://blog.naver.com/uni7741/223062020555
2023-04-01,"강남역·압구정,성수 상권부터 반등 … 임대료 10% 넘게 오르기도(직접 서울숲 아뜰리에길에 나가봤습니다)",https://blog.naver.com/rcntk/223061982141
2023-04-01,,https://blog.naver.com/real_lifeslike
2023-04-01,3월의 일상조각 -2,https://blog.naver.com/real_lifeslike/223061962846
2023-04-01,,https://blog.naver.com/wlgp716
2023-04-01,서울 성수동 맛집 핫플레이스 퓨전중식맛집 전자방,https://blog.naver.com/wlgp716/223058098842
2023-04-01,,https://blog.naver.com/chonthug
2023-04-01,성수 당일치기 데이트 코스 힙한 브런치부터 낭만 가득 서울숲까지 (feat. 뚜벅 돼지 여행),https://blog.naver.com/chonthug/223059802954
2023-04-01,,https://blog.naver.com/gangnam5570600
2023-04-01,성동구 이마트 성수본사 부지(성수동2가 333-16일대) 혁신 디자인 업무시설 들어선다.,https://blog.naver.com/gangnam5570600/223061920406
2023-04-01,성수동 이마트 부지에 혁신 디자인 업무시설 들어선다,https://blog.naver.com/richtech100/223061852251
2023-04-01,,https://blog.naver.com/jjoming79
2023-04-01,2023 March,https://blog.naver.com/jjoming79/223061825525
2023-04-01,,https://blog.naver.com/sppns
2023-04-01,친환경 사탕수수지 포장박스 반달 손잡이상자 로고인쇄 사이즈 주문제작 리뷰_ 비건 핸드밤 패키지,https://blog.naver.com/sppns/223061822052
2023-04-01,,https://blog.naver.com/doyeon_saem
2023-04-01,서울숲 벚꽃 : 서울 벚꽃명소/ 아이와가볼만한곳/ 아이와뭐하지,https://blog.naver.com/doyeon_saem/223061787637
2023-04-01,"성수동 서울숲 야경 사슴 위치 까지 벚꽃 산책, 주차",https://blog.naver.com/wjdtjdgy1234/223061747873
2023-04-01,"서울숲 벚꽃길 명당] 벚꽃 현황 / 포토스팟 정확한 위치 (주차정보, 서울숲 맛집 리스트)",https://blog.naver.com/danakim1222/223061694569
2023-04-01,,https://blog.naver.com/overall9909
2023-04-01,성수 하이라인 카페: 성수동에서 꼭 가봐야 할 명소,https://blog.naver.com/overall9909/223061669094
2023-04-01,,https://blog.naver.com/hungry4410
2023-04-01,성수 하이라인 카페에서 색다른 분위기와 맛있는 음식을 만나다,https://blog.naver.com/hungry4410/223061664642
2023-04-01,,https://blog.naver.com/beside10879
2023-04-01,성수 하이라인: 상쾌한 카페 추억을 위한 숨은 맛집,https://blog.naver.com/beside10879/223061657775
2023-04-01,,https://blog.naver.com/ddoggabi
2023-04-01,오빠랑 성수동 데이트(feat. 서울야경 명소 추천),https://blog.naver.com/ddoggabi/223061655962
2023-04-01,,https://blog.naver.com/just_just_game
2023-04-01,까치의 설과 우리의 설은 지나갔고,https://blog.naver.com/just_just_game/223061642458
2023-04-01,,https://blog.naver.com/rightnow2032
2023-04-01,"서울 내 벚꽃 구경과 맛집, 데이트하기 좋은 곳 Best 7",https://blog.naver.com/rightnow2032/223061397160
2023-04-01,[송정 제방 벚꽃길] 사람 적어 더 좋은 서울 벚꽃 명소,https://blog.naver.com/hohaho1541/223061422376
2023-04-01,235. 성동구 송정동 임장,https://blog.naver.com/way2wealth/223060988536
2023-04-01,,https://blog.naver.com/nyhlcs
2023-04-01,'핫플' 성수동에 '건축계 노벨상' 받은 디자인 건물 들어선다,https://blog.naver.com/nyhlcs/223061621432
2023-04-01,서울 벚꽃 명소 성수동 서울숲,https://blog.naver.com/kimmin1467/223061027946
2023-04-01,4월 꽃구경 성수동 서울숲 벚꽃 만개 벚꽃길 가는법,https://blog.naver.com/travel_haji/223061598525
2023-04-01,,https://blog.naver.com/artemis_2016
2023-04-01,2023-04-01 토요일 06:35 헤드라인 뉴스,https://blog.naver.com/artemis_2016/223061596345
2023-04-01,서울숲 피자 맛집 데이트코스 필수 성수동 핫플 서울숲 포도피자,https://blog.naver.com/rokag4/223061578851
2023-04-01,,https://blog.naver.com/kathy0582
2023-04-01,"성수동 서울숲 벚꽃 만개,벚꽃길 위치,주차정보",https://blog.naver.com/kathy0582/223061440649
2023-04-01,,https://blog.naver.com/grinbea
2023-04-01,"[소식] ■ 방탄소년단(정국)ː캘빈 클라인(Calvin Klein) 앰배서더 이후, 정국이 세운 폭발적인 기록들 (230330)",https://blog.naver.com/grinbea/223061418504
2023-04-01,,https://blog.naver.com/s0nghe_e
2023-04-01,"3월 요약☕️: 세계 강아지의 날, 판교 호텔 더 일마, 엄마빠 결혼기념일, 보닐라츄러스 그리고 용인 벚꽃 (기흥 벚꽃길, 코리아CC, 골드CC)",https://blog.naver.com/s0nghe_e/223061413569
2023-04-01,,https://blog.naver.com/frost7126
2023-04-01,성수 하이라인: 커피와 쿠키를 좋아한다면 서울에서 꼭 가봐야 할 카페,https://blog.naver.com/frost7126/223061407188
2023-04-01,,https://blog.naver.com/bluewhale0515
2023-04-01,20230331 서울 2일차) 창경궁,https://blog.naver.com/bluewhale0515/223061374649
2023-04-02,,https://blog.naver.com/irobii
2023-04-02,벚꽃비가 내리는 성수 벚꽃길,https://blog.naver.com/irobii/223062851869
2023-04-02,"4월 서울 날씨 좋았던 주말 나들이, 벚꽃 명소 데이트 가볼만한곳 서울숲 + 주차 정보",https://blog.naver.com/josee_p/223062820875
2023-04-02,,https://blog.naver.com/glowforever96
2023-04-02,[서울숲] 서울벚꽃명소 서울숲으로 벚꽃구경 다녀온 후기,https://blog.naver.com/glowforever96/223062780900
2023-04-02,,https://blog.naver.com/inspect3405
2023-04-02,북한강막국수닭갈비삼봉직영점 남양주맛집 꼭 가봐야할 맛집,https://blog.naver.com/inspect3405/223062748196
2023-04-02,,https://blog.naver.com/project_su
2023-04-02,'핫플' 성수동에 '건축계 노벨상' 받은 디자인 건물 들어선다,https://blog.naver.com/project_su/223062725221
2023-04-02,,https://blog.naver.com/leesj0330
2023-04-02,서울숲 벚꽃명소 :: 벚꽃구경추천 / 서울숲 바람의 언덕,https://blog.naver.com/leesj0330/223062723298
2023-04-02,,https://blog.naver.com/redhot_jenny
2023-04-02,김해 비지니스 투어 #2. 카페 사장이 될것이냐. 커피 사업가가 될 것이냐. 모모스편,https://blog.naver.com/redhot_jenny/223062655719
2023-04-02,,https://blog.naver.com/okjoo6012
2023-04-02,서울 벚꽃 명소 서울숲 벚꽃길 꽃구경 그리고 피크닉,https://blog.naver.com/okjoo6012/223062636366
2023-04-02,,https://blog.naver.com/mintmom
2023-04-02,"[방탄소년단 정국] CK정국, 캘빈클라인 성수역 광고 쩔어요..지금 당장 가는 겁니다?!ㅋㅋ",https://blog.naver.com/mintmom/223062567997
2023-04-02,,https://blog.naver.com/please4111
2023-04-02,미쁘동 서울숲의 맛있는 여행: 성수 맛집 방문,https://blog.naver.com/please4111/223062566941
2023-04-02,성수동 서울숲 벚꽃명소 사슴방사장 서울숲 데이트로 피크닉 좋아요! 튤립은 아직!,https://blog.naver.com/rhksgn/223062510680
2023-04-02,서울시청 맛집 백소정 마제소마 돈까스 역시 굿,https://blog.naver.com/specialad/223062189836
2023-04-02,,https://blog.naver.com/shinsol32
2023-04-02,서울 벚꽃명소 서울숲 '코츠카페' 이브로쉐 팝업스토어(성수 데이트),https://blog.naver.com/shinsol32/223062470672
2023-04-02,,https://blog.naver.com/bn881028
2023-04-02,"2023, 4월 2일의 빛나 일상,연애일지(여의도공원 벚꽃놀이 / 성수동 카페거리 / 여의도IFC 치즈룸 / 연희동 시간이머무는 홍차가게 / 레드컨테이너 카드게임,젠가)",https://blog.naver.com/bn881028/223062430424
2023-04-02,,https://blog.naver.com/jss3290
2023-04-02,"제일 좋아하는 계절 봄, 생일월간 기록",https://blog.naver.com/jss3290/223062405267
2023-04-02,,https://blog.naver.com/enjoyfoods
2023-04-02,"서울숲 벚꽃 축제 / 서울 숨은 벚꽃 명소, 성수동 놀거리 추천",https://blog.naver.com/enjoyfoods/223062367920
2023-04-02,,https://blog.naver.com/son1234675-
2023-04-02,서울 벚꽃 명소 축제 일정 개화시기 여의도윤중로벚꽃 잠실석촌호수벚꽃 서울숲벚꽃 어린이대공원벚꽃 주차 위치 대중교통 이용,https://blog.naver.com/son1234675-/223062345266
2023-04-03,,https://blog.naver.com/blogsy_
2023-04-03,서울 벚꽃 명소 모음!,https://blog.naver.com/blogsy_/223063839568
2023-04-03,,https://blog.naver.com/nawa_travel
2023-04-03,사슴도 있는 [서울숲 벚꽃 명소] 여의도 한강공원 X - 성수동 뚝섬 돗자리 피크닉 주차 개화&만개 시기 뷰,https://blog.naver.com/nawa_travel/223063787512
2023-04-03,,https://blog.naver.com/jeon2407
2023-04-03,서울 벚꽃 사진 찍기 좋은 벚꽃 스팟 네 곳,https://blog.naver.com/jeon2407/223063779907
2023-04-03,,https://blog.naver.com/eunwon_2
2023-04-03,성수동ㅣ서울숲 벚꽃놀이 피크닉 하고 이나피스퀘어 티셔츠 전시,https://blog.naver.com/eunwon_2/223063750851
2023-04-03,"성수동 서울숲 디저트맛집추천 코츠카페 (이브로쉐 팝업스토어 yves rocher, 주차, 서울숲 벚꽃 데이트)",https://blog.naver.com/jh78jh78/223063716545
2023-04-03,,https://blog.naver.com/fam_juda
2023-04-03,"2023년 올림픽공원, 잠실석촌호수 만개한 벚꽃명소구경과 로그아웃전시회",https://blog.naver.com/fam_juda/223063706054
2023-04-03,벚꽃과 튤립을 한 눈에? 2023 응봉 서울숲 튤립축제 모음,https://blog.naver.com/la_ultima/223063698163
2023-04-03,5월 홍콩여행 준비(홍콩지도&주요 관광명소 정리),https://blog.naver.com/yebbuneik/223063662746
2023-04-03,,https://blog.naver.com/tlfdms19
2023-04-03,성수 데이트 코스 하노이102,https://blog.naver.com/tlfdms19/223063629191
2023-04-03,,https://blog.naver.com/mandarin_jam
2023-04-03,[성수동/송정동 카페] 중랑천 송정벚꽃길 산책하고 가기 좋은 벚꽃뷰 카페 송정커피,https://blog.naver.com/mandarin_jam/223063597985
2023-04-03,서울 벚꽃 명소 서울숲 3월 30일 꽃구경 포토존 위치,https://blog.naver.com/x_dairy/223063476609
2023-04-03,,https://blog.naver.com/anyth1n9
2023-04-03,옷차림도 가벼운 봄날의 일상,https://blog.naver.com/anyth1n9/223063462909
2023-04-03,,https://blog.naver.com/parkmisa
2023-04-03,( 안산 유리칸막이 시공 ) 모던한 느낌의 블랙프레임으로 사무실 통유리 파티션 설치,https://blog.naver.com/parkmisa/223063442171
2023-04-03,,https://blog.naver.com/hyunok8854
2023-04-03,오늘예약공항택시콜밴 대형택시예약:서울강동구명일동고덕동강일동상일동길동암사동성내동천호동둔촌동김포공항인천공항가는길예약.비용.요금.비용.가는시간 가격도착정보...,https://blog.naver.com/hyunok8854/223063386084
2023-04-03,,https://blog.naver.com/roofhousepat
2023-04-03,[4월/식목일/데이트] 10년 연속 1위 연극 <옥탑방고양이>가 추천하는 식물원 데이트 추천!,https://blog.naver.com/roofhousepat/223062673012
2023-04-03,서울숲 벚꽃 봄나들이 포토존 위치,https://blog.naver.com/peter_xx/223063260017
2023-04-03,,https://blog.naver.com/dreamapartment
2023-04-03,"서울 벚꽃 명소 송정동 뚝방길 벚꽃축제, 1유로 프로젝트",https://blog.naver.com/dreamapartment/223063253812
2023-04-03,,https://blog.naver.com/malbeolkim
2023-04-03,"봄이 온 3월의 먹는 일상 | 투고오알, 코히루, 플레이스앤스페이스, 양가, 깍뚝, 도른계, 송정제방길 벚꽃",https://blog.naver.com/malbeolkim/223063191050
2023-04-03,,https://blog.naver.com/initiate9409
2023-04-03,성수하이라인 서울 성수동 숨은 맛집같은 카페,https://blog.naver.com/initiate9409/223063100026
2023-04-03,,https://blog.naver.com/yaaho_1026
2023-04-03,벚꽃 나들이가 별거야 그냥 벚꽃 보는 거지,https://blog.naver.com/yaaho_1026/223063046786
2023-04-03,"일백마블 종합감각 : AI 시대 의사 인기 줄고, 문과생 일자리 늘어난다 (230403)",https://blog.naver.com/memebena8585/223063044871
2023-04-03,,https://blog.naver.com/nahe0904
2023-04-03,서울숲 벚꽃 피크닉 강아지 심바와 다녀왔어요,https://blog.naver.com/nahe0904/223063039410
2023-04-03,,https://blog.naver.com/w30mm
2023-04-03,"응봉산 개나리 축제 실시간 개화상황, 주차장 포토존",https://blog.naver.com/w30mm/223062861632
2023-04-03,,https://blog.naver.com/tosurvive
2023-04-03,성수동 디저트 맛집(광고/추천 아님),https://blog.naver.com/tosurvive/223063007171
2023-04-03,,https://blog.naver.com/happy_bolbol
2023-04-03,"벚꽃 같은 일상, 성수 나들이 · 이천 설봉공원 벚꽃 · LEAF.llective",https://blog.naver.com/happy_bolbol/223062803500
2023-04-03,"은지새나 일상 _ 3월 마지막 주, 4월 첫째 주 주간일기",https://blog.naver.com/rain930814/223062965948
2023-04-03,2023년 3월,https://blog.naver.com/noow-moon/223062930239
2023-04-04,서울숲 피크닉 대여 캐스터네츠에서 눈과 입 사로잡기,https://blog.naver.com/dasol9191/223064944974
2023-04-04,,https://blog.naver.com/yw_luv
2023-04-04,[성동구] ❀서울벚꽃명소 5탄 :: 서울숲❀,https://blog.naver.com/yw_luv/223064922181
2023-04-04,,https://blog.naver.com/kmma1020
2023-04-04,[2023.04.04]오늘도 뼈에 새겨진 명언 ‘덕계못’.../코랏/무드/수바코/당도/히카/포토이즘 nct프레임/푸어링아웃,https://blog.naver.com/kmma1020/223064858391
2023-04-04,,https://blog.naver.com/jso2011
2023-04-04,Mar_,https://blog.naver.com/jso2011/223064814050
2023-04-04,,https://blog.naver.com/20minz
2023-04-04,(서울) 창경궁 대온실 야간개장 / 꽃놀이 / 포토존 / 꿀팁,https://blog.naver.com/20minz/223064739709
2023-04-04,,https://blog.naver.com/thingsilov
2023-04-04,3월 일상의 잔재들,https://blog.naver.com/thingsilov/223064725149
2023-04-04,,https://blog.naver.com/1_1234
2023-04-04,성수동 데이트 코스 아니마토 서울숲 파스타 스테이크 맛집,https://blog.naver.com/1_1234/223064710363
2023-04-04,,https://blog.naver.com/bonetents
2023-04-04,"[도쿄 3박4일 코스] 가볼만한곳 모음, 방문후기 (+4월 벚꽃개화)",https://blog.naver.com/bonetents/223064663234
2023-04-04,,https://blog.naver.com/gkl2005
2023-04-04,"봄과 함께 벚꽃을, 봄",https://blog.naver.com/gkl2005/223064585008
2023-04-04,,https://blog.naver.com/kpsa4
2023-04-04,‘팝플레이스’는 어떻게 만들어질까,https://blog.naver.com/kpsa4/223837261509
2023-04-04,,https://blog.naver.com/fcoverbong
2023-04-04,"[23년 3월, 4월] 서울숲 벚꽃, 여의도 벚꽃, 성북천 벚꽃, 사무엘 스몰즈, 성수동 맥주, 네고왕, 봄위시리스트, 4월 위시리스트, 압구정 카페, 벚꽃축제, 벚꽃",https://blog.naver.com/fcoverbong/223064516109
2023-04-04,,https://blog.naver.com/lookyounghair
2023-04-04,"긴 머리 레이어드컷과 허그컷, 허쉬컷의 차이",https://blog.naver.com/lookyounghair/223064377218
2023-04-04,,https://blog.naver.com/lhkny96
2023-04-04,디올 한국 매출 9300억 기록: 연매출 1조 달성하나,https://blog.naver.com/lhkny96/223064356803
2023-04-04,,https://blog.naver.com/modesty5904
2023-04-04,[온겸책방] 부동산 트렌드 2023,https://blog.naver.com/modesty5904/223063853336
2023-04-04,,https://blog.naver.com/sonyj12
2023-04-04,서울숲공원에서 벚꽃데이트 성 공 feat. 할머니레시피,https://blog.naver.com/sonyj12/223064182654
2023-04-04,3월 마지막 주 야세일상,https://blog.naver.com/yase90/223064167060
2023-04-04,,https://blog.naver.com/imsongpyeon
2023-04-04,[동인천 신상카페] 루프탑 카페겸 그로서리바틀샵 로컬렉트,https://blog.naver.com/imsongpyeon/223063951035
2023-04-04,성수동 서울숲 튤립 벚꽃 사슴 놀거리 많은 서울 피크닉 장소,https://blog.naver.com/overroad89/223063725509
2023-04-04,,https://blog.naver.com/lseungbin728
2023-04-04,절전모드로 살기,https://blog.naver.com/lseungbin728/223063983493
2023-04-04,성수동 핫플 성수 서울숲 데이트 놀거리 봄꽃구경 사슴,https://blog.naver.com/parangusl_/223063002673
2023-04-04,,https://blog.naver.com/chocomans
2023-04-04,"서울의 랜드마크와 상징, 23-강남구",https://blog.naver.com/chocomans/223063899125
2023-04-05,,https://blog.naver.com/funkydg
2023-04-05,[꿉당 잠실방이점]기대는 실망만 낳을 뿐_목살 삼겹살 구이,https://blog.naver.com/funkydg/223066101732
2023-04-05,"""뱀 잡으러 다녀""...13년째 공백 '원빈' 모습 드러낸 의외의 '장소'에 모두 경악했다",https://blog.naver.com/salgoo921212/223835208136
2023-04-05,,https://blog.naver.com/mimmi_95
2023-04-05,서울 벚꽃 명소 추천 / 나만 아는 스팟!,https://blog.naver.com/mimmi_95/223065949730
2023-04-05,,https://blog.naver.com/kdg7693
2023-04-05,노티드 성수피치스 와우 힙하네요,https://blog.naver.com/kdg7693/223065858620
2023-04-05,,https://blog.naver.com/tofindpeterseongsu
2023-04-05,"성수동 캐주얼다이닝 레스토랑, 투파인드피터 성수 입니다.",https://blog.naver.com/tofindpeterseongsu/223065723385
2023-04-05,,https://blog.naver.com/petit_dot
2023-04-05,사월이 택배로 왔다.,https://blog.naver.com/petit_dot/223065699142
2023-04-05,,https://blog.naver.com/sc1919
2023-04-05,202303,https://blog.naver.com/sc1919/223065619375
2023-04-05,,https://blog.naver.com/ohbrown
2023-04-05,임팩트 있는 광고를 원한다면 성수동 자이언트 광고 매체를 추천합니다 서울숲 아트월 광고 매체 소개 및 특징 정리 5 / 옥외 광고 매체 소개 22,https://blog.naver.com/ohbrown/223065588890
2023-04-05,,https://blog.naver.com/jizzzan
2023-04-05,[ 중화카츠 성수본점 ] 서울숲 돈까스 맛집 | 성수동 돈까스 추천 | 서울숲 데이트 코스 | 서울숲 맛집 추천 | “ 유린 돈까스 & 중화제육덮밥 너무 맛있어”,https://blog.naver.com/jizzzan/223065575568
2023-04-05,,https://blog.naver.com/604jm
2023-04-05,성수맛집 솥밥의명소 솔솥 성수점,https://blog.naver.com/604jm/223065495931
2023-04-05,,https://blog.naver.com/burn14563
2023-04-05,서울숲의 숨겨진 맛집을 찾아서: 음식과 문화의 여행,https://blog.naver.com/burn14563/223065467624
2023-04-05,,https://blog.naver.com/ehy744
2023-04-05,강동구선불폰 성내동알뜰폰 선불유심 호야 서울 벚꽃명소 주차장,https://blog.naver.com/ehy744/223065439638
2023-04-05,,https://blog.naver.com/gpgpgpa
2023-04-05,성수윤경양식당 서울숲 데이트코스 고급스러운 인스타감성의 돈까스맛집,https://blog.naver.com/gpgpgpa/223065361570
2023-04-05,,https://blog.naver.com/lcy7247
2023-04-05,"[성수 / 성수김밥 퍼니텅] 혀가 즐거워지는 김밥이라니, 피크닉 갈 때 꼭 들러야 할 김밥 맛집 퍼니텅",https://blog.naver.com/lcy7247/223064325548
2023-04-05,,https://blog.naver.com/sewonatos
2023-04-05,"[4월 이야기꾼] 꽃비의 계절 봄 ""벚꽃 구경 가세요""",https://blog.naver.com/sewonatos/223065307356
2023-04-06,,https://blog.naver.com/sea10993
2023-04-06,성수 미쁘동 서울숲 맛집 방문,https://blog.naver.com/sea10993/223067173787
2023-04-06,"벚꽃은 갔지만 유채꽃 만발, 서울에서 만나는 남해",https://blog.naver.com/the_trip/223067140679
2023-04-06,,https://blog.naver.com/0624ksk
2023-04-06,현충원의 봄,https://blog.naver.com/0624ksk/223066970237
2023-04-06,"서울숲 벚꽃 엔딩, 튤립의 계절(서울 성동구)",https://blog.naver.com/77attic/223066921193
2023-04-06,,https://blog.naver.com/blackcatgo
2023-04-06,"성수동 핫플, 「서울숲」 인생샷 / 벚나무길, 튤립, 수선화 위치",https://blog.naver.com/blackcatgo/223066917683
2023-04-06,23'March in SEOUL,https://blog.naver.com/gajigaji_/223066880091
2023-04-06,,https://blog.naver.com/eunmi004
2023-04-06,신흥 유망지역 서울 성동구 손품기 1부,https://blog.naver.com/eunmi004/223066868426
2023-04-06,,https://blog.naver.com/kthhon
2023-04-06,[카페/맛집] 송탄역 평택국제시장 맛집 사진 명소 벽화거리/퓨전 꽈베기집 꽈배츠 / 내돈 내산 맛집 스타케밥 / 세비체210/카멜커피카페,https://blog.naver.com/kthhon/223066860995
2023-04-06,,https://blog.naver.com/cushwakekor
2023-04-06,"쿠시먼앤드웨이크필드 코리아 - RETAIL記 #8 구심점이 되는 공간, 피치스 도원(Peaches D8ne)",https://blog.naver.com/cushwakekor/223066834613
2023-04-06,,https://blog.naver.com/120seoulcall
2023-04-06,와~ 감탄이 절로! 사진찍기 좋은 서울 벚꽃 명소 4곳,https://blog.naver.com/120seoulcall/223066743055
2023-04-06,,https://blog.naver.com/yudidaily
2023-04-06,밤에 드라이브 겸 서울숲 벚꽃 구경 산책 데이트 (feat. 서울 성수동 주차장 놀거리),https://blog.naver.com/yudidaily/223066713049
2023-04-06,,https://blog.naver.com/philicplan_corp
2023-04-06,2023년도 필릭플랜 워크숍,https://blog.naver.com/philicplan_corp/223066658351
2023-04-06,,https://blog.naver.com/drawer12607
2023-04-06,성수의 라자냐 명소 서울숲맛집 피키니키라자냐 강력 추천,https://blog.naver.com/drawer12607/223066642482
2023-04-06,,https://blog.naver.com/except3317
2023-04-06,"서울숲맛집 피키니키라자냐, 성수에서 인기있는 라자냐의 매력 발견",https://blog.naver.com/except3317/223066625884
2023-04-06,,https://blog.naver.com/esther051
2023-04-06,해운대 샐러드 혼밥하기에도 딱인 해피샐러드클럽,https://blog.naver.com/esther051/223066524209
2023-04-07,,https://blog.naver.com/alswn6949
2023-04-07,3월 기록.,https://blog.naver.com/alswn6949/223068151028
2023-04-07,,https://blog.naver.com/black_strawberry
2023-04-07,Tokyo with nam.hyun.oh,https://blog.naver.com/black_strawberry/223068032526
2023-04-07,,https://blog.naver.com/haitun24
2023-04-07,23년 올해의 최애 벚꽃은?! 사랑에 빠져버린 길 - 나만 알고싶은 벚꽃길,https://blog.naver.com/haitun24/223067967637
2023-04-07,4월 꽃구경 장안벚꽃길/ 장평교/ 중랑천 아래 튤립 만개예요,https://blog.naver.com/0307khy/223067959004
2023-04-07,,https://blog.naver.com/businesspostkr
2023-04-07,"팝업 성지 성수동 ""핫플이 핫플을 부른다"", '이구성수' 이니스프리 가보니",https://blog.naver.com/businesspostkr/223067847090
2023-04-07,,https://blog.naver.com/koreanson7
2023-04-07,성수동 삼표레미콘 재개발 아파트 매매 체크해 보기,https://blog.naver.com/koreanson7/223067725737
2023-04-07,,https://blog.naver.com/first0720
2023-04-07,서울숲 벚꽃 피크닉 후기 및 미리알고가면 좋을점,https://blog.naver.com/first0720/223067623806
2023-04-07,,https://blog.naver.com/sparklinsoyul
2023-04-07,인덕원 힙한 카페 브라운핸즈 서원풍력 안양 성수동st 카페,https://blog.naver.com/sparklinsoyul/223067448670
2023-04-07,,https://blog.naver.com/elephantground
2023-04-07,"3월 마지막주 일기 - 서울숲, 성수동 구경",https://blog.naver.com/elephantground/223062057975
2023-04-07,,https://blog.naver.com/ele1015
2023-04-07,"[서울 성수] 서울숲 / 서울숲곤충식물원 / 숲속놀이터 / 4살, 2살 아기랑 돌아 본 서울숲 코스",https://blog.naver.com/ele1015/223067358944
2023-04-07,,https://blog.naver.com/of_the_art
2023-04-07,[서울맛집] 성수동 작은 파리 빵지순례코스 - 메종드마가레뜨,https://blog.naver.com/of_the_art/223067350378
2023-04-07,,https://blog.naver.com/rerieun
2023-04-07,2023. 03,https://blog.naver.com/rerieun/223067246487
2023-04-07,,https://blog.naver.com/cold_passion
2023-04-07,"동부이촌동(이촌1동,서빙고동) - 대한민국 아파트 신화의 시작",https://blog.naver.com/cold_passion/223067184255
2023-04-08,,https://blog.naver.com/softbomb
2023-04-08,한 주 사진일기,https://blog.naver.com/softbomb/223068932012
2023-04-08,"[여름 전에 꼭 가야할 서울숲 애견동반 봄나들이코스] ""서울앵무새, 깐부치킨까지"" 성수핫플 꿀팁대방출",https://blog.naver.com/okeystory/223068856056
2023-04-08,,https://blog.naver.com/rosalinekim
2023-04-08,2023년 3월 셋째주,https://blog.naver.com/rosalinekim/223068754441
2023-04-08,"서울 가볼만한 곳/ 서울숲(튤립), 어린이대공원(피크닉, 놀이동산)",https://blog.naver.com/rolo_ggo/223068744836
2023-04-08,,https://blog.naver.com/careerbrunch
2023-04-08,"구리, 교문동, 크림베이글, 구리 핫플레이스 각",https://blog.naver.com/careerbrunch/223068604397
2023-04-08,,https://blog.naver.com/dkksii
2023-04-08,"서울숲 튤립 개화상황, 벚꽃이랑 튤립 보고왔다",https://blog.naver.com/dkksii/223068579678
2023-04-08,,https://blog.naver.com/eloveuk
2023-04-08,"주간 타쿠야 (2023.04.02~2023.04.08) TAKUYA, 寺田拓哉, 타쿠야, 테라다 타쿠야",https://blog.naver.com/eloveuk/223068485575
2023-04-08,,https://blog.naver.com/honey8103
2023-04-08,성수동 핫플 [피치스도원] 복합문화공간 카페 디올매장 주차,https://blog.naver.com/honey8103/223068436537
2023-04-08,,https://blog.naver.com/river2-2
2023-04-08,[손품] 서울시 성동구,https://blog.naver.com/river2-2/223068396644
2023-04-08,,https://blog.naver.com/jwy9808
2023-04-08,[#2023✏️] 벚꽃놀이,https://blog.naver.com/jwy9808/223068383037
2023-04-08,,https://blog.naver.com/clrim_
2023-04-08,"[미국 여행] 마이애미 여행 코스 추천 - 숙소, 식당, 명소",https://blog.naver.com/clrim_/223068330348
2023-04-08,,https://blog.naver.com/arararl
2023-04-08,서울숲 피크닉 추천메뉴 캐스터네츠 주차정보 성수동 데이트 벚꽃놀이,https://blog.naver.com/arararl/223068206081
2023-04-09,,https://blog.naver.com/cutiesjm
2023-04-09,스고이 이자카야 평택 고덕 서정리역 분위기좋은 안주 맛있는 맛집 술집 회식 추천 송탄역 새벽 데이트 코스 사케 내돈내산 리뷰 후기,https://blog.naver.com/cutiesjm/223069655240
2023-04-09,,https://blog.naver.com/2164kgj
2023-04-09,[성수동 놀거리] 성수동 핫플 데이트코스 ; 성수연방 띵굴스토어 | 빈티지샵 ZMV | 먼치스앤구디스 | 뺑드에코 | 소브티하우스 | 스테치 카페 | 주차,https://blog.naver.com/2164kgj/223069573957
2023-04-09,서울숲 튤립정원 위치 축제 기간 포토존 주차장 팁 총정리,https://blog.naver.com/flskfl88/223069507628
2023-04-09,성수동 소품샵 구경하고 서울숲 튤립축제 데이트코스네,https://blog.naver.com/sagooo/223069448350
2023-04-09,"인천, 서쪽 바다 특유의 맛 항구도시의 매력을 담은 공간과 사인",https://blog.naver.com/signmunhwa95/223773482948
2023-04-09,,https://blog.naver.com/yeindaisy
2023-04-09,4월 1째주| 꼬ㅊ가르르 나르려~폭죽을 더크게 터뜨려~ | 대구 영남대 벚꽃놀이-대구 더현대 - 고스트북스,https://blog.naver.com/yeindaisy/223069263934
2023-04-09,,https://blog.naver.com/favor8853
2023-04-09,성수동 사진느낌있는맛집 서울숲/성수카페 하이라인,https://blog.naver.com/favor8853/223069229490
2023-04-09,,https://blog.naver.com/jicsim5
2023-04-09,친구들에게 전하는 암스테르담 local 장소 추천,https://blog.naver.com/jicsim5/223069171565
2023-04-09,,https://blog.naver.com/whwjdghk54
2023-04-09,[성수동 스테이크&파스타 맛집] 성수동 데이트 코스로 완벽한 아니마토 성수 다녀온 후기,https://blog.naver.com/whwjdghk54/223069151769
2023-04-09,,https://blog.naver.com/educate3160
2023-04-09,성수 디저트카페 서울숲 신상 디저트카페 ‘하이라인(highline)’,https://blog.naver.com/educate3160/223069106749
2023-04-09,,https://blog.naver.com/se5608
2023-04-09,술한잔 하기 좋은 봉은사역 고기맛집 배꼽집 코엑스,https://blog.naver.com/se5608/223069045967
2023-04-09,,https://blog.naver.com/diojulxhtstp
2023-04-09,많은 분들에게 추천하고 싶은 성수동 횟집 엄지척!,https://blog.naver.com/diojulxhtstp/223069011305
2023-04-09,,https://blog.naver.com/marsanna
2023-04-09,서울숲 튤립만발 꽃놀이 명소,https://blog.naver.com/marsanna/223068985455
2023-04-09,,https://blog.naver.com/wjhaam
2023-04-09,서울숲 힐링 데이트 - 벚꽃 위치 및 튤립,https://blog.naver.com/wjhaam/223068944992
2023-04-10,내돈내산 향수만들기 체험공방 뤼미에르 퍼퓸 성수,https://blog.naver.com/free1206/223070750615
2023-04-10,,https://blog.naver.com/goodrichcampus
2023-04-10,공중정원과 Skyline,https://blog.naver.com/goodrichcampus/223070679850
2023-04-10,,https://blog.naver.com/star99423
2023-04-10,해운대역 여행 놀거리 볼거리 : 아모레부산 팝업스토어 유행화장전 (위치 꿀팁정보),https://blog.naver.com/star99423/223070657883
2023-04-10,,https://blog.naver.com/rladudco1205
2023-04-10,"[핀란드 교환학생] D+94 런던여행 D+4 (스콘맛집, 내셔널 갤러리, 파이브가이즈, 러쉬, 엠앤엠즈, 피쉬 앤 칩스, 마틸다 뮤지컬)",https://blog.naver.com/rladudco1205/223070648715
2023-04-10,,https://blog.naver.com/5750033
2023-04-10,지난 일상 몰아쓰기~!~!,https://blog.naver.com/5750033/223070295875
2023-04-10,,https://blog.naver.com/1_ds_4
2023-04-10,우리의 네번째 봄/벚꽃/서울숲/봄데이트,https://blog.naver.com/1_ds_4/223070442706
2023-04-10,,https://blog.naver.com/dksgyrms326
2023-04-10,"성수동 서울숲역 데이트 코스로 딱 좋은 뇨끼 맛집 양식 와인바 @희릿 (ft. 주차, 예약)",https://blog.naver.com/dksgyrms326/223070441273
2023-04-10,,https://blog.naver.com/060776
2023-04-10,서울로인 서울숲데이트 성수동 한우 디너 시그니처코스,https://blog.naver.com/060776/223070313346
2023-04-10,,https://blog.naver.com/joanna-a
2023-04-10,"ICN - 인천 차이나타운 스치고 청일 조계지 방문한 썰 (청일 조계지 경계 계단, 팟알, 빽투더레트로, ㅊa)",https://blog.naver.com/joanna-a/223070309475
2023-04-10,,https://blog.naver.com/jungeun2__
2023-04-10,"4월-1 (임신 38주, 마지막 임산부 일상, 제왕 d-1)",https://blog.naver.com/jungeun2__/223070294152
2023-04-10,,https://blog.naver.com/gpfus505
2023-04-10,서울숲 벚꽃 피크닉 꽃사슴방사장으로 벚꽃구경 벚꽃 막차 탑승 서울 벚꽃 추천,https://blog.naver.com/gpfus505/223070278212
2023-04-10,,https://blog.naver.com/loveoscal
2023-04-10,서울 벚꽃명소 추천 인생샷가능 서울숲 벚꽃스팟 꿀팁,https://blog.naver.com/loveoscal/223070243547
2023-04-10,,https://blog.naver.com/sweet5603
2023-04-10,서울숲/성수맛집입구역 - 미쁘동 (토마토연어국수),https://blog.naver.com/sweet5603/223070172155
2023-04-10,"4월의 시작부터 분량조절 실패한 일상 | 수락산 등산, 화담숲 벚꽃, 석계 창신동 매운족발, 스탠드오일 팝업스토어, EMPTY, 기와르, 댓길, 또어킹, 1유로 프로젝트",https://blog.naver.com/malbeolkim/223070141327
2023-04-10,성수동 볼거리 서울 튤립 명소 서울숲 튤립정원 힐링 산책하고 왔지요.,https://blog.naver.com/sunsun1890/223070125687
2023-04-10,,https://blog.naver.com/choe_yuna
2023-04-10,6번째 테네시 내슈빌 여행 (1) : 관광지 총 정리,https://blog.naver.com/choe_yuna/223070121698
2023-04-10,,https://blog.naver.com/attend5248
2023-04-10,성수 카페 하이라인 highline 무드있고 라떼가 맛남,https://blog.naver.com/attend5248/223069891513
2023-04-10,서울숲역 수제버거 맛집 │ 캐스터네츠 서울숲점 │ 성수동 데이트코스로 딱!,https://blog.naver.com/ydh827/223069838548
2023-04-10,,https://blog.naver.com/iloveyoujsy
2023-04-10,3월 일상 #6 :: 벚꽃 나들이/ 응봉체육공원/ 송정벚꽃길/ 송정제방길 산책/ 성수 서울숲 맛집 디타워 띠또분식,https://blog.naver.com/iloveyoujsy/223065533231
2023-04-10,,https://blog.naver.com/py1978
2023-04-10,"응봉산 정상과 응봉산정, 개나리에 감싸인 응봉산 서쪽 능선길 (금호동 무쇠막 표석)",https://blog.naver.com/py1978/223069801011
2023-04-10,,https://blog.naver.com/siw0007
2023-04-10,[퍼플수박] 2023년 벚꽃구경의 일상기록 광화문교보문고 서울숲 디올성수,https://blog.naver.com/siw0007/223066624452
2023-04-11,,https://blog.naver.com/hun4339
2023-04-11,한강은 이제 그만! 서울 속 숨겨진 산책 스폿,https://blog.naver.com/hun4339/223071628318
2023-04-11,,https://blog.naver.com/kindmjss
2023-04-11,핫플 성수동 서울숲(튤립 만개)과 성수전략정비구역,https://blog.naver.com/kindmjss/223071499211
2023-04-11,,https://blog.naver.com/tfcompany01
2023-04-11,영등포 개발 호재 여의도 크루즈 선착장 (feat. 오세훈 시장 그레이트 한강 프로젝트 여의도 ~ 인천),https://blog.naver.com/tfcompany01/223071424974
2023-04-11,,https://blog.naver.com/hblives
2023-04-11,23' 4월초 서울을 즐기는 경기도사람 코스,https://blog.naver.com/hblives/223071422516
2023-04-11,,https://blog.naver.com/herpil
2023-04-11,"2023 4월 라이딩 (서울숲 튤립, 용비교 튤립)",https://blog.naver.com/herpil/223071369744
2023-04-11,,https://blog.naver.com/occupation1258
2023-04-11,성수 밥집 핫플이 서울숲에도 '미쁘동 서웊숲점',https://blog.naver.com/occupation1258/223071305129
2023-04-11,,https://blog.naver.com/x_reemee
2023-04-11,성수동 애견동반카페 추천 ‣ 레이어 10 카페,https://blog.naver.com/x_reemee/223071192005
2023-04-11,,https://blog.naver.com/oliver_travel_
2023-04-11,"튤립으로 물든 서울숲 피크닉 데이트 (+개화현황, 주차정보)",https://blog.naver.com/oliver_travel_/223070661067
2023-04-11,,https://blog.naver.com/song97822
2023-04-11,서울 공연장 청소 성동구 엑스팩토리A동!,https://blog.naver.com/song97822/223071026073
2023-04-11,,https://blog.naver.com/sabina0407
2023-04-11,"성수동 데이트 도심 속 자연 서울숲에서 벚꽃구경 대신 사슴,단풍,튤립",https://blog.naver.com/sabina0407/223070204811
2023-04-11,"달맞이에 좋은 한강변에 작은 뒷동산, 옥수동 달맞이봉 (달맞이공원, 달맞이봉에서 바라본 천하)",https://blog.naver.com/py1978/223070919157
2023-04-11,,https://blog.naver.com/gmlglt_
2023-04-11,[성동구] 응봉역에서 서울숲 가는 길 튤립 명소,https://blog.naver.com/gmlglt_/223070778582
2023-04-12,4월 꽃구경 응봉역 중랑천 튤립명소 뚜벅이 여행 서울숲까지 서울근교 데이트코스로 딱!,https://blog.naver.com/yesun81/223072877807
2023-04-12,,https://blog.naver.com/shrugr83q
2023-04-12,가을 서울숲 여행,https://blog.naver.com/shrugr83q/223072651090
2023-04-12,"옥수동 달맞이봉, 달맞이공원 (달맞이봉 정상부, 달맞이봉에서 바라본 한강)",https://blog.naver.com/py1978/223072556907
2023-04-12,,https://blog.naver.com/blueisky12
2023-04-12,(뚜벅이) 서울 갈만한 곳 4월 중순 서울숲 튤립 23.4.11 산책하기 좋은 곳 나들이하기 좋은 곳,https://blog.naver.com/blueisky12/223072530890
2023-04-12,"[Genie 부동산 실무 강의] 기사 스크랩 과제20230412(요양부지 쉽지 않네…신한라이프, 부동산 컨설팅'노크' (아이뉴스24))",https://blog.naver.com/bum4761/223072432068
2023-04-12,성수동 데이트 코스 파스타 맛집 아니마토,https://blog.naver.com/song_tamin/223072351445
2023-04-12,,https://blog.naver.com/ggomi_tour
2023-04-12,[서울 여행] 성수동 가볼만한곳 서울숲 놀거리 데이트 코스 추천,https://blog.naver.com/ggomi_tour/223072312660
2023-04-12,,https://blog.naver.com/bizzang7979
2023-04-12,주말 나들이 & 봄 나들이 갈만한 곳 리스트,https://blog.naver.com/bizzang7979/223072306061
2023-04-12,,https://blog.naver.com/y8607
2023-04-12,서울 벚꽃 명소 베스트 10 2023 추천(https://untilsmil.kdo1.kr/185 공유),https://blog.naver.com/y8607/223072249796
2023-04-12,,https://blog.naver.com/fashionmisp
2023-04-12,[캐릭터 트렌드] 요즘 HOT한 캐릭터! 한눈에 파악하기 (마케팅을 곁들인...),https://blog.naver.com/fashionmisp/223072216365
2023-04-12,,https://blog.naver.com/kjtwo21
2023-04-12,"성수동 핫플, 할아버지공장 성수, 창고형 대형카페",https://blog.naver.com/kjtwo21/223071833546
2023-04-12,,https://blog.naver.com/isoohyun4000
2023-04-12,[수현 연애가이드] 감성과 개성이 함께하는 MZ들의 '힙'플레이스_성수동 데이트코스,https://blog.naver.com/isoohyun4000/223072120401
2023-04-12,,https://blog.naver.com/ikh5418
2023-04-12,서울 바베큐파티룸 캠핑파티룸은 옥탑방성수로!,https://blog.naver.com/ikh5418/223072086660
2023-04-12,,https://blog.naver.com/letam_
2023-04-12,[4-1일상] 그냥 일기!,https://blog.naver.com/letam_/223072011548
2023-04-12,[서울 튤립 명소] 성수동 지금 가야 하는 곳,https://blog.naver.com/cinnabar0/223071988655
2023-04-12,뚝섬역 성수동 서울숲 거울연못 튤립 개화시기,https://blog.naver.com/lee8497q/223071965683
2023-04-13,서울숲 튤립만발 봄꽃구경 야외나들이하며 사진찍기 좋은곳 서울 피크닉 장소 위치,https://blog.naver.com/yesun81/223073961561
2023-04-13,,https://blog.naver.com/cndkf00
2023-04-13,뻔하지 않는 도쿄여행 추천코스 (키요스미시라카와 편),https://blog.naver.com/cndkf00/223073889256
2023-04-13,,https://blog.naver.com/namstarblog
2023-04-13,삼표 레미콘공장 첨단업무지구 변신! 성수동 꼬마빌딩 고점은 어딜까? (+서울숲 아틀리에길 현장),https://blog.naver.com/namstarblog/223073779458
2023-04-13,,https://blog.naver.com/hafen
2023-04-13,"강남 되는 강북 부동산은 정해져 있다 (2022, 엄재웅(서경파파)) / 2023-011",https://blog.naver.com/hafen/223073766772
2023-04-13,,https://blog.naver.com/7sujinpark
2023-04-13,"[국내여행] 겨울 제주도 가족여행 2일차 ❤️ 서머셋 제주신화월드콘도, 새코롬, 제주 애월카페거리 다운타우너 , 봄날 카페 그리고 카멜리아힐",https://blog.naver.com/7sujinpark/223073728027
2023-04-13,,https://blog.naver.com/newgarden74
2023-04-13,"✈︎대만-타이베이 [여행일정|밥집|간단후기] Day3, 4 :: 딘타이펑, 단수이, MRT 타고 공항가기, 타오위안공항 라운지",https://blog.naver.com/newgarden74/223073692112
2023-04-13,,https://blog.naver.com/ljy0911
2023-04-13,성수동 놀거리 4번출구 연무장길 가볼만한 곳,https://blog.naver.com/ljy0911/223073683018
2023-04-13,,https://blog.naver.com/memories_of_mj
2023-04-13,"미놀타 X-700 필름 카메라 & 코닥 포트라 800 필름, 1탄 겨울에 부산 여행 일몰은 언제나 사랑이야",https://blog.naver.com/memories_of_mj/223073653796
2023-04-13,,https://blog.naver.com/happyejay
2023-04-13,독서노트 23_3 부동산 트렌드 2023,https://blog.naver.com/happyejay/223073533564
2023-04-13,,https://blog.naver.com/rnldudnspig
2023-04-13,"[성수동 데이트] 서울숲 4월 튤립개화(feat. 튤립명소, 튤립개화시기, 서울숲튤립위치, 서울숲 벚꽃개화)",https://blog.naver.com/rnldudnspig/223073180531
2023-04-13,,https://blog.naver.com/joy91-
2023-04-13,대만 여행) 타이베이 여행 코스 4일차 - 융캉제투어 / 라뜰리에루터스 / 스무시하우스 / 아크테릭스 / 중정기념당 / 화산1914 타이베이101 / 닝샤야시장,https://blog.naver.com/joy91-/223073176643
2023-04-13,,https://blog.naver.com/realtor_ahn
2023-04-13,"[성수동 기록] 성수동 공장을 개조한 새롭게 떠오르는 성수동의 핫플레이스(LG스타일러 오브제컬렉션 슈케이스X마뗑킴 콜라보레이션 , 밀리언 아카이브 등)",https://blog.naver.com/realtor_ahn/223073140893
2023-04-13,,https://blog.naver.com/10billion_rich
2023-04-13,[입지 분석] - 성동구 성수동(feat. 내가 성동구 대장이야!!!),https://blog.naver.com/10billion_rich/223072920177
2023-04-13,성수동 데이트 서울숲 튤립 놀거리 서울숲길 사슴 위치,https://blog.naver.com/hloveh01/223072428483
2023-04-14,4월 서울 꽃구경 서울숲 튤립 성수동 서울숲 데이트 놀거리 찾아가는 길,https://blog.naver.com/maum0577/223075046696
2023-04-14,,https://blog.naver.com/rhdwn3066
2023-04-14,성수동 퓨전 맛집 핫플레이스 [명당] 웨이팅은 기본!,https://blog.naver.com/rhdwn3066/223074999170
2023-04-14,,https://blog.naver.com/ju_ongeul
2023-04-14,"[튤립 명소 총정리] 서울, 전라도, 충청도, 경상도 튤립 스팟",https://blog.naver.com/ju_ongeul/223074727279
2023-04-14,,https://blog.naver.com/teemogogo
2023-04-14,성수동 데이트 코스 남편이 감탄한 타코 튜즈데이 맛과 맥주 메뉴 가격,https://blog.naver.com/teemogogo/223074956532
2023-04-14,성수동레스토랑 성수역파스타 투파인드피터,https://blog.naver.com/vudod1/223074521017
2023-04-14,,https://blog.naver.com/jieeeuni
2023-04-14,"4월 서울 가볼만한 곳 - 서울숲 튤립 명소 (+물놀이터, 수변쉼터, 가족마당)",https://blog.naver.com/jieeeuni/223074676084
2023-04-14,,https://blog.naver.com/chaechae1205
2023-04-14,서울 성동구 입지분석 & 현장임장,https://blog.naver.com/chaechae1205/223074620724
2023-04-14,,https://blog.naver.com/e1uva3jcze
2023-04-14,성수동 맛집 데이트하기 좋은 성수역와인바 성수로운,https://blog.naver.com/e1uva3jcze/223074557797
2023-04-14,,https://blog.naver.com/duwhz1226
2023-04-14,"[성수동 와인바] 밤의, 와인 테라스 서울숲 - 숨겨진 명소 발견",https://blog.naver.com/duwhz1226/223074538562
2023-04-14,성수동 서울숲 튤립 수선화 봄꽃 구경 주말 나들이,https://blog.naver.com/sstat3073/223074521006
2023-04-14,,https://blog.naver.com/winj24
2023-04-14,[부동산정책]'성수동2가'에 국제공모 선정된 혁신 디자인 업무시설 들어선다,https://blog.naver.com/winj24/223074257809
2023-04-14,,https://blog.naver.com/twinkle_mom24
2023-04-14,"[서울숲] 튤립 정원, 꽃사슴방사장(위치, 가는법), 주차장 정보_아기랑 갈만한 곳, 데이트 추천 장소",https://blog.naver.com/twinkle_mom24/223074233141
2023-04-14,,https://blog.naver.com/yumddanglife
2023-04-14,[종로3가역맛집] 이경문순대곱창 술안주로 곱창전골 어때요? +디저트 익선주택 홍콩와플/ 익선동 데이트코스 추천,https://blog.naver.com/yumddanglife/223074172596
2023-04-15,,https://blog.naver.com/yyjj9003
2023-04-15,성수동/ 서울숲 벚꽃/ 피크닉 데이트/ 벚꽃 명소,https://blog.naver.com/yyjj9003/223075793607
2023-04-15,,https://blog.naver.com/jikkonara
2023-04-15,서울숲 튤립꽃 명소 알록달록 너무예뻐요 주말 꽃구경 봄 나들이 다녀오세요,https://blog.naver.com/jikkonara/223075715115
2023-04-15,"[성수 카페 추천] 단일서울 - 숨어 있는 커피 맛집, 서울숲 벚꽃",https://blog.naver.com/lemonlime2/223075663945
2023-04-15,,https://blog.naver.com/09grace09
2023-04-15,2040 서울도시기본계획 생활권계획을 파헤쳐보자!,https://blog.naver.com/09grace09/223075661503
2023-04-15,,https://blog.naver.com/onlyoungs
2023-04-15,서울숲 튤립 개화 상황 + 포토존 위치 서울숲 피크닉 주차 꿀팁,https://blog.naver.com/onlyoungs/223075650549
2023-04-15,서울숲 튤립 4월 꽃축제 피크닉 데이트 인생샷 맛집,https://blog.naver.com/jiah007/223075533316
2023-04-15,,https://blog.naver.com/finerim
2023-04-15,성수동 데이트코스 & 파스타 맛집 캐주얼 다이닝 아니마토,https://blog.naver.com/finerim/223075514688
2023-04-15,,https://blog.naver.com/yeseu1e_
2023-04-15,"2024 서울숲 튤립 개화시기 주변 카페, 맛집 추천",https://blog.naver.com/yeseu1e_/223075413698
2023-04-15,,https://blog.naver.com/ondo36
2023-04-15,노상의 계절 ! 노포 느낌 성수 야장리스트 3 (각 스팟 추천 메뉴 + 번외 장소1),https://blog.naver.com/ondo36/223075370046
2023-04-15,,https://blog.naver.com/psj38541
2023-04-15,성수동 백이의 뚝섬 데이트 코스 루프탑 맥주 마시기!,https://blog.naver.com/psj38541/223075363282
2023-04-15,,https://blog.naver.com/predog1103
2023-04-15,서울 4월 꽃구경 나들이 데이트하기 좋은곳 서울숲 튤립 실시간 개화 현황 위치,https://blog.naver.com/predog1103/223075259541
2023-04-15,,https://blog.naver.com/55seongsu
2023-04-15,역사 속으로 사라지는 성수동 이마트 그리고 데이비드 치퍼필드,https://blog.naver.com/55seongsu/223072112227
2023-04-16,,https://blog.naver.com/gamja_diary
2023-04-16,성수 나들이❣️ 가볼만한 카페와 소품샵,https://blog.naver.com/gamja_diary/223076528418
2023-04-16,성수동 놀거리 - 복합문화공간 LCDC SEOUL 서울,https://blog.naver.com/sabina0407/223076513426
2023-04-16,,https://blog.naver.com/mrr_jang
2023-04-16,서울숲 튤립 거울연못 꽃사슴 테마공원 가족 데이트하기 좋은 곳 (가는길 안내),https://blog.naver.com/mrr_jang/223076351164
2023-04-16,,https://blog.naver.com/writer19
2023-04-16,데이트하기 좋은 서울숲 식당 : 성수동 초밥 맛집 '스시도쿠 더성수',https://blog.naver.com/writer19/223076336244
2023-04-16,,https://blog.naver.com/ninano_shin
2023-04-16,성수미용실 베이바이허슬기 서울숲 베이지브라운 염색맛집!!수석디자이너 은혜쌤,https://blog.naver.com/ninano_shin/223076326500
2023-04-16,성수동 데이트 코스 추천 피카워크샵 카페 - 모세의 부엌 생활용품 소품샵- 서울숲 공원 - 부르클린버거 - 대림창고 카페,https://blog.naver.com/or____________/223076305624
2023-04-16,,https://blog.naver.com/nowonly__
2023-04-16,4월 셋째주,https://blog.naver.com/nowonly__/223076222161
2023-04-16,,https://blog.naver.com/liferature
2023-04-16,23‘ 04 • 벚꽃에서 성수동까지,https://blog.naver.com/liferature/223076172669
2023-04-16,성동구 응봉역 근처 용비쉼터에서 만나는 튤립 이정도면 축제 아닌가?,https://blog.naver.com/0307khy/223076120719
2023-04-16,,https://blog.naver.com/chuu2223
2023-04-16,맛따라 멋따라 - 명륜포차 편 1부,https://blog.naver.com/chuu2223/223076118619
2023-04-16,,https://blog.naver.com/tattoo5757
2023-04-16,성수동 카페 추천 데이트 장소로 좋은 브레디포스트 성수,https://blog.naver.com/tattoo5757/223076114711
2023-04-16,,https://blog.naver.com/jinjini7
2023-04-16,"서울 놀거리, 서울숲 성수동 튤립 개화 상황 (위치, 주차장)",https://blog.naver.com/jinjini7/223076113785
2023-04-16,,https://blog.naver.com/dim_life
2023-04-16,성수 키덜트 소품 카페 [에이드티],https://blog.naver.com/dim_life/223076099047
2023-04-16,,https://blog.naver.com/leesongblog
2023-04-16,"[리송 아카이브] K-POP과 지역경제, 게임과 영화의 동행",https://blog.naver.com/leesongblog/223076014012
2023-04-16,,https://blog.naver.com/windbeach
2023-04-16,서울숲 튤립 위치 봄꽃 명소 4월 주말 가볼 만한 곳 겹벚꽃 수선화 양귀비 서양 제비꽃까지 만발~,https://blog.naver.com/windbeach/223075447693
2023-04-16,성수동 서울숲 튤립 놀거리 데이트 서울숲길 핫플,https://blog.naver.com/jbm993/223075883918
2023-04-16,,https://blog.naver.com/gruvboogi
2023-04-16,성수동 핫 플레이스 브런치 카페 할아버지 공장,https://blog.naver.com/gruvboogi/223075873568
2023-04-17,,https://blog.naver.com/english_jam
2023-04-17,스타필드 수원 : 이르면 올해 말 개장,https://blog.naver.com/english_jam/223077664563
2023-04-17,,https://blog.naver.com/mingjin1004
2023-04-17,"성수 뚝섬 데이트 코스 추천 | 토로토로세라믹스튜디오, 팝업스토어[취], 와인바 노우노우바운즈",https://blog.naver.com/mingjin1004/223077589523
2023-04-17,성수 카누하우스 팝업스토어 가성비 데이트코스 방문후기,https://blog.naver.com/mingzkim76/223077393738
2023-04-17,,https://blog.naver.com/so_unnie
2023-04-17,성수역술집 다양한 전통주 이자카야 다모토리혼,https://blog.naver.com/so_unnie/223077350710
2023-04-17,,https://blog.naver.com/hjg2828
2023-04-17,"[어린이대공원] 더 늦기전에 올려보는 서울 봄 벚꽃 코스(그리네 본점, 김승현스시, 인생닭강정, 크리스탈드래곤, 송정제방길)",https://blog.naver.com/hjg2828/223077336496
2023-04-17,,https://blog.naver.com/waiwana
2023-04-17,[서울숲] 봄의 서울숲에는 벚꽃도 있고 튤립도 있고~서울숲에 튤립 보러 가세요! feat. 존 윅 챌린지,https://blog.naver.com/waiwana/223077218824
2023-04-17,,https://blog.naver.com/plaion_kr
2023-04-17,[Dead Island 2] 웰컴투헬에이- 데드 아일랜드 2 정식 출시,https://blog.naver.com/plaion_kr/223077157041
2023-04-17,"2023. 4월 둘째주 2인가족, 신혼부부 [주간밥상]",https://blog.naver.com/daily_jjo/223076915976
2023-04-17,,https://blog.naver.com/siennacutedaily
2023-04-17,"핫플 추천 성수동 나들이, 29성수 4월의 테마 <GIFT OF WORDS> 선물의 달 5월 29CM성수 추천",https://blog.naver.com/siennacutedaily/223076869543
2023-04-17,,https://blog.naver.com/hansbae
2023-04-17,은퇴하면 할 일/숲이 그린 집/기차여행/부부화가/큰고니 백조/국제관광전 사전등록,https://blog.naver.com/hansbae/223076808529
2023-04-17,,https://blog.naver.com/rainbow244
2023-04-17,서울숲맛집 성수동데이트장소 추천 쎄콩데라이브에서 피크닉세트 픽업했어요.,https://blog.naver.com/rainbow244/223076555565
2023-04-17,,https://blog.naver.com/cjs90824
2023-04-17,성수디저트 카페 성수동데이트 코스로 좋은 성수정원,https://blog.naver.com/cjs90824/223076713873
2023-04-17,,https://blog.naver.com/cyan490
2023-04-17,"돌아온 외국인관광객, ‘K팝 성지’ 쇼핑몰-뮤비촬영지에 꽂히다(모신 글)",https://blog.naver.com/cyan490/223076660239
2023-04-18,,https://blog.naver.com/satgotnim
2023-04-18,성수동 서울숲 튤립 개화 상황 서울 꽃구경 명소,https://blog.naver.com/satgotnim/223078727689
2023-04-18,,https://blog.naver.com/stepj1
2023-04-18,서울숲 튤립공원 2023 봄,https://blog.naver.com/stepj1/223078700915
2023-04-18,,https://blog.naver.com/boak0627
2023-04-18,부산 시민공원 푸르지오 모델하우스 분양 소식(오피스텔 상가),https://blog.naver.com/boak0627/223078687324
2023-04-18,,https://blog.naver.com/lovely_pinkpig
2023-04-18,서울숲 볼거리 서울숲 데이트 서울숲 튤립 위치 튤립 군락지 모퉁이 정원 거울 연못 조각 정원,https://blog.naver.com/lovely_pinkpig/223078674716
2023-04-18,,https://blog.naver.com/0915000
2023-04-18,서우우울,https://blog.naver.com/0915000/223078653864
2023-04-18,,https://blog.naver.com/haru_2_1
2023-04-18,"서울숲 맛집 미테이블, 주말 데이트 즐기기에 완벽해요",https://blog.naver.com/haru_2_1/223078560734
2023-04-18,,https://blog.naver.com/pore0712
2023-04-18,4월 이것은 출장인가 소풍인가,https://blog.naver.com/pore0712/223078529600
2023-04-18,,https://blog.naver.com/thisthat7
2023-04-18,23년 봄날 기록해보아요,https://blog.naver.com/thisthat7/223078474073
2023-04-18,,https://blog.naver.com/dlwjd420
2023-04-18,[서울] 성수동 서울숲 튤립축제 튤립명소,https://blog.naver.com/dlwjd420/223078314960
2023-04-18,,https://blog.naver.com/ggpp111
2023-04-18,봄보롬봄봄봉,https://blog.naver.com/ggpp111/223078067894
2023-04-18,,https://blog.naver.com/arasi56
2023-04-18,서울숲 튤립 꽃놀이 멈추지마!! 서울숲 피크닉,https://blog.naver.com/arasi56/223077802059
2023-04-18,,https://blog.naver.com/flacondeneige
2023-04-18,[스터디] 데일리 스크랩 | 스타필드 수원 올해 말 개장 예정,https://blog.naver.com/flacondeneige/223077943972
2023-04-18,,https://blog.naver.com/good13mam
2023-04-18,"남아프리카공화국에서 온 벤자민,벤자민이 사랑하는 서울의 달리기",https://blog.naver.com/good13mam/223077930800
2023-04-18,,https://blog.naver.com/cool9721
2023-04-18,서울 방방곡곡 숨겨진 보물 같은 산책 스폿,https://blog.naver.com/cool9721/223077923955
2023-04-18,서울 숲 공원 꽃향기 날리는 알록달록한 세상 튤립 꽃길 데이트,https://blog.naver.com/junsnet/223077670569
2023-04-18,서울숲 튤립 4/17 개화 상황 서울숲길 튤립명소 위치 거울연못,https://blog.naver.com/sexysharon/223077775434
2023-04-18,,https://blog.naver.com/b_e_alright
2023-04-18,[뚝섬/성수] 서울 비프웰링턴맛집 “콩카세” 감성 데이트코스로 추천,https://blog.naver.com/b_e_alright/223077837933
2023-04-19,,https://blog.naver.com/hyeniuu
2023-04-19,벚~꽃가루를 날려,https://blog.naver.com/hyeniuu/223079695904
2023-04-19,,https://blog.naver.com/melodytravel
2023-04-19,서울숲 주차장 주차 요금 및 시민참여정원,https://blog.naver.com/melodytravel/223079661459
2023-04-19,,https://blog.naver.com/ingyu_park
2023-04-19,성수동 브런치카페 해외여행 분위기 명소,https://blog.naver.com/ingyu_park/223079593505
2023-04-19,,https://blog.naver.com/goyozz
2023-04-19,3월 일상 모음집,https://blog.naver.com/goyozz/223079573435
2023-04-19,,https://blog.naver.com/didwls68
2023-04-19,[스케줄 성수] 성수동 맛집 데이트 코스 분위기 좋은 레스토랑,https://blog.naver.com/didwls68/223069254605
2023-04-19,,https://blog.naver.com/dumbo_flying
2023-04-19,압구정도 드디어,https://blog.naver.com/dumbo_flying/223079370348
2023-04-19,,https://blog.naver.com/yoo-my0515
2023-04-19,"왜, 성수동 지식산업센터인가? / 분양중인 【파브릭 드 모네 성수 지식산업센터】 파헤치기",https://blog.naver.com/yoo-my0515/223079229965
2023-04-19,,https://blog.naver.com/yeon_s_uuu
2023-04-19,혼여행에 최적화인 도시는 리스본이 아닐까? 1편(로다몬호스텔/아주다궁/문어밥),https://blog.naver.com/yeon_s_uuu/223079199236
2023-04-19,압구정 아파트 재건축...최고 49층으로 지어진다는,https://blog.naver.com/edwardy/223079152655
2023-04-19,,https://blog.naver.com/goun007
2023-04-19,서울 캠핑파티룸 옥탑방성수에서 쉰나게 즐겨보자,https://blog.naver.com/goun007/223079113092
2023-04-19,,https://blog.naver.com/bonuseoul
2023-04-19,신통기획 압구정아파트 준주거지역 상향 받고 49층 이상 날까,https://blog.naver.com/bonuseoul/223078790961
2023-04-19,서울 빵지순례 맛있는 빵집 성수동 핫플 후후베이크,https://blog.naver.com/yesun81/223078762902
2023-04-19,,https://blog.naver.com/mnbv1-
2023-04-19,서울 핫플 튤립 명소 서울숲 방문후기(튤립위치 및 주차),https://blog.naver.com/mnbv1-/223078777549
2023-04-19,,https://blog.naver.com/spzhxhvldk
2023-04-19,봄 성수동 서울숲 튤립 명소 4월 꽃구경 사진 꿀팁 나들이 데이트 주차,https://blog.naver.com/spzhxhvldk/223078739281
2023-04-20,,https://blog.naver.com/daycollector
2023-04-20,서울 4월 꽃구경 : 서울숲을 꽉채운 튤립과 함께한 산책,https://blog.naver.com/daycollector/223080684382
2023-04-20,성수동 지식산업센터 인근 1층 상가/상권의 변화(프랜차이즈는 진입장벽이 가장 중요),https://blog.naver.com/rcntk/223080666042
2023-04-20,,https://blog.naver.com/dophilo
2023-04-20,~23년 3월 먹고 놀았떤 것들에 관하여~,https://blog.naver.com/dophilo/223080615427
2023-04-20,,https://blog.naver.com/sso965
2023-04-20,성수동 서울숲 튤립 4월 봄꽃 구경,https://blog.naver.com/sso965/223080604893
2023-04-20,,https://blog.naver.com/hhm9221
2023-04-20,본격적인 농놀,https://blog.naver.com/hhm9221/223080544487
2023-04-20,,https://blog.naver.com/lilac__29
2023-04-20,"분위기 좋은 성수동 데이트 코스, 성수동 파스타 맛집 아니마토 방문후기",https://blog.naver.com/lilac__29/223080518533
2023-04-20,,https://blog.naver.com/dbssnfl0225
2023-04-20,[서울/성수동] 서울숲 튤립 현황,https://blog.naver.com/dbssnfl0225/223080495424
2023-04-20,,https://blog.naver.com/thisisgame
2023-04-20,"한국에 찾아온 HELL-A, '데드 아일랜드 2' 팝업스토어",https://blog.naver.com/thisisgame/223729557358
2023-04-20,,https://blog.naver.com/lsh3172
2023-04-20,성수동 카페 화이트글래스 편안한 대형카페 베이커리 맛집,https://blog.naver.com/lsh3172/223079841012
2023-04-20,,https://blog.naver.com/jhj8637
2023-04-20,오카야마현 구라시키 여행: 구라시키 미관지구,https://blog.naver.com/jhj8637/223039944778
2023-04-20,,https://blog.naver.com/gpwls5718
2023-04-20,[성수동 데이트]서울숲 튤립공원 피크닉!,https://blog.naver.com/gpwls5718/223080291002
2023-04-20,,https://blog.naver.com/bdschamp
2023-04-20,"잇따른 의류상가 폐점, 패션 1번지 동대문의 위기",https://blog.naver.com/bdschamp/223080090711
2023-04-20,,https://blog.naver.com/sk_shieldus
2023-04-20,"서울 나들이 가볼만한 곳/ 서울숲, 경의선숲길, 여의도한강공원, 동대문 청계천/ 주차 할인권, 주차장",https://blog.naver.com/sk_shieldus/223079463861
2023-04-20,미국 샌프란시스코 히피문화 여행 거리 LP레코드샵 헤이트 애쉬버리 아메바 뮤직 Haight Ashbury Amoeba Music,https://blog.naver.com/lee8497q/223079976232
2023-04-20,,https://blog.naver.com/ozec-i7dv31lyk6d71
2023-04-20,2023년04월20일 전국 법인사업자 디비 653건,https://blog.naver.com/ozec-i7dv31lyk6d71/223079952178
2023-04-20,,https://blog.naver.com/iyeojeong
2023-04-20,성동구 송정동 카페데이트 #브런치카페 탱탱볼 카페테리아 #송정아트 #벚꽃길 송정커피 #스페셜티 로우키 #리커버리커피바 #비건빵 소보리 베이커리 #무경계 #송정국수 #도자기원데이,https://blog.naver.com/iyeojeong/223079895692
2023-04-20,,https://blog.naver.com/junhobigman
2023-04-20,"수원 산책하기 : 경희대 벚꽃길, 화성행궁 성곽길 행리단길",https://blog.naver.com/junhobigman/223079885512
2023-04-20,,https://blog.naver.com/prim57r
2023-04-20,압구정 재건축 아파트 49층 유력 신통기획안 총정리,https://blog.naver.com/prim57r/223079821478
2023-04-21,,https://blog.naver.com/simkoongmom
2023-04-21,"서울어린이대공원, 성수RSG카페 나들이 / 3개월 아기와 가볼만한 곳, 서울 벚꽃명소",https://blog.naver.com/simkoongmom/223081697576
2023-04-21,,https://blog.naver.com/kyg06240
2023-04-21,성수동 서울숲 튤립 꽃밭 - 봄나들이 명소,https://blog.naver.com/kyg06240/223081578231
2023-04-21,성수 실내 데이트 놀거리 쏘나타 디 엣지 미디어아트 전시 음료 무료 후기,https://blog.naver.com/teemogogo/223081542433
2023-04-21,,https://blog.naver.com/rkzlni
2023-04-21,[4월] 벚꽃엔딩,https://blog.naver.com/rkzlni/223081482738
2023-04-21,,https://blog.naver.com/gameabout12
2023-04-21,"좀비, 고어, 헬에이 그리고 펄프, 극강의 하드코어 호러 데드 아일랜드2 출시",https://blog.naver.com/gameabout12/223752633836
2023-04-21,,https://blog.naver.com/coridor
2023-04-21,벚꽃이 아쉽다면 튤립이 기다려요. 서울튤립맛집 서울숲,https://blog.naver.com/coridor/223081133845
2023-04-21,,https://blog.naver.com/jta0119
2023-04-21,"반려견과 제주여행, 탐나오와 함께 떠나는 애견동반 제주여행!",https://blog.naver.com/jta0119/223081119246
2023-04-21,,https://blog.naver.com/moolpass77
2023-04-21,부산 시민공원 푸르지오 오피스텔 공급정보,https://blog.naver.com/moolpass77/223081096691
2023-04-21,,https://blog.naver.com/sinyboy
2023-04-21,[데드 아일랜드 2] 4월 21일 정식 출시,https://blog.naver.com/sinyboy/223081011615
2023-04-22,서울숲 와인바 원앤하프 분위기 좋은 성수동데이트 코스,https://blog.naver.com/kmk96/223082492645
2023-04-22,,https://blog.naver.com/akdakd33
2023-04-22,서울 피크닉 명소 추천! [서울숲] 연못 앞에 앉아 즐기는 봄피크닉 명당 후기+4월 22일 튤립 현황,https://blog.naver.com/akdakd33/223082467793
2023-04-22,,https://blog.naver.com/01697722838
2023-04-22,"성수 카페) 고양이를 좋아한다면 카야네 카페, 데이트 코스 추천!!",https://blog.naver.com/01697722838/223082461238
2023-04-22,,https://blog.naver.com/happyjuju2021
2023-04-22,성수동 데이트코스 추천! 분위기 좋은 성수동바 모어 More,https://blog.naver.com/happyjuju2021/223082455762
2023-04-22,,https://blog.naver.com/kkj8088
2023-04-22,"서울 가볼만한 곳 성수동 서울숲 튜울립 꽃밭, 피크닉과 데이트 장소로 좋아요",https://blog.naver.com/kkj8088/223082444069
2023-04-22,,https://blog.naver.com/topjoys
2023-04-22,젠트리피케이션 뜻 원인 해결방안 (feat. 백종원),https://blog.naver.com/topjoys/223082342068
2023-04-22,,https://blog.naver.com/jumsuk0521
2023-04-22,서울숲튤립축제후기 성수동 갤러리아포레 보테가마지오뷔페후기 샌드카베 치즈케익 로와이드,https://blog.naver.com/jumsuk0521/223082237515
2023-04-22,,https://blog.naver.com/dodomom-love
2023-04-22,성수동서울숲튤립축제 4월꽃구경 서울가볼만한곳 나들이명소 서울숲대중교통/서울숲주차,https://blog.naver.com/dodomom-love/223081986632
2023-04-22,,https://blog.naver.com/32claudia
2023-04-22,"골목여행, 지역여행에 가치를 더하는 성수동 사계절공정여행",https://blog.naver.com/32claudia/223081753934
2023-04-23,,https://blog.naver.com/nusnos1
2023-04-23,성수동 크리스찬디올 매장,https://blog.naver.com/nusnos1/223083097954
2023-04-23,,https://blog.naver.com/juutoland
2023-04-23,"압구정 아파트 재건축, 초고층 개발 가능해지나",https://blog.naver.com/juutoland/223082913669
2023-04-23,,https://blog.naver.com/sunal0812
2023-04-23,서울롤러스 성수동 맛집 명소 베이커리카페 롤러스 맛있는 빵집,https://blog.naver.com/sunal0812/223082992615
2023-04-23,,https://blog.naver.com/youngha4255
2023-04-23,"광주 광잔구 첨단지구 아크레타 카페 커피숍 데이트코스 도넛 맛집 (웻커피+웻도넛, wet coffee + wet donut)",https://blog.naver.com/youngha4255/223082974031
2023-04-23,서울 데이트 가볼만한곳 성수동 서울숲 튤립 사슴 위치 피크닉 장소 텐트,https://blog.naver.com/amyangela/223082915522
2023-04-23,[서울/성수] 서울숲 튤립 : 서울튤립명소! 피크닉 데이트 추천!,https://blog.naver.com/hellomini486/223082829169
2023-04-23,성수역 디저트 맛집 골목에 숨어있는 내공있는 디저트 전문점 소소한가게,https://blog.naver.com/yjhd2020/223082703169
2023-04-23,,https://blog.naver.com/happyleem12
2023-04-23,"성수동 데이트: 서울숲 튤립 현황, 꿀벌정원, 튤립 명소 추천, 서울숲의 모든 것!",https://blog.naver.com/happyleem12/223082687686
2023-04-23,카누하우스 서울숲 나들이 성수 팝업스토어 루프탑 테이트코스,https://blog.naver.com/qhanfdbfla/223082685806
2023-04-23,,https://blog.naver.com/yeoleum_summer
2023-04-23,"[봄 스냅] 성수동 벚꽃스냅 (2023, digital)",https://blog.naver.com/yeoleum_summer/223081043752
2023-04-23,"[성수동 핫플레이스] 서울숲 봄의 꽃 튤립 포토존 & 추천 피크닉 장소, 개화상황/주차장",https://blog.naver.com/afterglow_rana/223082605621
2023-04-23,,https://blog.naver.com/jjun8546
2023-04-23,서울 숲 더 스페이스 지식산업센터,https://blog.naver.com/jjun8546/223082603237
2023-04-23,서울 봄나들이 서울숲튤립 서울숲사슴 친정부모님 모시고 피크닉,https://blog.naver.com/youliyan/223082506721
2023-04-24,,https://blog.naver.com/dyagom
2023-04-24,수원 행궁동 행리단길 카페 스콘 맛집 허스트커피,https://blog.naver.com/dyagom/223084133737
2023-04-24,,https://blog.naver.com/sparkle_moment
2023-04-24,LCDC 성수 소품샵 추천 - 성수 놀거리로 추천하는 소품샵과 편집샵 후기,https://blog.naver.com/sparkle_moment/223084066861
2023-04-24,,https://blog.naver.com/rlfrud3017
2023-04-24,[가은] LONG TIME NO SEE,https://blog.naver.com/rlfrud3017/223083728117
2023-04-24,,https://blog.naver.com/kimkuuuwaakssi
2023-04-24,벚꽃은 가고 겹벚꽃 어서 오고~ 튤립도 어서 오고~,https://blog.naver.com/kimkuuuwaakssi/223083686987
2023-04-24,,https://blog.naver.com/ss_hyeon2
2023-04-24,서울숲 튤립 나들이,https://blog.naver.com/ss_hyeon2/223083626146
2023-04-24,,https://blog.naver.com/vitaforuns
2023-04-24,서울숲 바람의 언덕 벚꽃길 구경하던 봄날 데이트,https://blog.naver.com/vitaforuns/223083599709
2023-04-24,,https://blog.naver.com/warypd
2023-04-24,성수 뚝 다이닝 솔직리뷰 : 돈쭐내러 왔습니다2 이영자 맛집 꼭 가보세요,https://blog.naver.com/warypd/223083117253
2023-04-24,,https://blog.naver.com/iamrjw
2023-04-24,"난 4월이 제일 좋더라 양재시민의 숲 여의교, 정자동 온가에시, 송계옥 성수점, 나탈리 카르푸셴코 사진전",https://blog.naver.com/iamrjw/223083423308
2023-04-24,,https://blog.naver.com/saengmi03
2023-04-24,서울여행 성수동나들이 서울숲튤립명소 가는길 사람많음 주의 튤립많음 주의,https://blog.naver.com/saengmi03/223083344088
2023-04-24,,https://blog.naver.com/doityourself1
2023-04-24,나만의 단단한 세계관 만들기 #<하나부터 열까지 신경쓸게 너무많은 브랜딩> #박지현,https://blog.naver.com/doityourself1/223083329285
2023-04-24,,https://blog.naver.com/summit1405
2023-04-24,"군산여행, 소멸위험지역과 인구감소 그리고 도시재생에 대해 생각해봄",https://blog.naver.com/summit1405/223083176106
2023-04-25,,https://blog.naver.com/timerichday
2023-04-25,지드래곤 집 옆 골목 인생샷 명소 성수동 데이트 추천 여기 어때요? 팝업하우스 카누하우스,https://blog.naver.com/timerichday/223085091932
2023-04-25,,https://blog.naver.com/eileen7727
2023-04-25,"성동구, SM타운 투어로 고향사랑기부제 활성화",https://blog.naver.com/eileen7727/223085092026
2023-04-25,제주 서귀포 가볼만한곳 5월 제주도 여행코스 추천,https://blog.naver.com/minekooo/223085070017
2023-04-25,,https://blog.naver.com/wlgofkd
2023-04-25,#부산1_2023,https://blog.naver.com/wlgofkd/223085057711
2023-04-25,뚝섬역 카페 칠리커피 성수동 커피맛집 가볼만한곳,https://blog.naver.com/yesun81/223085034497
2023-04-25,,https://blog.naver.com/manggo1005
2023-04-25,아유타야 투어 강추! 방파인 여름 별장 + 왓마하탓 + 썸머 컴퍼니 까페,https://blog.naver.com/manggo1005/223084767826
2023-04-25,성수동 카페거리 핫플 힙한 카페 러프러프 데이트 코스 주차팁,https://blog.naver.com/linda603/223084769634
2023-04-25,"성수동 서울숲 놀거리,데이트 하기 좋은 튤립 위치!(ft.핫플)",https://blog.naver.com/whtmdwo13/223084834605
2023-04-25,,https://blog.naver.com/richhuub1
2023-04-25,다 없어졌다 ‘○○길’…그런데 성수동은? ‘살아남을까’,https://blog.naver.com/richhuub1/223084741511
2023-04-25,,https://blog.naver.com/merrykjj
2023-04-25,계절의 여왕 5월: 서울 최고의 데이트장소 10곳 추천!,https://blog.naver.com/merrykjj/223084577463
2023-04-25,,https://blog.naver.com/lllooolll4556
2023-04-25,성동구 SM타운 투어로 고향사랑기부제 활성화,https://blog.naver.com/lllooolll4556/223084561322
2023-04-25,,https://blog.naver.com/wjhs2810
2023-04-25,[라부슈뒤루아/송정동] 베이커리 카페 빵 맛집 성수동 가수 SES 바다 남편 카페,https://blog.naver.com/wjhs2810/223082998844
2023-04-25,,https://blog.naver.com/ddani_tour
2023-04-25,서울 튤립명소 *서울숲 튤립정원*(23.04.16 방문),https://blog.naver.com/ddani_tour/223084408054
2023-04-25,,https://blog.naver.com/yoo_hanna
2023-04-25,서울숲 튤립 위치 성수동 봄데이트 장소 추천,https://blog.naver.com/yoo_hanna/223084319870
2023-04-26,,https://blog.naver.com/hyunsun1026
2023-04-26,성수동맛집 진작다이닝 데이트코스로 추천드려요!!,https://blog.naver.com/hyunsun1026/223086114197
2023-04-26,,https://blog.naver.com/jjun8620
2023-04-26,서울숲 스페이스 지식산업센터,https://blog.naver.com/jjun8620/223086059105
2023-04-26,,https://blog.naver.com/cpath
2023-04-26,"[압구정] 부동산 1번지, 압구정동의 '지역명 유래'와 강남개발 역사",https://blog.naver.com/cpath/223085944354
2023-04-26,,https://blog.naver.com/happy_big
2023-04-26,FRIP(프립)을 이용한 성수동 원데이 클레스 후기,https://blog.naver.com/happy_big/223082813987
2023-04-26,서울 봄나들이 성수동 서울숲 튤립 만개~,https://blog.naver.com/kmjlove1983/223085180595
2023-04-26,,https://blog.naver.com/yurian2
2023-04-26,SM타운투어프로그램 참여하기!,https://blog.naver.com/yurian2/223085673139
2023-04-26,뚝섬역카페 성수카페거리에 숨겨진 작은 카페 스윗바이브,https://blog.naver.com/yjhd2020/223085438444
2023-04-26,,https://blog.naver.com/cho386686
2023-04-26,지드래곤 살던 집 옆골목 들어서니…'뜻밖의 광경' 펼쳐졌다 [현장+],https://blog.naver.com/cho386686/223085267249
2023-04-26,일백마블 경제감각 : 네이버블로그 로이웃 등 관계 명확히 표기 모바일서도 동일한 기능 제공 (230426),https://blog.naver.com/memebena8585/223085235295
2023-04-27,,https://blog.naver.com/kimumingo
2023-04-27,드디어 가는 일본 첫나르,https://blog.naver.com/kimumingo/223087141118
2023-04-27,"성수동맛집 진작다이닝, 트렌디하고 캐주얼한 데이트명소",https://blog.naver.com/hyunjin0427/223087055714
2023-04-27,,https://blog.naver.com/solis0408
2023-04-27,월간 쏘금 2023년 4월호,https://blog.naver.com/solis0408/223086750689
2023-04-27,,https://blog.naver.com/lucky_owl_1
2023-04-27,서울숲 벚꽃 데이트 ㅣ 서울숲 넓은 카페 마크69,https://blog.naver.com/lucky_owl_1/223086672135
2023-04-27,,https://blog.naver.com/london2stay
2023-04-27,"4/26-5/28 29cm 성수, SW19 팝업스토어, 방문만해도 샘플 증정!",https://blog.naver.com/london2stay/223086606982
2023-04-28,,https://blog.naver.com/mudcloud
2023-04-28,"4월 일상 : 서울숲, 석촌호수, 도산공원, 시눈, 클로브, 테니스",https://blog.naver.com/mudcloud/223088178306
2023-04-28,,https://blog.naver.com/kinggift8687
2023-04-28,성수맛집 헬렐레에서 즐겁게 술 한 잔을 하였어요,https://blog.naver.com/kinggift8687/223088103315
2023-04-28,응봉 1구역 재건축 조합설립 후 사업시행 인가 현장 방문기,https://blog.naver.com/koreanson7/223088046741
2023-04-28,,https://blog.naver.com/muchomucha_
2023-04-28,"[스페인/바르셀로나] Day3. 한국에서도 못 가본 곳을 스페인에서 가봄 (바르셀로나 해변, 국물빠에야 맛집, 고딕지구, 까사밀라 카페, PALO MARKET FEST)",https://blog.naver.com/muchomucha_/223088021747
2023-04-28,,https://blog.naver.com/edo2777
2023-04-28,성수맛집 헬렐레 오세요.,https://blog.naver.com/edo2777/223087984541
2023-04-28,,https://blog.naver.com/yseo0923
2023-04-28,[ 성수 나들이 ] 성수데이트 코스로도 ! 베카사주타로가 궁금하다면?,https://blog.naver.com/yseo0923/223087961546
2023-04-28,"[성수동 데이트 코스] 생일 맞은 와이프가 가장 좋아하는 성수동 파스타 예약, 아니마토",https://blog.naver.com/cpath/223087943934
2023-04-28,,https://blog.naver.com/deer0874
2023-04-28,성수맛집 헬렐레,https://blog.naver.com/deer0874/223087865080
2023-04-28,,https://blog.naver.com/designpress2016
2023-04-28,과거와 현재를 잇는 발렌티노의 프로젝트,https://blog.naver.com/designpress2016/223719988908
2023-04-28,,https://blog.naver.com/godllsj1218
2023-04-28,[성수 맛집] 분위기 좋은 서울숲 와인바 데이트코스 추천 '곡성'_ 솔직후기,https://blog.naver.com/godllsj1218/223087535548
2023-04-28,서울숲 튤립 이번 주에 막차 타세요^^(4월 27일 방문 후기),https://blog.naver.com/uhm815/223087497238
2023-04-28,,https://blog.naver.com/yeung99
2023-04-28,성수동 놀거리 서울숲튤립 위치 기간 살펴봐요,https://blog.naver.com/yeung99/223086042735
2023-04-28,,https://blog.naver.com/mimmy9173
2023-04-28,서울 성수동 튤립명소 '서울숲 튤립' 봄꽃 놀이하기,https://blog.naver.com/mimmy9173/223087294760
2023-04-28,흘러가는 지난 날들의 조각들,https://blog.naver.com/wjstpgml225/223087205603
2023-04-29,서울 실내 가볼만한곳 놀거리 7곳 핫플 총정리,https://blog.naver.com/pkj5456/223088960867
2023-04-29,,https://blog.naver.com/eunju3290
2023-04-29,성수핫플레이스) 오픈런 안해도 되는 디올성수 후기!,https://blog.naver.com/eunju3290/223088889651
2023-04-29,,https://blog.naver.com/ysneuro
2023-04-29,"경기광주 공장형 까페, 펜타커피랩",https://blog.naver.com/ysneuro/223088708485
2023-04-29,뭔 한달이 먹다가 끝나네,https://blog.naver.com/heeeee96/223088641029
2023-04-29,,https://blog.naver.com/yuko3564
2023-04-29,"성동구 가볼만한 곳.대현산 장미원,응봉산 개나리 공원,중랑천 피크닉장 등",https://blog.naver.com/yuko3564/223088564430
2023-04-29,,https://blog.naver.com/businessinsight
2023-04-29,83년 만에 완성된 티파니앤코의 랜드마크?...놓치면 아쉬운 브랜드 이슈 3가지ㅣ브랜더쿠,https://blog.naver.com/businessinsight/223087916086
2023-04-29,,https://blog.naver.com/glgl2466
2023-04-29,성수맛집 핫플 술집 추천 헬렐레,https://blog.naver.com/glgl2466/223088419823
2023-04-29,,https://blog.naver.com/wertg345
2023-04-29,성수맛집 맛있는안주가 양도 많아서 가성비 최고인 맛집 헬렐레,https://blog.naver.com/wertg345/223088402345
2023-04-29,서울숲 튤립 성수동 서울숲 꽃길산책 가족생태나들이 튤립명소,https://blog.naver.com/w30mm/223088365447
2023-04-29,,https://blog.naver.com/jeah123
2023-04-29,성수동 가볼 만한 곳 엔시티꼬마즈 팝업스토어 콘셉트 사진 찍기 좋은 곳,https://blog.naver.com/jeah123/223087216674
2023-04-29,,https://blog.naver.com/gift7096
2023-04-29,[성수동맛집/중화카츠]데이트 코스로 성수동돈까스 서울숲돈까스를 찾는다면..,https://blog.naver.com/gift7096/223088257865
2023-04-29,,https://blog.naver.com/free1soul
2023-04-29,"뚝섬역 맛집, 분위기깡패 성수와인바 밤의,와인테라스 서울숲",https://blog.naver.com/free1soul/223088256013
2023-04-29,,https://blog.naver.com/yoonjinbin
2023-04-29,성수 서울숲 카페 : 뉴앳던(New At Dawn) 쇼룸 감성 / 뚝섬역 근처 루프탑 노을 맛집,https://blog.naver.com/yoonjinbin/223088250455
2023-04-30,,https://blog.naver.com/kho878
2023-04-30,내돈내산 성수 원데이클래스 크래프트프랙티스 도예체험후기 ft. 성수동 데이트코스,https://blog.naver.com/kho878/223089773839
2023-04-30,,https://blog.naver.com/zyxwvut-
2023-04-30,"[거제도/통영 여행] 통영 여행 힙한 핫플레이스'카페 배양장'(위치, 맛, 뷰 등)",https://blog.naver.com/zyxwvut-/223089741381
2023-04-30,,https://blog.naver.com/5_view
2023-04-30,3월 4월 뉴저지 뉴욕 미국 한달살기 일상/베슬 The vessel/더 하이라인/가고시안 갤러리/첼시마켓/Magnolia 매그놀리아 바나나 푸딩/Think coffee NYC 띵크커피,https://blog.naver.com/5_view/223089671702
2023-04-30,,https://blog.naver.com/relapse2
2023-04-30,성수동 와인바 리호,https://blog.naver.com/relapse2/223089536648
2023-04-30,,https://blog.naver.com/yum_blanc
2023-04-30,성수동 가볼만한 곳 | 서울숲 튤립 위치 | 서울숲 거울연못 포토존,https://blog.naver.com/yum_blanc/223089528462
2023-04-30,,https://blog.naver.com/k5479681
2023-04-30,성수맛집으로 유명한 헬렐레,https://blog.naver.com/k5479681/223089436186
2023-04-30,,https://blog.naver.com/nomadcell
2023-04-30,성수 안주 맛집 헬렐레,https://blog.naver.com/nomadcell/223089427796
2023-04-30,,https://blog.naver.com/job0902po
2023-04-30,성수맛집 헬렐레에서 오늘 한잔!,https://blog.naver.com/job0902po/223089405913
2023-04-30,,https://blog.naver.com/clzlsalskfl
2023-04-30,[전통주 팝업] 성수 가볼만한곳 :: 느린마을 연구소 성수 팝업스토어,https://blog.naver.com/clzlsalskfl/223089383466
2023-04-30,,https://blog.naver.com/cya6791
2023-04-30,성수맛집 다양한 하이볼과 고급진 포토존이 있는 헬렐레,https://blog.naver.com/cya6791/223089323652
2023-04-30,,https://blog.naver.com/draphant
2023-04-30,남편이 준비한 결혼 1주년 기념 야외 선셋 웨딩 스냅촬영 솔직 후기 및 꿀팁 (아멜리가든 스튜디오 / 여성작가 / 서울숲),https://blog.naver.com/draphant/223089323409
2023-04-30,"부산여행 1박2일 코스 - 감천문화마을, 해운대, 광안리",https://blog.naver.com/mkdkrk/223017504968
2023-04-30,,https://blog.naver.com/rladmsgml527
2023-04-30,성수맛집 헬렐레에서 맛있게 술 한 잔을 즐겼어요,https://blog.naver.com/rladmsgml527/223089099280
2023-04-30,디올 성수: 성수동 벽돌 사이에 피어난 디올 판타지,https://blog.naver.com/lhkny96/223088993821
2023-04-30,"[2304] 화창한 봄 날씨, 성북동 나들이 (길상사 - 수연산방 부근)",https://blog.naver.com/cpath/223088973878
2023-05-01,,https://blog.naver.com/mongttang67
2023-05-01,"[주말 나들이] 서울 핫플 맛집, 카페 나들이 '문래창작촌'&'성수 브레디포스트''망원 양꼬치'",https://blog.naver.com/mongttang67/223090724467
2023-05-01,,https://blog.naver.com/hoholog-
2023-05-01,4월_ 1 성수동 나들이,https://blog.naver.com/hoholog-/223090686667
2023-05-01,,https://blog.naver.com/bloggooow13
2023-05-01,성수동 매콤한 일본식 라멘집 록멘,https://blog.naver.com/bloggooow13/223090518314
2023-05-01,,https://blog.naver.com/naktaroad
2023-05-01,"(서촌) 에이치커피로스터스 서촌 - 옛 한옥의 고즈넉하면서도 기품이 함께 느껴지는 서촌 커피 맛집 (feat. 에스프레소, 케냐 필터커피)",https://blog.naver.com/naktaroad/223090488718
2023-05-01,,https://blog.naver.com/tkdrb9633
2023-05-01,4月,https://blog.naver.com/tkdrb9633/223090451249
2023-05-01,,https://blog.naver.com/sososblog
2023-05-01,4월이 슝 ~,https://blog.naver.com/sososblog/223090419019
2023-05-01,,https://blog.naver.com/blues1990
2023-05-01,근황입니다. 호잇.,https://blog.naver.com/blues1990/223090382613
2023-05-01,,https://blog.naver.com/kykangesp
2023-05-01,사람을 모으고 머물게 하는 ‘공간’,https://blog.naver.com/kykangesp/223090361229
2023-05-01,,https://blog.naver.com/olivemango9
2023-05-01,매일 변화하는 뚝섬 서울숲 카페거리 풍경 2023.04,https://blog.naver.com/olivemango9/223089650586
2023-05-01,,https://blog.naver.com/pepperw
2023-05-01,[성수/서울숲 데이트 코스] 돈까스 전문점 에이돈/ 카페 A to B/ 노가리마켓/ 밀도,https://blog.naver.com/pepperw/223090309178
2023-05-01,,https://blog.naver.com/twogus3
2023-05-01,"캐나다 토론토 워홀 8주 차 4/20-4/26 에글링턴, 역대 매출, 투잡 구하기, 벚꽃 구경, 스투시, 지하철 선로 폭발",https://blog.naver.com/twogus3/223090271180
2023-05-01,성수동 가볼만한곳 서울숲 튤립 데이트 놀거리 사슴 핫플 서울숲길,https://blog.naver.com/ultrabat/223089800247
2023-05-01,넓고 넓은 노출과 확산의 바다 인스타그래머블 시대의 옥외광고,https://blog.naver.com/signmunhwa95/223773497079
2023-05-01,성수핫플레이스 마크곤잘레스 성수팝업 지금 꼭 가봐야만 하는 이유!♂️♂️,https://blog.naver.com/gpgpgpa/223090140526
2023-05-01,"성수 구름다리, 서울숲 옆 숨은 한강뷰 명소 롯데타워와 남산타워를 동시에",https://blog.naver.com/flskfl88/223089408867
2023-05-01,,https://blog.naver.com/silver8106
2023-05-01,서울숲 튤립 축제 위치 볼거리 가득한 성수동 산책,https://blog.naver.com/silver8106/223089999717
2023-05-01,,https://blog.naver.com/kimjin139
2023-05-01,성수맛집을 소개합니다. 헬렐레 추천합니다~!!,https://blog.naver.com/kimjin139/223089995290
2023-05-01,,https://blog.naver.com/juen01199
2023-05-01,성수맛집 헬렐레 연어먹다,https://blog.naver.com/juen01199/223089981029
2023-05-01,,https://blog.naver.com/wjdalgml764
2023-05-01,"성수 맛집, 멕시코 현지맛의 비법 레시피 맛보기 ok! 정통 멕시칸 식당~타코튜즈데이 성수점!!",https://blog.naver.com/wjdalgml764/223089827441
2023-05-01,트립닷컴 5월 할인코드 추가 혜택까지 받아가자,https://blog.naver.com/chjfish/223089806742
2023-05-02,,https://blog.naver.com/suarangdoongyee
2023-05-02,2023년 4월 일상,https://blog.naver.com/suarangdoongyee/223091822894
2023-05-02,,https://blog.naver.com/dudtj25
2023-05-02,냠냠쩝쩝 근데 약간 긴,https://blog.naver.com/dudtj25/223091740080
2023-05-02,,https://blog.naver.com/9908jhj
2023-05-02,"[대학생 일상] 지난 일상 조각 : 서촌 카페, 브런치, 성수 투어 | 커먼맨션, 나흐바, 궤도",https://blog.naver.com/9908jhj/223091739422
2023-05-02,,https://blog.naver.com/hhyyyo_o
2023-05-02,"[서울/성수 가볼 만한 곳] 성수, 뚝섬, 서울숲 데이트 코스ㅣ하프 스튜디오 성수점",https://blog.naver.com/hhyyyo_o/223091734454
2023-05-02,,https://blog.naver.com/littlestone1992
2023-05-02,[데이트]건대 프라이빗한 족욕카페 이색데이트 코스 추천(화양그린),https://blog.naver.com/littlestone1992/223091545396
2023-05-02,,https://blog.naver.com/chorliebe
2023-05-02,[윤호찌 따라하기07] 성수동 <서산식당> - 5천원의 의미,https://blog.naver.com/chorliebe/223091530171
2023-05-02,,https://blog.naver.com/hao0231001
2023-05-02,성수데이트코스 스시도쿠 더성수 일식 맛집,https://blog.naver.com/hao0231001/223091522771
2023-05-02,,https://blog.naver.com/u__jin_s97
2023-05-02,서울 성수동 명소 예쁜 튤립과 볼거리가 많은 서울숲 다녀온 후기,https://blog.naver.com/u__jin_s97/223091288724
2023-05-02,,https://blog.naver.com/saca11
2023-05-02,서울숲,https://blog.naver.com/saca11/223091268169
2023-05-02,,https://blog.naver.com/cjdwn0691
2023-05-02,"성수맛집 하플명소 ""헬렐레 ""술집을 추천해요",https://blog.naver.com/cjdwn0691/223091140346
2023-05-02,"성수 핫플레이스, 아디다스 팝업, 새롭게 출신 된 앱 Confirmed(컨펌드) 팝업스토어",https://blog.naver.com/kjtwo21/223090822827
2023-05-02,,https://blog.naver.com/yjh10918
2023-05-02,성수맛집 분위기좋고 안주맛좋은 술집 헬렐레,https://blog.naver.com/yjh10918/223091022502
2023-05-02,,https://blog.naver.com/nomain68
2023-05-02,성수맛집 헬렐레,https://blog.naver.com/nomain68/223091022953
2023-05-02,,https://blog.naver.com/hchoe3600
2023-05-02,성수맛집 안주가 정말 맛있는 곳 헬렐레,https://blog.naver.com/hchoe3600/223091016004
2023-05-02,,https://blog.naver.com/dbsekgp0703
2023-05-02,봄 그게 뭐라고,https://blog.naver.com/dbsekgp0703/223091000632
2023-05-02,,https://blog.naver.com/kmm3301
2023-05-02,성수맛집으로 친절하고 분위기 좋은곳은 버로 여기 [헬렐레] 만족도도 업 인생 맛집,https://blog.naver.com/kmm3301/223090949447
2023-05-02,,https://blog.naver.com/dhalwk0425
2023-05-02,성수맛집 핫플 성수동술집 헬렐레,https://blog.naver.com/dhalwk0425/223090908406
2023-05-02,,https://blog.naver.com/jimmij
2023-05-02,"핫한 성수맛집, 헬렐레",https://blog.naver.com/jimmij/223090888931
2023-05-02,"[성수동맛집] 이탈리아 나폴리식 화덕피자를 맛 볼 수 있는 핫플레이스 ""마리오네"" 주말 웨이팅 후기",https://blog.naver.com/afterglow_rana/223090882817
2023-05-02,,https://blog.naver.com/1funny0
2023-05-02,2023 고양 국제꽃박람회 가는 길 사전 예매 고양시민 입장료 할인 주차 강아지 꽃배 꼬마기차 봉봉농원 맛집 & 어버이날 선물 가볼 만한 곳 추천 2탄,https://blog.naver.com/1funny0/223090876665
2023-05-02,,https://blog.naver.com/violet4456
2023-05-02,성수맛집 그릇과 식기들도 깔끔하게 제공되는 헬렐레,https://blog.naver.com/violet4456/223090813498
2023-05-02,,https://blog.naver.com/juliaguswn88
2023-05-02,2023/05/01 엄마랑 데이뜨! 서울숲 나들이~~,https://blog.naver.com/juliaguswn88/223090771785
2023-05-02,,https://blog.naver.com/goodcy
2023-05-02,성수동 지식산업센터 비교 분석 - 파브릭드 모네 성수 지식산업센터,https://blog.naver.com/goodcy/223087915216
2023-05-03,,https://blog.naver.com/eisenberg1983
2023-05-03,봄의 시작,https://blog.naver.com/eisenberg1983/223092770032
2023-05-03,,https://blog.naver.com/mawaw0322
2023-05-03,성수동 맛잘알들이 모인다는 제스티 살룬 방문 후기,https://blog.naver.com/mawaw0322/223079035888
2023-05-03,,https://blog.naver.com/truelove7712
2023-05-03,성수 맛집 양식 레스토랑 투파인드피터 성수점,https://blog.naver.com/truelove7712/223092490879
2023-05-03,,https://blog.naver.com/ynamin95
2023-05-03,[성수동 셀프사진관] 오디티모드 :: 성수 데이트코스 추천,https://blog.naver.com/ynamin95/223092372202
2023-05-03,,https://blog.naver.com/nawp3668
2023-05-03,성수동브런치 성수동디저트맛집 성수카페 뵈르에코,https://blog.naver.com/nawp3668/223092324764
2023-05-03,,https://blog.naver.com/jooyon01
2023-05-03,이게 다 비누라고? 성수 탬버린즈 하베스트 퍼퓸 무료전시 팝업스토어 후기,https://blog.naver.com/jooyon01/223092296504
2023-05-03,,https://blog.naver.com/ms8188_19
2023-05-03,성수맛집 헬렐레 소개합니다,https://blog.naver.com/ms8188_19/223092283199
2023-05-03,,https://blog.naver.com/sunsky5609
2023-05-03,성수역술집 성수맛집 헬렐레,https://blog.naver.com/sunsky5609/223092181065
2023-05-03,,https://blog.naver.com/anniesouthkorea
2023-05-03,서울 성수핫플레이스_나만안가본 [노티드 성수피치스],https://blog.naver.com/anniesouthkorea/223092003239
2023-05-03,,https://blog.naver.com/jaedragon0623
2023-05-03,포토스팟 서울 튤립 명소 3곳 추천,https://blog.naver.com/jaedragon0623/223091940966
2023-05-03,,https://blog.naver.com/qmffndis777
2023-05-03,원빈 ♥ 이나영 청담동 건물 근황 다이어트 식단 레시피 공개 프로필 본명 나이,https://blog.naver.com/qmffndis777/223091852466
2023-05-04,,https://blog.naver.com/msunh
2023-05-04,영화 드림 팝업스토어 '드림하우스' (-5/7) 성수동 팝업스토어 성수동가볼만한곳,https://blog.naver.com/msunh/223093806699
2023-05-04,,https://blog.naver.com/goodstar_silverstar
2023-05-04,성수동 예쁜 카페였던 <훔볼트> : 성수 데이트 코스 추천,https://blog.naver.com/goodstar_silverstar/223093759248
2023-05-04,,https://blog.naver.com/dyk6614
2023-05-04,성수맛집 헬렐레 추천~!,https://blog.naver.com/dyk6614/223093736964
2023-05-04,,https://blog.naver.com/ehdrud0188
2023-05-04,성수 맛집 수비드 목살 스테이크와 봉골레 캐주얼 다이닝 투파인드피터 성수점,https://blog.naver.com/ehdrud0188/223093616600
2023-05-04,,https://blog.naver.com/gangdongnewspaper
2023-05-04,[강동신문] 명성교회 경찰선교회 워크숍,https://blog.naver.com/gangdongnewspaper/223093607469
2023-05-04,,https://blog.naver.com/ettomon
2023-05-04,"[동대문ddp놀거리] 동대문역사문화공원역 아기랑, ddp회전목마, 동대문디자인플라자/아기랑 갈만한곳",https://blog.naver.com/ettomon/223093536082
2023-05-04,,https://blog.naver.com/auctiontour_post
2023-05-04,[여행가게 총정리 시리즈] 피크닉 명소 + 준비물 총정리,https://blog.naver.com/auctiontour_post/223754506146
2023-05-04,,https://blog.naver.com/airdew1004
2023-05-04,성수동 서울숲 생태공원 나들이하며 사진 찍기 좋은 곳 조각 공원 거울 연못 수변 공원 곤충 식물원,https://blog.naver.com/airdew1004/223093387132
2023-05-04,,https://blog.naver.com/kkakkabbobbo
2023-05-04,성수맛집 헬렐레,https://blog.naver.com/kkakkabbobbo/223093303449
2023-05-04,,https://blog.naver.com/shj88419
2023-05-04,"투파인드피터 성수점, 성수 맛집 [투파인드피터 성수점] 성수역맛집, 성수맛집추천, 성수데이트, 성수파스타, 성수레스토랑, 성수역데이트, 성수역파스타, 성수역레스토랑, 성수브런치",https://blog.naver.com/shj88419/223093290945
2023-05-04,,https://blog.naver.com/sj1121112
2023-05-04,"[성수동 뚝섬] 서울숲 놀러갔다가 뜻밖의 꽃밭에 신났던 하루, 성수동 튤립명소라는 서울숲에서 꽃구경 실컷하고온 서울여행기, 5월 어린이날 행사 소개",https://blog.naver.com/sj1121112/223093185608
2023-05-04,,https://blog.naver.com/kisses0214
2023-05-04,성수맛집추천!! 헬렐레,https://blog.naver.com/kisses0214/223093182729
2023-05-04,,https://blog.naver.com/uiwon93
2023-05-04,"서울 데이트 가볼만한곳 성수동 ""서울숲 생태숲"" (꽃사슴,한강,보행가교)",https://blog.naver.com/uiwon93/223092899346
2023-05-04,,https://blog.naver.com/metizen_official
2023-05-04,"No Pasta No Life, 파스타와 사랑에 빠진 남자 네오네오3412님의 파스타 맛집을 메티즌에서 소개 드립니다.",https://blog.naver.com/metizen_official/223093087831
2023-05-04,,https://blog.naver.com/greattae
2023-05-04,현장에서 바로 골프클럽 A/S 할 수 있는 성수 타이틀리스트 시티투어밴! 성수동 골프 핫플레이스!,https://blog.naver.com/greattae/223093032771
2023-05-04,,https://blog.naver.com/goglgogl333
2023-05-04,성수맛집2030들의 핫플 명소 어린이날추천 헬렐레,https://blog.naver.com/goglgogl333/223093012436
2023-05-05,,https://blog.naver.com/so7392
2023-05-05,[네덜란드]암스테르담 쾨겐호프 그리고 잔세스칸스 ..,https://blog.naver.com/so7392/223094513376
2023-05-05,,https://blog.naver.com/celinearchived
2023-05-05,"2022년 프랑스 여행 기록 #2. 출국, 파리 호텔 로흐세 오페라, 부르스 드 코메르스, 사마리텐 백화점, 트로카데로 광장 외",https://blog.naver.com/celinearchived/223094411144
2023-05-05,,https://blog.naver.com/ayrldi0510
2023-05-05,성수맛집 헬렐레는 모임하기 좋은곳,https://blog.naver.com/ayrldi0510/223094356578
2023-05-05,,https://blog.naver.com/sharlom4ever
2023-05-05,성수전략정비구역 도시재생사업,https://blog.naver.com/sharlom4ever/223094354249
2023-05-05,24SS 서울패션위크를 시작하기전 패션블로거로서 당부하는 글,https://blog.naver.com/sasshi/223094302348
2023-05-05,,https://blog.naver.com/rnfmawdal
2023-05-05,"성수동 서울숲 4월말 튤립 상황, 꽃구경 데이트 주차 정보, 뚝섬한강공원 서울페스타 드론쇼 후기",https://blog.naver.com/rnfmawdal/223094192217
2023-05-05,,https://blog.naver.com/cjsalsgur198
2023-05-05,성수맛집 헬렐레를 소개합니다.,https://blog.naver.com/cjsalsgur198/223094187450
2023-05-05,5월 성수 팝업스토어 성수동 놀거리 서울숲 가볼만한곳,https://blog.naver.com/o2oo_o/223094163924
2023-05-05,이른새벽 출근길에 바라본 성수동 거리풍경,https://blog.naver.com/olivemango9/223087395380
2023-05-05,,https://blog.naver.com/ggs0623
2023-05-05,성수맛집 헬렐레 추천해용~!!!,https://blog.naver.com/ggs0623/223094128833
2023-05-05,,https://blog.naver.com/mirlucky
2023-05-05,성동구 광진구 임장후기(경매결과),https://blog.naver.com/mirlucky/223094075312
2023-05-05,,https://blog.naver.com/site4379
2023-05-05,세콩데 성수동 핫플레이스: 대망의 치트 시트 공개,https://blog.naver.com/site4379/223093978415
2023-05-06,,https://blog.naver.com/0114jusoun
2023-05-06,성수맛집 헬렐레,https://blog.naver.com/0114jusoun/223095062374
2023-05-06,,https://blog.naver.com/ilyoon0325
2023-05-06,성수동 데이트 코스 추천 성수동 파스타 하면 아니마토(ANIMATO),https://blog.naver.com/ilyoon0325/223095042230
2023-05-06,,https://blog.naver.com/m_ju_814
2023-05-06,[슬로우오브젝트&이스트허니] 서울원데이클래스 | 서울가죽공방 | 지갑원데이클래스 | 서울데이트장소추천 | 원데이클래스내돈내산,https://blog.naver.com/m_ju_814/223095025022
2023-05-06,,https://blog.naver.com/leepk23
2023-05-06,성수맛집은 든든한게 참 좋은 헬렐레,https://blog.naver.com/leepk23/223094997481
2023-05-06,,https://blog.naver.com/titincoco
2023-05-06,"[성수 맛] 성수동스테이크 & 곱대마제소바 맛집,<미도인 성수> 성수동데이트코스 추천!",https://blog.naver.com/titincoco/223094997249
2023-05-06,,https://blog.naver.com/qudtns0305
2023-05-06,성수맛집 단체모임하기 좋은 헬렐레,https://blog.naver.com/qudtns0305/223094991687
2023-05-06,,https://blog.naver.com/chubb113
2023-05-06,성수맛집 안주맛집답게 마실 분위기나는 헬렐레,https://blog.naver.com/chubb113/223094969034
2023-05-06,,https://blog.naver.com/dmswl1624
2023-05-06,성수 맛집 투파인드피터 성수점 성수역데이트 성수가볼만한곳,https://blog.naver.com/dmswl1624/223094885848
2023-05-06,,https://blog.naver.com/new12796
2023-05-06,구월동 강아지파양 인정할만한 유기견보호센터 아가펫,https://blog.naver.com/new12796/223094844120
2023-05-06,,https://blog.naver.com/endbsrud1
2023-05-06,성수맛집 헬렐레 강추 :),https://blog.naver.com/endbsrud1/223094826427
2023-05-06,,https://blog.naver.com/godonly101
2023-05-06,성수맛집 추천 헬렐레,https://blog.naver.com/godonly101/223094788028
2023-05-06,,https://blog.naver.com/syqo0013
2023-05-06,내 주말 도시 여행의 특별한 순간들,https://blog.naver.com/syqo0013/223094657539
2023-05-06,,https://blog.naver.com/lok2587
2023-05-06,대우건설 대학생 홍보대사 19기 개인 최우수 1위/팀 우수 2위_지원 꿀팁/활동 소개/꼭 지원해야하는 이유_대대홍 최종 후기(2),https://blog.naver.com/lok2587/223094605311
2023-05-07,"유튜버 신아로미 소개 프로필 [강사이력, 활동 모음]",https://blog.naver.com/freshgang/223095859857
2023-05-07,,https://blog.naver.com/xvxv0111
2023-05-07,부산 전포동 스테이크맛집 노이 분위기 1등 서면 데이트코스,https://blog.naver.com/xvxv0111/223095835046
2023-05-07,,https://blog.naver.com/scotsidea
2023-05-07,"[성동여행 SNS 서포터즈] 송정제방공원, 서울 성동구의 숨은 산책로",https://blog.naver.com/scotsidea/223095806717
2023-05-07,,https://blog.naver.com/mintjyp
2023-05-07,성수맛집) 성수동에서 유명한 헬렐레를 찾아 주세요.,https://blog.naver.com/mintjyp/223095793388
2023-05-07,,https://blog.naver.com/hui0423
2023-05-07,성수맛집 가성비 좋은 안주가 많은 헬렐레,https://blog.naver.com/hui0423/223095758599
2023-05-07,,https://blog.naver.com/20brilliant
2023-05-07,"성수전략정비구역 재개발 현황, 지금 어디쯤?",https://blog.naver.com/20brilliant/223095730094
2023-05-07,,https://blog.naver.com/ysryung
2023-05-07,성수동 데이트 코스 서울숲 스테이크 랍스터&와인아니마토,https://blog.naver.com/ysryung/223095667481
2023-05-07,,https://blog.naver.com/goodzero_
2023-05-07,성수동나들이2)카시나+누데이크+월드와이드+LCDC+이페메라카페+기타놀거리,https://blog.naver.com/goodzero_/223095654094
2023-05-07,,https://blog.naver.com/sdhlove0526
2023-05-07,성수맛집 찾으신다면 헬렐레 추천드려요,https://blog.naver.com/sdhlove0526/223095582377
2023-05-07,,https://blog.naver.com/yeonba1112
2023-05-07,성수맛집 헬렐레,https://blog.naver.com/yeonba1112/223095410447
2023-05-07,,https://blog.naver.com/kyso9192
2023-05-07,가을에 방문하기 좋은 명소 5곳,https://blog.naver.com/kyso9192/223095337818
2023-05-07,,https://blog.naver.com/weasleychoi
2023-05-07,23년 4월 벚꽃놀이와 서울 미술관 4곳,https://blog.naver.com/weasleychoi/223095250704
2023-05-08,,https://blog.naver.com/cyeeun95
2023-05-08,"4월ㆍ벚꽃 엔딩,",https://blog.naver.com/cyeeun95/223096791298
2023-05-08,,https://blog.naver.com/thdud9012
2023-05-08,"[뚝섬맛집]씩씩 뮤직바/성수동 와인바, 성수동 펍 추천",https://blog.naver.com/thdud9012/223096732394
2023-05-08,,https://blog.naver.com/asyhh123
2023-05-08,엽서보관/ A5 6공 다이어리 굳굳!,https://blog.naver.com/asyhh123/223096703824
2023-05-08,,https://blog.naver.com/ininano_
2023-05-08,[성동/성수] 곡성 :: 성수동 데이트 코스로 좋은 서울숲 위스키 맛집,https://blog.naver.com/ininano_/223096525668
2023-05-08,,https://blog.naver.com/alwayshye_
2023-05-08,"[230508_023/100] 대한민국 부동산 부의 역사 by 이상우, 유성운 작가님",https://blog.naver.com/alwayshye_/223095727363
2023-05-08,,https://blog.naver.com/yomi_mam
2023-05-08,"성수맛집,헬렐레 분위기 좋은곳 여기에요",https://blog.naver.com/yomi_mam/223096427529
2023-05-08,,https://blog.naver.com/mylsm2266
2023-05-08,성수맛집 헬렐레,https://blog.naver.com/mylsm2266/223096387752
2023-05-08,,https://blog.naver.com/sallytani_
2023-05-08,"2023년 5월 미스디올 전시회, 디올성수 아무튼 핫플투어",https://blog.naver.com/sallytani_/223096314277
2023-05-08,,https://blog.naver.com/wjdgkssk9999
2023-05-08,성수맛집 '헬렐레',https://blog.naver.com/wjdgkssk9999/223096286410
2023-05-08,,https://blog.naver.com/2skye1
2023-05-08,"[ 디올 ] 성수 미스 디올 전시회, 성수동 디올 팝업스토어, MISS DIOR EXHIBITION, 성수동 가볼만한 곳, 데이트 추천",https://blog.naver.com/2skye1/223096122366
2023-05-08,,https://blog.naver.com/wjddksms0106
2023-05-08,서울숲 성수동 이색 데이트 [섬세이 테라리움] 리얼 개인 후기,https://blog.naver.com/wjddksms0106/223095773674
2023-05-08,,https://blog.naver.com/mjson1025
2023-05-08,[성수] 팝업스토어/쇼룸/소품샵 등 볼거리 가득 핫플레이스 모음-23년 5월,https://blog.naver.com/mjson1025/223095818977
2023-05-08,,https://blog.naver.com/yumj2613
2023-05-08,서울 여행의 숨은 명소 TOP 10,https://blog.naver.com/yumj2613/223096004090
2023-05-08,,https://blog.naver.com/happyspring12
2023-05-08,서울숲맛집 즐거운 명소 오뜨로 부엔 디아,https://blog.naver.com/happyspring12/223095955516
2023-05-08,,https://blog.naver.com/archive_moana
2023-05-08,Monthly Log ㅣ 23년 4월입니다.,https://blog.naver.com/archive_moana/223095903060
2023-05-09,,https://blog.naver.com/blueumio3
2023-05-09,가수 바다 카페! 집 송정동 카페 라부슈뒤루아,https://blog.naver.com/blueumio3/223097771190
2023-05-09,,https://blog.naver.com/tuderi21c
2023-05-09,한국경제 20230509 관심기사 모음,https://blog.naver.com/tuderi21c/223097769551
2023-05-09,,https://blog.naver.com/about_ss
2023-05-09,서울숲 이색 데이트 - 1분 도토리 캐리커쳐(feat.찐만족),https://blog.naver.com/about_ss/223097734827
2023-05-09,,https://blog.naver.com/sojujo18
2023-05-09,성수맛집 감성술집 추천 헬렐레,https://blog.naver.com/sojujo18/223097652101
2023-05-09,,https://blog.naver.com/a5523131
2023-05-09,주말여행] 성수동 데이트 서울숲 놀거리 볼거리 서울숲 길... 도심 속 숲 향기 가득한 곳!!!,https://blog.naver.com/a5523131/223097517495
2023-05-09,,https://blog.naver.com/hopedanny42
2023-05-09,"[람뷰후기] 투파인드피터 성수점, 성수 맛집에서 행복한 시간과 맛난 음식을 즐겨보세요!",https://blog.naver.com/hopedanny42/223097410649
2023-05-09,,https://blog.naver.com/elementservice
2023-05-09,성수동에 자리 잡은 플라스틱프로덕트 성수 : MPa 갤러리에 대하여,https://blog.naver.com/elementservice/223097311410
2023-05-09,,https://blog.naver.com/1045jusoun
2023-05-09,성수맛집 헬렐레,https://blog.naver.com/1045jusoun/223097204446
2023-05-09,,https://blog.naver.com/chaehyungseok1976
2023-05-09,광주광역시,https://blog.naver.com/chaehyungseok1976/223097150930
2023-05-09,,https://blog.naver.com/rany77
2023-05-09,서울숲/서울성수동명소,https://blog.naver.com/rany77/223096803511
2023-05-09,,https://blog.naver.com/smart2324
2023-05-09,성수 맛집 추천 헬렐레,https://blog.naver.com/smart2324/223097015061
2023-05-09,,https://blog.naver.com/takjoo2
2023-05-09,리조트·펜션·박물관… 5월 휴양용 부동산 큰 장 선다,https://blog.naver.com/takjoo2/223097006488
2023-05-09,"[성수동 브런치카페]메이플탑-주말 데이트, 성수 브런치 추천 미국 전통 맛집 주차팁!!",https://blog.naver.com/choijg0921/223096585790
2023-05-10,서울시 용산구 입지분석 & 현장임장,https://blog.naver.com/chaechae1205/223098361991
2023-05-10,,https://blog.naver.com/deether
2023-05-10,"행궁동파스타가 맛있는 와인바, 앨리펀트인더룸",https://blog.naver.com/deether/223098343139
2023-05-10,,https://blog.naver.com/cyberleesu
2023-05-10,성수 맛집 투파인드피터 성수 감각적이야,https://blog.naver.com/cyberleesu/223098288146
2023-05-10,,https://blog.naver.com/aszxc0900
2023-05-10,성수맛집 헬렐레 에서 배채우고 왔습니다~,https://blog.naver.com/aszxc0900/223098281058
2023-05-10,,https://blog.naver.com/tjsgml6894
2023-05-10,"[성수역맛집] 분위기좋은 파스타집 ""투파인드피터 성수점""",https://blog.naver.com/tjsgml6894/223098273132
2023-05-10,,https://blog.naver.com/omj2750
2023-05-10,성수맛집“헬렐레”,https://blog.naver.com/omj2750/223098252595
2023-05-10,,https://blog.naver.com/dreamsmile19
2023-05-10,성수맛집 가성비좋은 헬렐레,https://blog.naver.com/dreamsmile19/223098172727
2023-05-10,,https://blog.naver.com/travelnews
2023-05-10,"부킹닷컴, 성년의 날을 맞아 ‘인스타그래머블’한 여행지 6곳 소개",https://blog.naver.com/travelnews/223098009548
2023-05-10,,https://blog.naver.com/luster93
2023-05-10,"성수동 노을명소, 뚝섬한강공원에서 노티드 하이볼 캔 마시고 한강 드론쇼 본 후기",https://blog.naver.com/luster93/223097910282
2023-05-10,,https://blog.naver.com/hyund__
2023-05-10,촌녀ㄴ의 서울여행기,https://blog.naver.com/hyund__/223097835960
2023-05-11,,https://blog.naver.com/reevv
2023-05-11,2022년 마무리.,https://blog.naver.com/reevv/223099713917
2023-05-11,,https://blog.naver.com/rockorea
2023-05-11,#타이틀리스트시티투어벤 도심속의 타이틀리스트(Ft. 곧 성지가 될 듯...성수동 핫플),https://blog.naver.com/rockorea/223099697669
2023-05-11,,https://blog.naver.com/arannes
2023-05-11,퇴사 후 일상… …퇴사파티s와 생일잔치s를 곁들인 …,https://blog.naver.com/arannes/223099689625
2023-05-11,디올 뷰티 향수 미스 디올 서울 전시 & 팝업 스토어 성수동 데이트 코스,https://blog.naver.com/euimok/223099667620
2023-05-11,,https://blog.naver.com/yyh8866
2023-05-11,재밋다 내 인생,https://blog.naver.com/yyh8866/223099644584
2023-05-11,,https://blog.naver.com/kmh0914k
2023-05-11,성수맛집 모임하기 좋은곳!! 헬렐레 소개해요.,https://blog.naver.com/kmh0914k/223099561219
2023-05-11,,https://blog.naver.com/act_12159
2023-05-11,[성수동 나들이] 성수동 쌀국수 맛집 벱 & 역대급 노을 보며 서울숲 산책,https://blog.naver.com/act_12159/223099491288
2023-05-11,,https://blog.naver.com/roro3685
2023-05-11,성수맛집 성수동 2030들의 핫플 명소인 헬렐레,https://blog.naver.com/roro3685/223099419522
2023-05-11,,https://blog.naver.com/allofcollabo
2023-05-11,지역과 브랜드의 정체성을 담은 '플래그십 스토어',https://blog.naver.com/allofcollabo/223099371499
2023-05-11,,https://blog.naver.com/htiger31
2023-05-11,｢5월 동행축제｣ 대전서 개막행사 개최,https://blog.naver.com/htiger31/223099359669
2023-05-11,,https://blog.naver.com/diggingforvalue
2023-05-11,성수동 설명,https://blog.naver.com/diggingforvalue/223099266352
2023-05-11,,https://blog.naver.com/buzzjin
2023-05-11,"성수 핫플 술집 추천, 헬렐레",https://blog.naver.com/buzzjin/223099251404
2023-05-11,,https://blog.naver.com/somyulama
2023-05-11,성수맛집 으로 선택 헬렐레,https://blog.naver.com/somyulama/223099220089
2023-05-11,,https://blog.naver.com/sshhid88
2023-05-11,"성수동카페 전시,셀프촬영,음료맛집까지 데이트코스완벽 무브모브 카페/스튜디오",https://blog.naver.com/sshhid88/223099051395
2023-05-11,,https://blog.naver.com/qhgus3651
2023-05-11,2023년 05월 11일 목요일 아침 세상소식,https://blog.naver.com/qhgus3651/223098567652
2023-05-11,,https://blog.naver.com/orthofairy
2023-05-11,"✈️홍콩여행 처음이세요? 준비과정 - 3박4일 일정, 홍콩익스프레스, 여행어플 추천, 클룩할인, 홍콩구디즈",https://blog.naver.com/orthofairy/223098841394
2023-05-12,,https://blog.naver.com/blacklabelled
2023-05-12,주말 데이트 장소 추천 | 성수동 가볼만한 곳 마이아우라 (MY AURA) 5월 팝업 | 블랙라벨드,https://blog.naver.com/blacklabelled/223100628486
2023-05-12,,https://blog.naver.com/buffymoon
2023-05-12,4월 일상.zip,https://blog.naver.com/buffymoon/223100627593
2023-05-12,,https://blog.naver.com/qorclftlqdh57
2023-05-12,"성수맛집 , 성수술집 , 다양하고 깔끔한 안주들이랑 하이볼까지 헬렐레",https://blog.naver.com/qorclftlqdh57/223100590212
2023-05-12,,https://blog.naver.com/hyun10062
2023-05-12,헬렐레 성수맛집 센스만점의 술집!!,https://blog.naver.com/hyun10062/223100531047
2023-05-12,,https://blog.naver.com/iynk330
2023-05-12,성수동 '상쾌환 팝업 스토어' 주말에 이색 놀거리 장소로 추천..!,https://blog.naver.com/iynk330/223100481622
2023-05-12,,https://blog.naver.com/eo59173
2023-05-12,"베트남 무이네 여행 어떻게 코스 짜고 투어로 뭐가 좋을까?(레드샌듄, 화이트샌듄, 요점의 샘 등)",https://blog.naver.com/eo59173/223100315929
2023-05-12,,https://blog.naver.com/cpu4286
2023-05-12,성수 맛집으로 헬렐레 소개해드려요,https://blog.naver.com/cpu4286/223100271427
2023-05-12,,https://blog.naver.com/s7post
2023-05-12,"성수 맛집 색다른 음식과, 색다른 분위기의 미도인 성수점",https://blog.naver.com/s7post/223100242499
2023-05-12,,https://blog.naver.com/eveunb
2023-05-12,"[도쿄]여행 2박3일 일정 공유 ,깨알정보,후기 / APA호텔 가부키쵸타워 / 사진",https://blog.naver.com/eveunb/223099984726
2023-05-12,,https://blog.naver.com/fightingpearl
2023-05-12,[성수파스타] 퓨전양식당 성수이루다,https://blog.naver.com/fightingpearl/223099956591
2023-05-12,,https://blog.naver.com/ksuami
2023-05-12,2023 05 06 성수카페 리얼로스팅 | 에르제 성수,https://blog.naver.com/ksuami/223099936255
2023-05-12,,https://blog.naver.com/banghyomin01
2023-05-12,매장 인테리어 시 고려해야 할 점은 무엇인가요?,https://blog.naver.com/banghyomin01/223099932135
2023-05-12,성수동 놀거리/ 청량한 느낌의 밀키스 구름하우스 팝업스토어,https://blog.naver.com/gagamal740718/223099755191
2023-05-13,,https://blog.naver.com/sowon7531
2023-05-13,"주하이 당일치기 후기 | 일정 | HZM 강주아오 대교 버스 | 도착 비자 | 관광지, 카페, 맛집 추천",https://blog.naver.com/sowon7531/223101332619
2023-05-13,,https://blog.naver.com/freemeadow
2023-05-13,"성수동 데이트 코스 아니마토, 분위기 좋은 파스타 맛집",https://blog.naver.com/freemeadow/223101318909
2023-05-13,"서울숲 : 피크닉 장소 및 포토존 데이트 코스 총정리!(주차장, 꽃 사슴 위치)",https://blog.naver.com/reviewly-/223101318178
2023-05-13,,https://blog.naver.com/sungmo4486
2023-05-13,서울숲 무료주차장 배달존 꿀팁 사슴방사장 위치 피크닉 요금 카페 맛집 놀거리 정보,https://blog.naver.com/sungmo4486/223096999275
2023-05-13,,https://blog.naver.com/miso_miso__
2023-05-13,"엄마, 어디가?! - 서울여행2 (포포인츠바이쉐라톤서울역/국립중앙박물관/한남동/남산타워/한쿡)",https://blog.naver.com/miso_miso__/223101219953
2023-05-13,,https://blog.naver.com/soovely_87
2023-05-13,서울 바베큐파티룸 캠핑 감성 가득한 옥탑방성수 즐거웠어요,https://blog.naver.com/soovely_87/223101201788
2023-05-13,,https://blog.naver.com/tomtoms259
2023-05-13,성수 앤드밀 | 성수 브런치 맛집 앤드밀 내돈내산 (바질 토마토 파니니+밤게트+바질크림 고구마),https://blog.naver.com/tomtoms259/223101190764
2023-05-13,,https://blog.naver.com/thdtkfl176
2023-05-13,"성수맛집 , 푸짐하고 가성비좋은 성수 안주 맛집 헬렐레",https://blog.naver.com/thdtkfl176/223101188388
2023-05-13,,https://blog.naver.com/kookimoto
2023-05-13,"대전랜드마크 그랑르피에드 분양가, 투자가치, 모델하우스방문기",https://blog.naver.com/kookimoto/223101169522
2023-05-13,,https://blog.naver.com/blue27j
2023-05-13,성수 핫플레이스 오사이초밥 성수점,https://blog.naver.com/blue27j/223101166903
2023-05-13,,https://blog.naver.com/jiin717
2023-05-13,성수맛집 데이트장소 알아보신다면 핵밥 성수본점,https://blog.naver.com/jiin717/223101164937
2023-05-13,성수맛집 헬렐레,https://blog.naver.com/ckkk33/223101101163
2023-05-13,,https://blog.naver.com/cliniac10511
2023-05-13,상남동카페 간략히 찾아볼게요,https://blog.naver.com/cliniac10511/223101086123
2023-05-13,,https://blog.naver.com/mmisung117
2023-05-13,성수동 가볼만한 곳 데이트 코스 추천 공간 와디즈,https://blog.naver.com/mmisung117/223100022949
2023-05-14,,https://blog.naver.com/catworld2
2023-05-14,성수2030 핫플맛집 헬렐레,https://blog.naver.com/catworld2/223102005739
2023-05-14,,https://blog.naver.com/guswjd2266
2023-05-14,| 아가젤라또 | 성수동맛집 성수동젤라또 성수동데이트 성수동카페 내돈내산,https://blog.naver.com/guswjd2266/223102005475
2023-05-14,,https://blog.naver.com/clavier89
2023-05-14,아니마토 성수동 파스타 데이트 코스,https://blog.naver.com/clavier89/223101992417
2023-05-14,,https://blog.naver.com/mania3326
2023-05-14,"[서울] 창경궁 데이트 이모저모 : 대온실, 포토스팟, 주차꿀팁!",https://blog.naver.com/mania3326/223101987925
2023-05-14,,https://blog.naver.com/queenamang
2023-05-14,"서울숲 데이트 코스, 스페셜 뚝섬 고기집 성수동 셋째집",https://blog.naver.com/queenamang/223101980527
2023-05-14,,https://blog.naver.com/sosohanmami03
2023-05-14,성수맛집친구들과 방문하기 좋은 분위기 있는 공간 헬렐레,https://blog.naver.com/sosohanmami03/223101896965
2023-05-14,,https://blog.naver.com/rlaznfaos
2023-05-14,"성수동 파스타 맛집 아니마토 , 성수동 데이트 코스 추천",https://blog.naver.com/rlaznfaos/223101795341
2023-05-14,,https://blog.naver.com/jjuy1210
2023-05-14,5월 6월 서울 가볼만한곳 야외 나들이 데이트코스 BEST3,https://blog.naver.com/jjuy1210/223101710002
2023-05-14,,https://blog.naver.com/chlwnsgur63
2023-05-14,"성수맛집 , 성수술집 , 가성비에 맛난 안주들 양도 푸짐한 헬렐레",https://blog.naver.com/chlwnsgur63/223101709171
2023-05-14,,https://blog.naver.com/armed49
2023-05-14,[성수동 파스타 맛집] 성수동 데이트 코스 아니마토,https://blog.naver.com/armed49/223101677740
2023-05-14,,https://blog.naver.com/skhsyk
2023-05-14,성수 마봉 양꼬치 후기_양꼬치 존맛,https://blog.naver.com/skhsyk/223101586539
2023-05-14,,https://blog.naver.com/ehdehd77
2023-05-14,성수맛집 '헬렐레' 분위기 안주 모두다 최고에요,https://blog.naver.com/ehdehd77/223101564762
2023-05-14,,https://blog.naver.com/ojppn0
2023-05-14,서울숲 맛집 코스요리 아니마토,https://blog.naver.com/ojppn0/223101542780
2023-05-14,,https://blog.naver.com/johnlennon8595
2023-05-14,성수동 피자 성수 데이트 코스 힙한 분위기의 레트로 페스츄리 피자 피맥도 할수 있는 맛집 피자시즌,https://blog.naver.com/johnlennon8595/223101426602
2023-05-14,성수 핫플! 미스 디올 전시&팝업 후기,https://blog.naver.com/kkokkobook/223101391790
2023-05-14,,https://blog.naver.com/julyfraise
2023-05-14,20_알차게 잘 쉬고 단단해진 4월...간일기,https://blog.naver.com/julyfraise/223101377948
2023-05-15,,https://blog.naver.com/pulses
2023-05-15,"성수 루프탑 파티룸 대관, 숨은 핫플레이스 로컬하이브",https://blog.naver.com/pulses/223103014216
2023-05-15,,https://blog.naver.com/ujinee52
2023-05-15,인간은 똑같은 실수를 반복하지 (feat. 4월일상 2탄),https://blog.naver.com/ujinee52/223103007009
2023-05-15,,https://blog.naver.com/doyoon328
2023-05-15,성수맛집 가성비가 최고인곳 헬렐레 추천,https://blog.naver.com/doyoon328/223102832235
2023-05-15,,https://blog.naver.com/ajky0_0
2023-05-15,성수맛집 알아보시는 분들이라면 (헬렐레,https://blog.naver.com/ajky0_0/223102831126
2023-05-15,,https://blog.naver.com/kjm77000
2023-05-15,"서울투어 :: 성수동,신사동 팝업스토어 반포동 놀거리",https://blog.naver.com/kjm77000/223102817689
2023-05-15,,https://blog.naver.com/ssongheng
2023-05-15,"812GTS타고 서울숲 주말나들이, 주차팁, 성수동 맛집 소개",https://blog.naver.com/ssongheng/223102795924
2023-05-15,,https://blog.naver.com/jj5298
2023-05-15,분위기 좋은 성수맛집 헬렐레는 핫플!,https://blog.naver.com/jj5298/223102727738
2023-05-15,,https://blog.naver.com/drctsmkt
2023-05-15,[LIFE] 휴가 제대로 즐기자 - 경주편 (feat. 야경),https://blog.naver.com/drctsmkt/223102608146
2023-05-15,,https://blog.naver.com/haaq2685
2023-05-15,"성수맛집 , 퀄리티좋고 푸짐한 양의 안주랑 분위기 헬렐레",https://blog.naver.com/haaq2685/223102603819
2023-05-15,,https://blog.naver.com/alrud09135
2023-05-15,성수맛집 헬렐레,https://blog.naver.com/alrud09135/223102585292
2023-05-15,,https://blog.naver.com/readshop
2023-05-15,헬렐레 / 화려한 무드 등에 분위기도 좋아 파티 모임 하기 좋은 성수 맛집,https://blog.naver.com/readshop/223102451634
2023-05-15,,https://blog.naver.com/sntongil0415
2023-05-15,성수맛집 헬렐레는 가성비 최고로 즐길 수 있어요.,https://blog.naver.com/sntongil0415/223102417121
2023-05-15,,https://blog.naver.com/ccc00oo
2023-05-15,[성수데이트/RETTRE] 성수동 데이트코스 추천! 성수향수공방 레트르 성수에서 하나뿐인 향수 서로에게 선물해주기,https://blog.naver.com/ccc00oo/223102343075
2023-05-16,,https://blog.naver.com/h2yaho
2023-05-16,"[성수동/맛집] 서울숲 데이트 코스 추천, 뚝섬역 신상 와인바, 성수 단길 리뷰",https://blog.naver.com/h2yaho/223104012960
2023-05-16,,https://blog.naver.com/untilltheend999
2023-05-16,The City that Never Sleeps,https://blog.naver.com/untilltheend999/223103986536
2023-05-16,,https://blog.naver.com/rlatnqls1125
2023-05-16,초보먹방러의 성수동 감자탕 맛집 ‘소문난성수감자탕’ 방문기 [내돈내산] feat.평일 웨이팅,https://blog.naver.com/rlatnqls1125/223103821206
2023-05-16,,https://blog.naver.com/ekbt8klv
2023-05-16,"겨울밤에 따뜻한 힐링, 서울의 숨겨진 카페 베스트 5",https://blog.naver.com/ekbt8klv/223103680617
2023-05-16,,https://blog.naver.com/jjkk2877
2023-05-16,성수맛집 센스있는 인테리어에 분위기 좋은 헬렐레,https://blog.naver.com/jjkk2877/223103662012
2023-05-16,,https://blog.naver.com/law2010
2023-05-16,"[EP기획] 동서식품, '한남+성수 양대 핫플'···차별화된 브랜드 경험 선사",https://blog.naver.com/law2010/223835512140
2023-05-16,,https://blog.naver.com/inyoung9635
2023-05-16,성수맛집 2030핫플 명소 헬렐레,https://blog.naver.com/inyoung9635/223103543702
2023-05-16,,https://blog.naver.com/pearlylove
2023-05-16,"[일 상] 2 3 0 4 내가 사랑한 순간들 (Road, Cafe, Bar, Shop, Art & Dining)",https://blog.naver.com/pearlylove/223103474916
2023-05-16,,https://blog.naver.com/dsa9904333
2023-05-16,성수맛집 술먹으러 오는 헬렐레,https://blog.naver.com/dsa9904333/223103383898
2023-05-16,,https://blog.naver.com/lsj941129
2023-05-16,성수맛집 양도 많고 가성비 좋은 안주맛집 헬렐레,https://blog.naver.com/lsj941129/223103362190
2023-05-16,,https://blog.naver.com/sooobneee
2023-05-16,"주말 성수동 핫플투어(앤드밀, 브레디포스트, 그라운드시소)",https://blog.naver.com/sooobneee/223103339286
2023-05-16,,https://blog.naver.com/xcandyx3230
2023-05-16,성수맛집헬렐레,https://blog.naver.com/xcandyx3230/223103303065
2023-05-16,,https://blog.naver.com/tlsghksn1
2023-05-16,성수맛집은 바로 여기 '헬렐레'죠~,https://blog.naver.com/tlsghksn1/223103178066
2023-05-16,미스디올전시회 다녀온 남자,https://blog.naver.com/cjhmk/223103150068
2023-05-17,,https://blog.naver.com/heartime
2023-05-17,대만 타이베이 여행 일정 : 용산사/ 또우장 요우티아오 아침식사/융캉제/삼형제 망고빙수/훠궈 맛집/NAPTEA 버블티/단수이/스린야시장/시먼딩 천천리/SHI YUN/까르푸,https://blog.naver.com/heartime/223105055555
2023-05-17,성수동 데이트코스 소개팅 장소로 성수동 맛집 아니마토를 추천하는 이유 3가지,https://blog.naver.com/0066olivia/223104962474
2023-05-17,,https://blog.naver.com/hyogihyo
2023-05-17,"[성수동] 서울숲의 마지막 개발 퍼즐, 삼표래미콘 부지",https://blog.naver.com/hyogihyo/223104929924
2023-05-17,(서울 성동구 / 성수 수제화거리 #1) 수제화 명장들이 만들어가는 새로운 성수의 봄. 서울의 수제구두 산업 중심지 Seongsu-dong Handmae Shoes Street,https://blog.naver.com/dickprod/223050974724
2023-05-17,,https://blog.naver.com/silverbear509
2023-05-17,남양주필수데이트코스 카페차프리미엄,https://blog.naver.com/silverbear509/223104828099
2023-05-17,"서울숲 축제, 서울숲 튤립 위치",https://blog.naver.com/dkfka9366/223104822992
2023-05-17,,https://blog.naver.com/happychallote
2023-05-17,핫플레이스 MZ 세대의 주거복합공간 을지 ·충무로 그리고 신당동 힙지로와 힙당동,https://blog.naver.com/happychallote/223104448147
2023-05-17,,https://blog.naver.com/o72ahexn
2023-05-17,"""서울을 빛내는 숨은 명소 5곳을 찾아서""",https://blog.naver.com/o72ahexn/223104764171
2023-05-17,,https://blog.naver.com/bujamind1024
2023-05-17,"나는 집 대신 땅에 투자한다-김종율,임은정",https://blog.naver.com/bujamind1024/223104735842
2023-05-17,,https://blog.naver.com/hkk3292j23
2023-05-17,속초강릉창업추천 돈까스 브랜드 오레노카츠 추천!,https://blog.naver.com/hkk3292j23/223104664686
2023-05-17,,https://blog.naver.com/dbrtlqdlf871
2023-05-17,성수맛집 맛있는 안주들이 종류가 여러가지에 가성비도 좋은 헬렐레,https://blog.naver.com/dbrtlqdlf871/223104434862
2023-05-17,,https://blog.naver.com/bfh11
2023-05-17,성수맛집은 역시 헬렐레,https://blog.naver.com/bfh11/223104376638
2023-05-17,,https://blog.naver.com/littlestar149
2023-05-17,"성수 데이트코스 / 또 가고싶은 이색 양식 맛집 '브리비프' 솔직후기 및 예약링크 (스테이크, 리소토)",https://blog.naver.com/littlestar149/223101817719
2023-05-17,,https://blog.naver.com/moastories
2023-05-17,성수핫플 서울숲 데이트코스 / 배리어프리 무장애여행 서울,https://blog.naver.com/moastories/223104267624
2023-05-17,성수동 서울숲 생태숲 사슴우리 꽃사슴방사장 산책 데이트 서울 가볼만한 곳 주차,https://blog.naver.com/spzhxhvldk/223104265839
2023-05-17,,https://blog.naver.com/ekwellbeing
2023-05-17,서울숲 은행나무길 생태숲 산책,https://blog.naver.com/ekwellbeing/223104089997
2023-05-17,,https://blog.naver.com/r67uimun
2023-05-17,"서울의 숨은 보석, 아름다운 도시 이야기를 찾아서",https://blog.naver.com/r67uimun/223104182852
2023-05-17,,https://blog.naver.com/9wkbwghf
2023-05-17,"겨울밤에 따뜻한 힐링, 서울의 숨겨진 카페 베스트 5",https://blog.naver.com/9wkbwghf/223104126279
2023-05-18,,https://blog.naver.com/dodal_hada_
2023-05-18,"성수동 임장 전 지역분석 - 나무위키, 2040 서울도시기본계획",https://blog.naver.com/dodal_hada_/223105882313
2023-05-18,,https://blog.naver.com/kissme8943
2023-05-18,예쁨 설렘 가득한 공간 미스 디올 서울 전시&팝업 찐 후기,https://blog.naver.com/kissme8943/223105815645
2023-05-18,,https://blog.naver.com/efenster
2023-05-18,최고급 아파트가 선택한 이건창호,https://blog.naver.com/efenster/223105805782
2023-05-18,,https://blog.naver.com/kidsclub1
2023-05-18,"서울숲 아이파크 리버포레 단지내 상가 분양 , 투자가치 UP",https://blog.naver.com/kidsclub1/223105752392
2023-05-18,,https://blog.naver.com/blossomjinn
2023-05-18,"바이닐 성수 : 성수핫플 신상 LP카페 추천, 분위기 좋은 뚝섬 이색데이트",https://blog.naver.com/blossomjinn/223105721838
2023-05-18,,https://blog.naver.com/smile79444
2023-05-18,성수맛집 헬렐레는 모임장소로 좋네요!,https://blog.naver.com/smile79444/223105645775
2023-05-18,,https://blog.naver.com/land9944
2023-05-18,서울숲 아이파크 리버포레 상업시설 성수동아파트 단지내 상가 잔여정보,https://blog.naver.com/land9944/223105587103
2023-05-18,,https://blog.naver.com/meleagrina
2023-05-18,"[베트남] 221009 호치민 여행 3일차 / 아일라스파, 떤딘성당, 피자포피스, 통일궁, 중앙우체국, 인민위원회청사, 빈컴센터, 사이공키치, 빈마트, 구타카페, 벱메인, 코친젠",https://blog.naver.com/meleagrina/223105496025
2023-05-18,,https://blog.naver.com/m_367223
2023-05-18,성수맛집 술마시러 왔다가 배채우고 나올만큼 푸짐한 헬렐레,https://blog.naver.com/m_367223/223105481509
2023-05-18,서울 데이트 코스 정리해봄 w 테이스트 버즈,https://blog.naver.com/chjfish/223105458016
2023-05-18,,https://blog.naver.com/kjl0325c
2023-05-18,"성수안주맛집 ""헬렐레""에서 노래에 조명까지 너무 좋았어요",https://blog.naver.com/kjl0325c/223105429402
2023-05-18,,https://blog.naver.com/chzblog
2023-05-18,[4월] 바쁘고 싶은데 힘들긴 싫어요,https://blog.naver.com/chzblog/223105418504
2023-05-18,,https://blog.naver.com/haechiseoul
2023-05-18,서울에 이런 곳이? 외국인 관광객은 물론 서울 시민까지 사로잡을 서울 관광 를 소개합니다!,https://blog.naver.com/haechiseoul/223105311076
2023-05-18,69호: 저장 필수! 100년 된 가옥의 변신,https://blog.naver.com/designpress2016/223719944987
2023-05-18,,https://blog.naver.com/loveyul1839
2023-05-18,"성수동 2030들의 핫플 명소인 성수맛집, 헬렐레",https://blog.naver.com/loveyul1839/223105236303
2023-05-18,,https://blog.naver.com/breathin-
2023-05-18,[안식휴가 Day6] 아줄레주 언덕 마을 포르투,https://blog.naver.com/breathin-/223105139214
2023-05-18,,https://blog.naver.com/nsnxu1bq
2023-05-18,서울에서 발견한 조용한 산책로에서 찾은 소소한 행복 5가지,https://blog.naver.com/nsnxu1bq/223105120435
2023-05-18,,https://blog.naver.com/qy5qyvdo
2023-05-18,"힐링되는 조용한 산책로, 서울에서 찾은 소소한 행복 5가지",https://blog.naver.com/qy5qyvdo/223105114866
2023-05-19,,https://blog.naver.com/hdbd9497
2023-05-19,2023.04 일상,https://blog.naver.com/hdbd9497/223106787599
2023-05-19,,https://blog.naver.com/sangjapg
2023-05-19,[전시]현장예매로 즐긴 미스디올 전시&팝업 솔직후기,https://blog.naver.com/sangjapg/223106788026
2023-05-19,,https://blog.naver.com/dmsg55
2023-05-19,성수데이트장소로 딱 좋은 샵아지트,https://blog.naver.com/dmsg55/223106774645
2023-05-19,(서울 성동구 / 성수 수제화거리 #2) 수제화 명장들이 만들어가는 새로운 성수의 봄. 서울의 수제구두 산업 중심지 Seongsu-dong Handmae Shoes Street,https://blog.naver.com/dickprod/223051195112
2023-05-19,,https://blog.naver.com/jyh965870
2023-05-19,성수맛집 헬렐레 분위기 맛집,https://blog.naver.com/jyh965870/223106598199
2023-05-19,"5월 성수 필수 코스 : 팝업 스토어 (with 디올, 원소주투고)",https://blog.naver.com/wooalong2018/223106580769
2023-05-19,,https://blog.naver.com/yujinnn1211
2023-05-19,도쿄여행 ep 3. 소바맛집/가마쿠라코코마에역/프리미어메이,https://blog.naver.com/yujinnn1211/223106554887
2023-05-19,,https://blog.naver.com/mariagy
2023-05-19,주말 아이와 가기 좋은 서울숲 헬로우뮤지엄 축제 봄봄 서울숲,https://blog.naver.com/mariagy/223106305230
2023-05-19,,https://blog.naver.com/lclub_star
2023-05-19,[명소] 성수역 2번 출구에서 매우 가까운 대규모 사우나 라성스파(라성보석사우나),https://blog.naver.com/lclub_star/223106234164
2023-05-19,,https://blog.naver.com/8storyteller
2023-05-19,"100-30일차 성수낙낙 ""법률사무소 동락""",https://blog.naver.com/8storyteller/223105209624
2023-05-19,어니언 성수 핫플 베이커리 카페,https://blog.naver.com/kangja_/223092623123
2023-05-20,,https://blog.naver.com/wldmsqkr0924
2023-05-20,성수동와인바 [기러기둥지 성수] 성수동와인 맛집 + 분위기 맛집! 특별한 날 모임 데이트 코스 추천,https://blog.naver.com/wldmsqkr0924/223107388539
2023-05-20,,https://blog.naver.com/jeonyezy
2023-05-20,[2023/04] april blog ✨,https://blog.naver.com/jeonyezy/223107364442
2023-05-20,,https://blog.naver.com/dhrtntn688
2023-05-20,성수맛집 추천! 헬렐레,https://blog.naver.com/dhrtntn688/223107337703
2023-05-20,,https://blog.naver.com/terraceyeon
2023-05-20,3월의 끝 (The Open Product),https://blog.naver.com/terraceyeon/223107103717
2023-05-20,,https://blog.naver.com/hbsim8695
2023-05-20,"미스 디올 전시회, 예술과 여성에 대한 이야기 디올 전시회 성수, 성수 팝업스토어 POP-UP STORE",https://blog.naver.com/hbsim8695/223107061553
2023-05-20,,https://blog.naver.com/yomiyomi0110
2023-05-20,"성수맛집,헬렐레 이색적인 분위기 추천",https://blog.naver.com/yomiyomi0110/223107039375
2023-05-20,,https://blog.naver.com/anasculpt
2023-05-20,노티드 × 포르쉐NOW 힙한 성수 감성을 느낄 수 있는 팝업스토어,https://blog.naver.com/anasculpt/223106864378
2023-05-21,,https://blog.naver.com/clickwhi
2023-05-21,매력이 넘치는 성수동,https://blog.naver.com/clickwhi/223108083098
2023-05-21,,https://blog.naver.com/lhs1026
2023-05-21,[성수동 디저트 카페] 포레스트ㅣ빙수 맛집. 디저트 맛집ㅣ서울숲 데이트 코스로 좋은 곳,https://blog.naver.com/lhs1026/223108032571
2023-05-21,,https://blog.naver.com/ddanggut
2023-05-21,"[집 공간 사람]그 골목의 마지막 집, 빛바랜 90년대 로망을 구워내다",https://blog.naver.com/ddanggut/223108028265
2023-05-21,,https://blog.naver.com/stephanie__88
2023-05-21,[서울여행] 미쳐버린 서울 날씨,https://blog.naver.com/stephanie__88/223108000758
2023-05-21,,https://blog.naver.com/belief87
2023-05-21,성수 술집 / 재방문 맛집 루프탑 테라스 씨씨씨 CCC,https://blog.naver.com/belief87/223107937074
2023-05-21,,https://blog.naver.com/doongsooni
2023-05-21,더현대서울 맛집 식품관 리스트 인싸핫플 필수맛집,https://blog.naver.com/doongsooni/223107924365
2023-05-21,,https://blog.naver.com/ebwa8097
2023-05-21,서울에서 봄에 즐길 수 있는 명소 5곳,https://blog.naver.com/ebwa8097/223107871351
2023-05-21,,https://blog.naver.com/skyhee0822
2023-05-21,성수동 성수명당 오뚜기슈퍼(가맥집) 용싸롱 이자카야 블루리본맛집 투어,https://blog.naver.com/skyhee0822/223107870145
2023-05-21,,https://blog.naver.com/qhfkwkdal1030
2023-05-21,헬렐레 안주가 맛있고 술 마시기 좋은 분위기 성수맛집,https://blog.naver.com/qhfkwkdal1030/223107672436
2023-05-21,,https://blog.naver.com/bruce6363
2023-05-21,성수맛집 헬렐레는 성수동 2030들의 핫플 명소랍니다.,https://blog.naver.com/bruce6363/223107661170
2023-05-21,,https://blog.naver.com/hanukeum
2023-05-21,"[5월 서울숲 나들이] 5월 성수동 서울숲 가볼 만한 곳 놀거리 추천! 서울숲 맛집, 술집, 카페, 팝업스토어 정보",https://blog.naver.com/hanukeum/223107498575
2023-05-22,,https://blog.naver.com/evalei
2023-05-22,다카마쓰 기타하마 앨리에 위치한 레트로 감성까페 우미에(Umie),https://blog.naver.com/evalei/223108968089
2023-05-22,,https://blog.naver.com/muja09
2023-05-22,"슈퍼워크로 앱테크하려다가 건강해지는 중 매봉산공원, 신라호텔 다산성곽길 산책",https://blog.naver.com/muja09/223108831901
2023-05-22,,https://blog.naver.com/estate_119
2023-05-22,"서울 한복판의 명품 오아시스, 서울숲 트리마제를 만나다",https://blog.naver.com/estate_119/223108794742
2023-05-22,,https://blog.naver.com/beautifulcup
2023-05-22,"[우리동네 가게구경 Ep.2] 초록이 머무는 곳, 어린이대공원 to 뚝섬",https://blog.naver.com/beautifulcup/223108767273
2023-05-22,,https://blog.naver.com/gmldjfh101
2023-05-22,성수맛집 분위기좋은 헬렐레 가보세요,https://blog.naver.com/gmldjfh101/223108689822
2023-05-22,,https://blog.naver.com/ilovecharacterblog
2023-05-22,"SPC삼립, 산리오빵 자판기 미니 팝업 운영",https://blog.naver.com/ilovecharacterblog/223108415638
2023-05-22,,https://blog.naver.com/clzlsaos175
2023-05-22,"성수맛집 , 종류가 여러 다양하고 가성비좋은 안주와 하이볼 헬렐레",https://blog.naver.com/clzlsaos175/223108669145
2023-05-22,"[서울장미꽃명소모음집] 5월 서울 장미꽃 포토존 6곳/양화한강공원,뚝섬한강공원, 망원동 스튜디오빌리빈, 자양빌라, 중랑천장미축제,반포한강공원서래섬",https://blog.naver.com/afterglow_rana/223108644239
2023-05-22,성북구,https://blog.naver.com/chaehyungseok1976/223108616881
2023-05-22,,https://blog.naver.com/vibe37
2023-05-22,(23.05.22)경제뉴스/한강르네상스2.0/중국마이크론제재/삼성전자52주신고가/전세사기특별법통과,https://blog.naver.com/vibe37/223108550798
2023-05-22,,https://blog.naver.com/kiwi733
2023-05-22,수원 아이와 함께 가볼만한 곳 영흥수목원 후기,https://blog.naver.com/kiwi733/223108495082
2023-05-22,,https://blog.naver.com/mo__sloth
2023-05-22,"[️퀘백&몬트리올여행, #DAY1] 도깨비 과몰입자의 퀘백 여행기/ 캐나다 어학연수 중 여행가기/ 퀘백&몬트리올 여행 정보/도깨비호텔 샤토프롱트낙숙박후기",https://blog.naver.com/mo__sloth/223108466059
2023-05-22,,https://blog.naver.com/jin483612
2023-05-22,성수맛집 감각적인 인테리어 센스있는 술집 헬렐레,https://blog.naver.com/jin483612/223108463406
2023-05-22,,https://blog.naver.com/somsom0606
2023-05-22,성수맛집 으로 헬렐레 추천,https://blog.naver.com/somsom0606/223108461075
2023-05-22,,https://blog.naver.com/bbk0528
2023-05-22,23.04.01-04.30,https://blog.naver.com/bbk0528/223108418926
2023-05-22,"서울 테라스 카페 데이트, 야외식당 & 핫플 서울호텔 추천",https://blog.naver.com/dmgk32/223108304896
2023-05-22,"[서울장미꽃명소] 성수동 핫플레이스/ 서울숲 근처 장미꽃밭 SNS 포토존 ""자양빌라"" 실시간 후기",https://blog.naver.com/afterglow_rana/223108235643
2023-05-22,,https://blog.naver.com/aroma4us
2023-05-22,'한강 르네상스 2.0'은 관광객 3천만명 시대 위한 몸부림,https://blog.naver.com/aroma4us/223108190959
2023-05-23,,https://blog.naver.com/sassyul
2023-05-23,서울성수 나들이 어디로 가지?,https://blog.naver.com/sassyul/223110043991
2023-05-23,,https://blog.naver.com/jookonging
2023-05-23,[서울 가볼만한곳] 서울 성수동 핫플 명소 놀거리 서울숲 공원 데이트,https://blog.naver.com/jookonging/223109833313
2023-05-23,,https://blog.naver.com/mingumangu1004
2023-05-23,[성수동]이탈리안 에스프레소 디저트 맛집 Frolla프롤라,https://blog.naver.com/mingumangu1004/223109788077
2023-05-23,,https://blog.naver.com/2003prs
2023-05-23,K-POP에 진심인 사람 주목! ‘K-POP 트렌드’,https://blog.naver.com/2003prs/223109627892
2023-05-23,,https://blog.naver.com/6zdg637m
2023-05-23,"서울의 숨은 보물, 도심 속 힐링 스팟 탐방",https://blog.naver.com/6zdg637m/223109614638
2023-05-23,성수동에서 어디가지? 레이어57 · 모노하성수 · 카페연무장 등 요즘 성수동 핫플레이스 Best 4,https://blog.naver.com/gotitkorea/223109601718
2023-05-23,,https://blog.naver.com/zoou2_u
2023-05-23,성수맛집 술맛 진학 나는 분위기 술집추천 헬렐레,https://blog.naver.com/zoou2_u/223109503492
2023-05-23,,https://blog.naver.com/anna_naan_
2023-05-23,분위기 좋은 성수와인바 서울숲와인바 밤의와인테라스,https://blog.naver.com/anna_naan_/223109496759
2023-05-23,,https://blog.naver.com/ghdtpgml29
2023-05-23,"성수 맛집 조명과 노래, 센스있는 술집 2030들의 핫플 명소! 헬렐레",https://blog.naver.com/ghdtpgml29/223109478364
2023-05-23,,https://blog.naver.com/thddmsdl77
2023-05-23,[성수술집ㅣ성수맛집] 핫플레이스 헬렐레 방문해본 대만족 생생후기!,https://blog.naver.com/thddmsdl77/223109360576
2023-05-23,,https://blog.naver.com/leeyt12
2023-05-23,5월23일기준_마래푸45평추천매매__마포래미안푸르지오45평추천매매,https://blog.naver.com/leeyt12/223109343695
2023-05-23,,https://blog.naver.com/alphabeta21
2023-05-23,Money 2023.05,https://blog.naver.com/alphabeta21/223109309443
2023-05-23,,https://blog.naver.com/susu5608
2023-05-23,깔끔한 맛의 양식을 즐길 수 있는 성수동맛집 브리비트,https://blog.naver.com/susu5608/223109235680
2023-05-23,,https://blog.naver.com/9ogqnmrk
2023-05-23,서울의 매혹적인 숨은 보석들을 찾아서,https://blog.naver.com/9ogqnmrk/223109223230
2023-05-23,,https://blog.naver.com/yunnybuza
2023-05-23,[230522 경제뉴스 스크랩] '한강 르네상스 2.0'은 관광객 3천만명 시대 위한 몸부림,https://blog.naver.com/yunnybuza/223109144438
2023-05-23,,https://blog.naver.com/sujeung2205
2023-05-23,"삼성동에도 해맞이공원이~!! 대박풍수 명당을 거닐어보다~삼성가 맨션, 그리고 풍수철학을 컨셉으로 지은 삼성동 뉴 럭셔리 빌라~",https://blog.naver.com/sujeung2205/223109130506
2023-05-24,,https://blog.naver.com/tigung1107
2023-05-24,[성수맛집] 성수동 맛집 데이트코스 추천 | 마씨,https://blog.naver.com/tigung1107/223110779984
2023-05-24,,https://blog.naver.com/fu6xrbc4
2023-05-24,동심으로 돌아가는 아기자기한 카페 투어 여행,https://blog.naver.com/fu6xrbc4/223110736791
2023-05-24,,https://blog.naver.com/sunkite7102
2023-05-24,서울 가장 핫 플 성수동 '서울숲' 튤립 구경,https://blog.naver.com/sunkite7102/223110616184
2023-05-24,,https://blog.naver.com/ju0123316
2023-05-24,SNS에서 유명한 [헬렐레] 배부른 성수맛집~,https://blog.naver.com/ju0123316/223110597337
2023-05-24,강북 핫플 한남동 건물 외벽 광고 매체 추천! 남산터널 옥외광고 매체 특징 정리 3 / 옥외 광고 매체 소개 30,https://blog.naver.com/ohbrown/223110534450
2023-05-24,,https://blog.naver.com/cong11771
2023-05-24,성수맛집 조용한 분위기 헬렐레,https://blog.naver.com/cong11771/223110503057
2023-05-24,,https://blog.naver.com/cakecomms
2023-05-24,[CAKE] 2023.05.24. 케이크 트렌드레터 vol.73,https://blog.naver.com/cakecomms/223109481404
2023-05-24,,https://blog.naver.com/hansaram0119
2023-05-24,[성수맛집]2030 들의 핫플 헬렐레,https://blog.naver.com/hansaram0119/223110454793
2023-05-24,,https://blog.naver.com/jinjin9718
2023-05-24,성수맛집 헬렐레 선택해보자,https://blog.naver.com/jinjin9718/223110412131
2023-05-24,MZ 세대 핫플이 된 힙당동! 함께 뜨는 핫플 옆 동네,https://blog.naver.com/bdschamp/223110335927
2023-05-24,,https://blog.naver.com/jji_2myo
2023-05-24,제주도 서쪽코스 한경면 맛집아일랜드 오아시스,https://blog.naver.com/jji_2myo/223110204796
2023-05-24,,https://blog.naver.com/ct28zbgg
2023-05-24,"""요즘 핫한 그곳! 현지인 추천 서울의 매력, 함께 탐험해볼까요?""",https://blog.naver.com/ct28zbgg/223110138673
2023-05-25,,https://blog.naver.com/psimon1115
2023-05-25,성수동의 변신,https://blog.naver.com/psimon1115/223111928756
2023-05-25,,https://blog.naver.com/yrp1htq7
2023-05-25,서울의 명소 카페 탐방 - 카페인러버를 위한 도시여행,https://blog.naver.com/yrp1htq7/223111907006
2023-05-25,,https://blog.naver.com/ilsang___gongyu
2023-05-25,23.05 성수팝업스토어 방문 후기,https://blog.naver.com/ilsang___gongyu/223111830139
2023-05-25,,https://blog.naver.com/ghmlawyer
2023-05-25,페라리 보증 연장과 명월관/무등산,https://blog.naver.com/ghmlawyer/223111806120
2023-05-25,[성수동 기록] 성수동의 새로운 거점 사무실이 될 루프스테이션 서울숲,https://blog.naver.com/realtor_ahn/223111744077
2023-05-25,,https://blog.naver.com/dldmsdk1028
2023-05-25,성수맛집 안주 맛에 반하고 분위기에 취하는 헬렐레,https://blog.naver.com/dldmsdk1028/223111712742
2023-05-25,아름다운 풍경에 시간 가는 줄 모르는 리스본 강변 코스,https://blog.naver.com/the_trip/223111708060
2023-05-25,뚝섬 서울숲 : 서울의 힐링명소이자 서울시의 주요 랜드마크,https://blog.naver.com/alexcho53/223111702809
2023-05-25,,https://blog.naver.com/yhjy0_0
2023-05-25,성수맛집 궁금하신 분들이라면 :헬렐레,https://blog.naver.com/yhjy0_0/223111630301
2023-05-25,,https://blog.naver.com/wlsgmlakstp1
2023-05-25,"도쿄 3박 4일 여행 #3- 아사쿠사, 모토무라 규카츠 아키하바라점, 기치죠지역, 마가렛호웰 카페, 오모테산도 쇼핑, 츠키시마 몬자 쿠우야 시부야, 온센 료칸 호텔, 푸글렌 커피",https://blog.naver.com/wlsgmlakstp1/223111549583
2023-05-25,"부산 광안리 놀거리 밀락더마켓 데이트 정보 총정리(시간, 맛집, 스타벅스, 주차, 팝업스토어, 야시장)",https://blog.naver.com/guswjd975/223111531091
2023-05-25,서울 핫플레이스 쌤쌤쌤 브런치 테디뵈르하우스 베이커리 카페 추천 메뉴까지 !,https://blog.naver.com/pih870318/223111528951
2023-05-25,,https://blog.naver.com/ojingjinge
2023-05-25,"성수맛집 ""성수 양식 다이닝의 새로운 즐거움: 브리비트 맛집 리뷰""",https://blog.naver.com/ojingjinge/223111508899
2023-05-25,,https://blog.naver.com/pkuesoon
2023-05-25,"성수의 맛집, 헬렐레를 아시나요",https://blog.naver.com/pkuesoon/223111444148
2023-05-25,,https://blog.naver.com/ryungi1004
2023-05-25,[서울 성수] 서울숲 데이트 맛집 비스트로성수,https://blog.naver.com/ryungi1004/223111334676
2023-05-25,,https://blog.naver.com/nomad_b-
2023-05-25,성동구 호재,https://blog.naver.com/nomad_b-/223111301524
2023-05-25,,https://blog.naver.com/jho10040
2023-05-25,성수맛집에는 가성비좋고 핫플인 헬렐레,https://blog.naver.com/jho10040/223111236153
2023-05-25,,https://blog.naver.com/zazain-38
2023-05-25,성수맛집 자체 생산 비법 소스가 맛있는 핵밥 성수본점,https://blog.naver.com/zazain-38/223111087536
2023-05-26,,https://blog.naver.com/mhintw
2023-05-26,키워드로 정리해보는 첫 도쿄 여행 감상,https://blog.naver.com/mhintw/223112794213
2023-05-26,,https://blog.naver.com/tesoro88
2023-05-26,성수동 유럽풍 신상 카페 씨장 SSIJANG - 바게트 브런치 맛집,https://blog.naver.com/tesoro88/223112571542
2023-05-26,롯데리조트회원권 후기로 알아보는 속초 부여 여행 팁!,https://blog.naver.com/emsya1/223112406605
2023-05-26,,https://blog.naver.com/und_ewig
2023-05-26,성수맛집 으로 헬렐레 많이 찾는 곳,https://blog.naver.com/und_ewig/223112307172
2023-05-26,,https://blog.naver.com/chkh506
2023-05-26,"강남·성수 상업시설, 코로나 초기보다 매매가 60% 이상 '껑충'",https://blog.naver.com/chkh506/223112190532
2023-05-26,,https://blog.naver.com/rogerskorea
2023-05-26,호텔가구40년로저스코리아의탁자테이블 010-****-****,https://blog.naver.com/rogerskorea/223112155629
2023-05-27,한국 여행지 추천 제주 가볼만한곳 제주도 동쪽 서쪽 코스 포함,https://blog.naver.com/oaasissya/223113520946
2023-05-27,,https://blog.naver.com/luvightx
2023-05-27,성수동 맛집 디올 팝업 코스 (성수 휴일주말뤠인금지^_T),https://blog.naver.com/luvightx/223113486490
2023-05-27,,https://blog.naver.com/bbupie94
2023-05-27,"[태국 여행] 방콕 1일차 일정 추천 및 여행 꿀팁❤️ ‘터미널 21’, ‘Have a Zeed’, ‘Jai Massage by heart’,조드페어 야시장‘",https://blog.naver.com/bbupie94/223113477514
2023-05-27,,https://blog.naver.com/cyhcute
2023-05-27,성수맛집 헬렐레,https://blog.naver.com/cyhcute/223113475213
2023-05-27,,https://blog.naver.com/lwj96512
2023-05-27,"[이천맛집]이천터미널근처맛집,이천시내찐맛집추천,이천시내데이트코스추천,이이식당(삽겹생강수제간장구이,병아리콩카레,모시조개와연어찜)",https://blog.naver.com/lwj96512/223113463452
2023-05-27,,https://blog.naver.com/somsomhands
2023-05-27,성수맛집 성수동 핫플 헬렐레,https://blog.naver.com/somsomhands/223113460102
2023-05-27,,https://blog.naver.com/ljhjyk1217
2023-05-27,"2023 서울시 MICE & GFC 첨단 복합단지 개발사업 추진 전략 및 수행 방안 등 지역 대변혁, 예고",https://blog.naver.com/ljhjyk1217/223113333549
2023-05-27,,https://blog.naver.com/luluji
2023-05-27,성수맛집은 분위기 좋은 헬렐레 에서 즐겨요,https://blog.naver.com/luluji/223113306656
2023-05-27,성수동 서울숲 놀거리 나비정원 & 곤충식물원/산딸나무꽃 ♡,https://blog.naver.com/hari33/223113227119
2023-05-27,,https://blog.naver.com/aozora112
2023-05-27,성수동 핫플레이스 카페 어니언 위치와 가는방법,https://blog.naver.com/aozora112/223113205530
2023-05-27,,https://blog.naver.com/mo33koo
2023-05-27,성수맛집 가성비 최고 핫플 헬렐레,https://blog.naver.com/mo33koo/223113203992
2023-05-27,,https://blog.naver.com/aqz1011
2023-05-27,"#조꼭 서울 투어 1일차 : 성수동, 인생네컷, 제제, 빌로우 까눌레, 뚝섬 한강공원",https://blog.naver.com/aqz1011/223113076090
2023-05-27,,https://blog.naver.com/min_ttoni
2023-05-27,"성수동 팝업 탐방기 :: 나이키 FC 팝업 네일아트, 코닥 팝업, 도어투성수 원소주 투고, 월간가슴 너의 힙을 지켜, 와인앤모어 성수역점 전통주",https://blog.naver.com/min_ttoni/223112990359
2023-05-27,,https://blog.naver.com/juddem1
2023-05-27,스위스 로잔 근교 가볼만한곳 모르쥬 (Morges 모르주) Grand Rue 풍경,https://blog.naver.com/juddem1/223112948589
2023-05-28,,https://blog.naver.com/jichosuk
2023-05-28,부산여행 코스 추천 해운대 라이언 홀리데이 인 부산 : RYAN HOLIDAY IN BUSAN,https://blog.naver.com/jichosuk/223114165180
2023-05-28,,https://blog.naver.com/ehdgml0124
2023-05-28,"파주데이트코스추천, 비올때 가기 좋은 통창 유리창 카페 :: 미메시스 아트 뮤지엄",https://blog.naver.com/ehdgml0124/223114157916
2023-05-28,,https://blog.naver.com/jung535050_
2023-05-28,다양한 안주가 있어 취향껏 고를 수 있는 선택 가능한곳 성수맛집 헬렐레,https://blog.naver.com/jung535050_/223114142574
2023-05-28,,https://blog.naver.com/tjdms32
2023-05-28,성수맛집 인스타 핫플레이스 헬렐레 드디어 다녀왔습니다,https://blog.naver.com/tjdms32/223114014600
2023-05-28,(성수동 가볼만한 곳) 성수동 핫플레이스 아모레 성수 방문,https://blog.naver.com/kjae1214/223113856875
2023-05-28,,https://blog.naver.com/hyungbin100
2023-05-28,"성수동 2030들의 핫플 명소 헬렐레, 힙한 분위기와 맛있는 음식으로 SNS에서 화제",https://blog.naver.com/hyungbin100/223113847846
2023-05-28,,https://blog.naver.com/hanny1083
2023-05-28,[맛집투어]내돈내산/성수동 치우~프랑스 달팽이요리 맛집최고! 핫플레이스/와인맛집/데이트추천/추천/ 먹방투어~,https://blog.naver.com/hanny1083/223113844274
2023-05-28,,https://blog.naver.com/tjdus25
2023-05-28,데이트 코스로 강추하는 성수 술집 성수명당 탐방기,https://blog.naver.com/tjdus25/223113818269
2023-05-28,,https://blog.naver.com/jjp99c0o
2023-05-28,5곳의 숨은 명소로 떠나는 도시 구석구석 탐험 여행,https://blog.naver.com/jjp99c0o/223113727130
2023-05-28,,https://blog.naver.com/willy1109
2023-05-28,행복을 주는 브랜드 “오롤리데이 팝업” | 2023 비해피어 캠페인 | 오롤리데이 추천 성수동코스,https://blog.naver.com/willy1109/223113726157
2023-05-28,,https://blog.naver.com/qqhwwkrdl
2023-05-28,좋은 기억과 추억을 남기기 좋은 곳 | 성수동 린 leeeeean,https://blog.naver.com/qqhwwkrdl/223113645629
2023-05-28,,https://blog.naver.com/suogi1
2023-05-28,북변 다시 돌아 봄. 전시 연계 프로그램. 부모님과 함께 그림 그리기,https://blog.naver.com/suogi1/223113642339
2023-05-28,,https://blog.naver.com/pjk6026
2023-05-28,선릉역 저녁식사 최고의 곱창으로 소문난 집 60년전통 신촌 황소곱창 선릉직영점,https://blog.naver.com/pjk6026/223113624834
2023-05-28,,https://blog.naver.com/soozhn
2023-05-28,안녕하세요,https://blog.naver.com/soozhn/223113570490
2023-05-28,,https://blog.naver.com/klamaria
2023-05-28,언니의 조언으로,https://blog.naver.com/klamaria/223113551292
2023-05-28,,https://blog.naver.com/y00nsh0220
2023-05-28,"여행일기 EP2) 도브리에 프라하 |또 스벅, 알폰소 무하 박물관, 프라하 국립 미술관, 극락 가는 페트린 타워 뷰, 브런치 카페 한식 맛집 숙소 추천 ♀️",https://blog.naver.com/y00nsh0220/223113537714
2023-05-29,,https://blog.naver.com/iambright1
2023-05-29,파주 아기랑 방문하기 좋은 대형카페 ♥ 레드파이프 | 파주 아기랑 당일치기 코스 추천,https://blog.naver.com/iambright1/223114927968
2023-05-29,,https://blog.naver.com/ymsmile0502
2023-05-29,성수동 카페 거리 나들이_LCDC SEOUL. DIOR성수.대림창고,https://blog.naver.com/ymsmile0502/223114847045
2023-05-29,,https://blog.naver.com/kjsy75
2023-05-29,성수 맛집 핫플공간 헬렐레,https://blog.naver.com/kjsy75/223114782355
2023-05-29,,https://blog.naver.com/sae9840
2023-05-29,성수맛집 찾으시면 헬렐레,https://blog.naver.com/sae9840/223114692449
2023-05-29,,https://blog.naver.com/skacksdns
2023-05-29,성수맛집 핫플 분위기 좋은 헬렐레,https://blog.naver.com/skacksdns/223114670255
2023-05-29,성수역 서울숲 놀거리 핫플 성수동 가볼만한곳 팝업스토어 라이카 데이트코스 추천,https://blog.naver.com/yerini95n/223114572910
2023-05-29,,https://blog.naver.com/hohosol0814
2023-05-29,일본여행 가면 제일 많이 사오게 되는 폼클렌징 센카퍼펙트 휩 팝업,https://blog.naver.com/hohosol0814/223114544516
2023-05-29,,https://blog.naver.com/kdh890666
2023-05-29,"(광장동-광진구 아파트시세)뒤로는 아차산 앞으로는 한강변 고급 주택이 많은곳, 광장동!!...광진구 광장동의 아파트 시세를 알아볼까요?",https://blog.naver.com/kdh890666/223093505910
2023-05-29,,https://blog.naver.com/rhrnfu70
2023-05-29,[태국/방콕 여행] #3 어제와 오늘이 마주보며 서 있는,https://blog.naver.com/rhrnfu70/223114250292
2023-05-29,,https://blog.naver.com/realbloom
2023-05-29,미스 디올 전시 & 팝업 성수동 플라츠2(무료 초대),https://blog.naver.com/realbloom/223114214072
2023-05-29,,https://blog.naver.com/lh4ever
2023-05-29,[성수] 친환경 가방 팝업스토어 '마르헨제이 성수',https://blog.naver.com/lh4ever/223114209460
2023-05-30,성수 가볼만한곳 서울 성수동 핫플 루프탑 와인바 데이트코스,https://blog.naver.com/niky8888/223115955908
2023-05-30,,https://blog.naver.com/obnfxblj
2023-05-30,서울의 매혹적인 숨은 명소 탐방,https://blog.naver.com/obnfxblj/223115840800
2023-05-30,,https://blog.naver.com/namnami22
2023-05-30,"#43. 런던 놀이터 추천 1, 배터시 파크(Battersea Park)",https://blog.naver.com/namnami22/223115750041
2023-05-30,,https://blog.naver.com/cococalf
2023-05-30,한 줄 중국어 55 꿈깨요 想得美 꿈깨! 꿈도 야무지네. 생각은 좋네. 생각이야 좋지! + 주말 체크인 : 도치피자 @비오는 낭만,https://blog.naver.com/cococalf/223115687164
2023-05-30,,https://blog.naver.com/abcdefgi_
2023-05-30,"10년만에 간 도쿄 자유여행 2편 (부제 : 지브리미술관, 에노시마)",https://blog.naver.com/abcdefgi_/223115622379
2023-05-30,,https://blog.naver.com/shanghairealestate
2023-05-30,"서울, 글로벌 TOP5 도시되기 위해 준비 중",https://blog.naver.com/shanghairealestate/223115505968
2023-05-30,,https://blog.naver.com/bupalace
2023-05-30,"소문난성수감자탕 우거지 감자탕 후기, 가는방법 (서울숲 성수역 백종원 감자탕 맛집)",https://blog.naver.com/bupalace/223115381119
2023-05-30,,https://blog.naver.com/dbswjdrla08
2023-05-30,성수동 드로잉카페 특이한 데이트 코스 아티룸,https://blog.naver.com/dbswjdrla08/223114848887
2023-05-30,,https://blog.naver.com/bokjjeong
2023-05-30,"[이탈리아] 로마 하루만에 모두 둘러보는 코스!! : 콜로세움, 포로로마노, 트레비분수, 젤라또맛집, 에스프레소맛집, 파스타, 브런치 ...더보기",https://blog.naver.com/bokjjeong/223115093685
2023-05-31,,https://blog.naver.com/gimmoomin
2023-05-31,블로그도 벼락치기,https://blog.naver.com/gimmoomin/223117028054
2023-05-31,,https://blog.naver.com/lilyhide
2023-05-31,서울지역 호재정리 (강남·서초·송파·마포·용산·성동구),https://blog.naver.com/lilyhide/223117026193
2023-05-31,,https://blog.naver.com/hys6204
2023-05-31,성수동핫플레이스 - 화덕피자인 도치 피자 점,https://blog.naver.com/hys6204/223117015789
2023-05-31,성수동 디저트 카페 포토존 많은 크로플다일 힙해!,https://blog.naver.com/jiah007/223116771467
2023-05-31,"성수동 데이트 코스, 고급진 성수역초밥 맛집! 스시도쿠 더성수 추천 빵~!!",https://blog.naver.com/e_muffin/223116725551
2023-05-31,,https://blog.naver.com/ssy945
2023-05-31,"SM본사 [문화/공공-문화공간] SM이 컬처 테크놀로지로 K-POP의 감동을 전하는 창, LG LED 사이니지",https://blog.naver.com/ssy945/223116718948
2023-05-31,,https://blog.naver.com/wls7780
2023-05-31,서울/성수동) 실내에서 느낄 수 있는 자연 체험 전시회'섬세이 테라리움',https://blog.naver.com/wls7780/223116669851
2023-05-31,,https://blog.naver.com/1clavin
2023-05-31,성수중독자의 성수뿌시기,https://blog.naver.com/1clavin/223116495553
2023-05-31,,https://blog.naver.com/hk70090
2023-05-31,데이트 코스 “성수다락” 맛집,https://blog.naver.com/hk70090/223116481629
2023-05-31,성수동 팝업스토어 마르헨제이 성수 애플레더 비건브랜드,https://blog.naver.com/ssovely8/223115994955
2023-05-31,성수 데이트 맛집 오마카세 오사이초밥 성수점에는 10년 이상의 경력을 지닌 일식 셰프가 있아요^^,https://blog.naver.com/bruce6363/223116148236
2023-05-31,성수데이트맛집 성수역 스테이크 고급스럽고 세련된 분위기 속 연인 데이트코스로 파스타 맛있게 즐겨봐요! With 노비아 에 노비오,https://blog.naver.com/ckddnjs3506/223114691980
2023-05-31,,https://blog.naver.com/qa5bgybl
2023-05-31,"""비 오는 날 어울리는 분위기 있는 여행지, 실내 데이트 추천 명소 5곳""",https://blog.naver.com/qa5bgybl/223116058224
2023-06-01,,https://blog.naver.com/vitamin_suna
2023-06-01,"서울 빵지순례 필수코스! 성수동 프레즐 맛집, 카페 브레디포스트",https://blog.naver.com/vitamin_suna/223118015225
2023-06-01,서울 산책로 추천 성수동 놀거리 서울숲 놀이터 자전거 야경 야간 산책 데이트 밤에갈만한곳 주차장 정보,https://blog.naver.com/sinsemi0717/223117921813
2023-06-01,,https://blog.naver.com/skylooklove1
2023-06-01,성수 데이트 필수코스인 이곳! 브리비트 추천해요!,https://blog.naver.com/skylooklove1/223117782033
2023-06-01,나뚜루 팝업스토어 시크릿가든 성수동맛집 서울실내놀거리 이색데이트코스,https://blog.naver.com/youliyan/223117770675
2023-06-01,성수동 데이트코스 가볼만한곳 세상 꿀잼 <오레오 팝업스토어>,https://blog.naver.com/tjdrud34/223114352301
2023-06-01,,https://blog.naver.com/sart7979
2023-06-01,'패션 핫플레이스' 성수동 유명 패션 브랜드 팝업스토어,https://blog.naver.com/sart7979/223117550222
2023-06-01,,https://blog.naver.com/cashewnut03
2023-06-01,"LA&베가스 여행 DAY 1: 이딴게 천조국?(입국 후 첫 타코, LA지하철, 할리우드거리, 인앤아웃, 멜로즈거리)",https://blog.naver.com/cashewnut03/223117382734
2023-06-01,성동구 성수동 핫플레이스 성수동 카페거리인근 꼬마빌딩매매사례,https://blog.naver.com/andamiro1702/223117332468
2023-06-01,이태원 데이트 가볼만한곳 이슬람사원 햄버거 카페 소품샵,https://blog.naver.com/amlee74/223117275558
2023-06-01,,https://blog.naver.com/carpediem0218
2023-06-01,"[오늘의 나들이] 맑은 날, 서울 거리 산책 - 한남동, 이태원, 성수동",https://blog.naver.com/carpediem0218/223117270546
2023-06-01,,https://blog.naver.com/yangmoon505
2023-06-01,서울숲맛집 오뜨로 부엔 디아,https://blog.naver.com/yangmoon505/223117136574
2023-06-02,,https://blog.naver.com/minsun504
2023-06-02,데이트코스추천 남영동양문성수점 성수동맛집,https://blog.naver.com/minsun504/223118924405
2023-06-02,,https://blog.naver.com/imfine_ayoung
2023-06-02,성수동맛집 숨은 보석같은 진작다이닝,https://blog.naver.com/imfine_ayoung/223118912208
2023-06-02,,https://blog.naver.com/soosoojjang
2023-06-02,♡성수역 미용실 추천 ‘온야드 성수점’ 다정 디자이너 (성수동 펌 맛집)♡,https://blog.naver.com/soosoojjang/223118856521
2023-06-02,,https://blog.naver.com/kkoma_star
2023-06-02,여수 핸드드립 커피 스페셜티 카페 29COFFEE,https://blog.naver.com/kkoma_star/223118843966
2023-06-02,,https://blog.naver.com/clap4u2368
2023-06-02,"5월 어느 화창한 날 (충주여행, 경주2박3일여행, 서울숲데이트)",https://blog.naver.com/clap4u2368/223118786687
2023-06-02,,https://blog.naver.com/myungsook2020
2023-06-02,성수맛집 대취 강추합니다,https://blog.naver.com/myungsook2020/223118667593
2023-06-02,,https://blog.naver.com/quasarpulsar
2023-06-02,"4월 주말여행_창원,대구,서울",https://blog.naver.com/quasarpulsar/223118658348
2023-06-02,,https://blog.naver.com/ggbb0119
2023-06-02,성수맛집 특별한 메뉴로 술안주를 즐길수 있는 대취,https://blog.naver.com/ggbb0119/223118630447
2023-06-02,,https://blog.naver.com/newsian0
2023-06-02,[르포] MZ 핫플 '성수'는 오늘도 공사 중...하룻밤 새 매장 열고 닫고,https://blog.naver.com/newsian0/223118315484
2023-06-02,국립419민주묘지공원에서 즐기는 리얼월드 무료 야외방탈출게임,https://blog.naver.com/wyddl6/223117398172
2023-06-02,아쿠아플라넷 여수 뮤지엄오브컬러 가족 여행 할인 및 주변 가볼만한곳,https://blog.naver.com/sexysharon/223118169583
2023-06-02,,https://blog.naver.com/ck48632004
2023-06-02,6월에 가볼만한 곳 베스트 6,https://blog.naver.com/ck48632004/223118149624
2023-06-02,서울 캠핑 용품 성수동 히떼 HYTTE 핫플레이스 매장 오픈식,https://blog.naver.com/rizmam/223117954350
2023-06-02,,https://blog.naver.com/knoll485
2023-06-02,[성수동맛집]데이트장소로 핫한 봄의정원 성수점에 방문했어요!,https://blog.naver.com/knoll485/223118143882
2023-06-03,서울숲 커피맛집 포배럴카페 성수동 카페거리 데이트코스 가볼만한곳,https://blog.naver.com/yesun81/223119601115
2023-06-03,,https://blog.naver.com/mochibol
2023-06-03,"서울 튤립명소, 서울숲 주차 | 튤립정원",https://blog.naver.com/mochibol/223119592529
2023-06-03,,https://blog.naver.com/yeonsumon
2023-06-03,성수동 빵집 어니언 빵 추천 /성수동 커피 맛집 창창커피,https://blog.naver.com/yeonsumon/223119571685
2023-06-03,,https://blog.naver.com/lwy113
2023-06-03,"뉴욕 투어 - 리틀 아일랜드, 하이라인파크, 첼시마켓, 스타벅스 리저브 로스터리, 베슬",https://blog.naver.com/lwy113/223119498249
2023-06-03,,https://blog.naver.com/yjrch42
2023-06-03,"성수맛집, 즐거운 분위기의 '대취'",https://blog.naver.com/yjrch42/223119401340
2023-06-03,,https://blog.naver.com/zazubit1716
2023-06-03,대취 성수맛집 : 특색있는 한식 안주와 술이 매력적인 맛집,https://blog.naver.com/zazubit1716/223119301351
2023-06-03,,https://blog.naver.com/gaoo2020
2023-06-03,외국인 친구들에게 소개하고픈 서울 맛집 7곳,https://blog.naver.com/gaoo2020/223118359950
2023-06-03,,https://blog.naver.com/k7777mk
2023-06-03,성수맛집 대취 입니다.,https://blog.naver.com/k7777mk/223119267951
2023-06-03,맛있는 안주가 있는 성수맛집 대취,https://blog.naver.com/jimmij/223119262834
2023-06-03,,https://blog.naver.com/onoff83
2023-06-03,해운대 해리단길 부산 명소 : 주차장 정보 포함!,https://blog.naver.com/onoff83/223119246142
2023-06-03,,https://blog.naver.com/jwparkbgy
2023-06-03,"샤넬도, 뵈브 클리코도 “힙해진 한옥 문화재를 찾아라”",https://blog.naver.com/jwparkbgy/223119081197
2023-06-03,,https://blog.naver.com/nsunday
2023-06-03,빈대떡∙곱창집 옆 힙한 카페…할매 입맛 MZ '광장' 몰려갔다,https://blog.naver.com/nsunday/223119063999
2023-06-03,,https://blog.naver.com/pinkxxsuexx
2023-06-03,광주예술여행 미술인친구들과 예술여행가기 3편; 무등산 증심사,https://blog.naver.com/pinkxxsuexx/223119049145
2023-06-03,,https://blog.naver.com/sunjoo_1021
2023-06-03,서울 가볼만한곳 당일 나들이,https://blog.naver.com/sunjoo_1021/223116655444
2023-06-04,,https://blog.naver.com/yoonhee721114
2023-06-04,[서울 나들이] 서울공릉동 도깨비 시장 & 서울 숲,https://blog.naver.com/yoonhee721114/223120275782
2023-06-04,,https://blog.naver.com/earth_view
2023-06-04,서울숲_ 주말 힐링 명소 서울숲 공원 다녀온 후기 (걷기 좋은 서울 시내 숲속 공원에서 꽃구경 사슴구경하기),https://blog.naver.com/earth_view/223120018872
2023-06-04,서울 가볼만한 곳 BEST 추천,https://blog.naver.com/b1106b/223119995151
2023-06-04,,https://blog.naver.com/bkbny1021
2023-06-04,성동구 발품기 - 금토림 부동산 기초 조별 과제,https://blog.naver.com/bkbny1021/223119986576
2023-06-04,성수동 데이트코스 백정돈공장,https://blog.naver.com/icanbemyself/223119913989
2023-06-04,,https://blog.naver.com/gomistory
2023-06-04,"[송리단길맛집] 금금 송리단길점에서 정말 맛있는 퓨전한식으로 특별하게 데이트 하고 왔어요! (위치, 가격, 영업시간, 송리단길밥집, 송리단길데이트코스)",https://blog.naver.com/gomistory/223119909263
2023-06-04,,https://blog.naver.com/cshwan3122
2023-06-04,아무튼 주말,https://blog.naver.com/cshwan3122/223119829088
2023-06-04,,https://blog.naver.com/dailysenti
2023-06-04,[뚝섬] 성수동 데이트코스 뚝섬역 빈티지 그릇 소품샵 쇼룸 앙뜨,https://blog.naver.com/dailysenti/223119595377
2023-06-04,"성수맛집 대취, 놀라운 안주 인기만점",https://blog.naver.com/dreamsmile19/223119808142
2023-06-04,,https://blog.naver.com/zyyyong
2023-06-04,"성수동 맛집 카페 핫플투어 (시옹마오, 포인트오브뷰, 메종드마가레뜨, 먼치스앤구디스)",https://blog.naver.com/zyyyong/223119799349
2023-06-04,,https://blog.naver.com/jy780209
2023-06-04,성수맛집 대취,https://blog.naver.com/jy780209/223119734724
2023-06-04,,https://blog.naver.com/choco_mylife
2023-06-04,(부산여행) 부산에서 꼭 가야할 곳...줄리안 오피 개인전이 열리는 복합문화공간 'F1963',https://blog.naver.com/choco_mylife/223112593166
2023-06-04,이벤트 48개,https://blog.naver.com/sorrjj/223119713387
2023-06-04,,https://blog.naver.com/youn-hwo
2023-06-04,유명한 성수맛집 대취 강추,https://blog.naver.com/youn-hwo/223119704519
2023-06-04,,https://blog.naver.com/hyojin8028
2023-06-04,성수맛집 다양하고 특색있는 안주와 특별한 하이볼을 맛볼수 있는곳 대취,https://blog.naver.com/hyojin8028/223119690531
2023-06-04,,https://blog.naver.com/ufsdubai
2023-06-04,대취 가성비 좋은 성수맛집,https://blog.naver.com/ufsdubai/223119686187
2023-06-05,,https://blog.naver.com/op9247
2023-06-05,[5월20일 기록] 성수동 나들이,https://blog.naver.com/op9247/223121228860
2023-06-05,,https://blog.naver.com/put20
2023-06-05,성수동카페거리 소품샵과 팝업스토어 방문한 장소만 9곳이라니!,https://blog.naver.com/put20/223121228081
2023-06-05,성수맛집 대취,https://blog.naver.com/0114jusoun/223121112259
2023-06-05,성수동 삼표레미콘부지 글로벌 미래 업무지구로 도약!,https://blog.naver.com/weonus_/223121042779
2023-06-05,,https://blog.naver.com/mkjtlhot012
2023-06-05,히로시마식 오코노미야끼를 맛볼 수 있는 서울 성수동 핫쵸,https://blog.naver.com/mkjtlhot012/223120941180
2023-06-05,샤스타데이지 키우기 꽃말 마가렛데이지 서울숲 꽃천국 luv it,https://blog.naver.com/humorous07/223120840852
2023-06-05,"35년 된 이발소, 꽃으로 뒤덮이다! 백발의 이발사가 전하는 감동",https://blog.naver.com/120seoulcall/223120590996
2023-06-05,,https://blog.naver.com/muul_bum
2023-06-05,<제스티살룬 성수>서울숲 수제버거 맛집 영자언니픽 새우버거& 주말 방문후기와 웨이팅 &주차,https://blog.naver.com/muul_bum/223120627268
2023-06-05,그레이트 한강 프로젝트 부동산 시장 전망?,https://blog.naver.com/weonus_/223120508551
2023-06-05,,https://blog.naver.com/official_bs
2023-06-05,"[수자인] 밸런스를 찾아서, [청량리역 한양수자인 그라시엘]편",https://blog.naver.com/official_bs/223118526427
2023-06-05,,https://blog.naver.com/3333vndvnd
2023-06-05,성수 맛집 서울성수맛집 미도인,https://blog.naver.com/3333vndvnd/223120468985
2023-06-05,,https://blog.naver.com/ntrybate
2023-06-05,서울숲 간단한 정보들,https://blog.naver.com/ntrybate/223120377414
2023-06-05,,https://blog.naver.com/occkei
2023-06-05,성수동에서 뚝섬역까지 성수 팝업스토어 구경하기_6월 첫째주,https://blog.naver.com/occkei/223120365875
2023-06-06,,https://blog.naver.com/rie_ah_
2023-06-06,"6월 첫 주말 성수동 투어｜브레디포스트 성수, 카린지, 카야네, 크림라벨, 서울앵무새, 뚝섬유수지 공영주차장",https://blog.naver.com/rie_ah_/223121938660
2023-06-06,성수맛집 대취에서 즐겁게 식사를 하였어요,https://blog.naver.com/kinggift8687/223121821801
2023-06-06,,https://blog.naver.com/samai4755
2023-06-06,성수맛집 대취 추천 맛집,https://blog.naver.com/samai4755/223121653865
2023-06-06,,https://blog.naver.com/seriousjoon
2023-06-06,"성수맛집 성수감성이 함께 어우러진, 미도인",https://blog.naver.com/seriousjoon/223121625072
2023-06-06,,https://blog.naver.com/hello_imny
2023-06-06,2023.04 - 2023.05,https://blog.naver.com/hello_imny/223121564819
2023-06-06,성수동 메인거리 핫한 분위기 맛집 대취,https://blog.naver.com/nomadcell/223121560851
2023-06-06,,https://blog.naver.com/ylookee
2023-06-06,성수맛집 대취,https://blog.naver.com/ylookee/223121530926
2023-06-06,,https://blog.naver.com/makemll
2023-06-06,[수원 광교 맛집] 광교카페거리 꼭 먹어봐야하는 직화 왕갈비 쌀국수 맛집쌀국수 맛집_ 꾸아 광교점,https://blog.naver.com/makemll/223121498367
2023-06-06,,https://blog.naver.com/yan6778
2023-06-06,성수맛집 대취 에서의 특별한 경험을 소개합니다.,https://blog.naver.com/yan6778/223121470617
2023-06-06,성수맛집 요리주점 대취,https://blog.naver.com/xcandyx3230/223121456738
2023-06-06,,https://blog.naver.com/who326
2023-06-06,[뚝섬역 1번출구 쿠키 맛집] 성수동 쿠키도우즈,https://blog.naver.com/who326/223121422141
2023-06-06,,https://blog.naver.com/woojoo747
2023-06-06,"성동구 임장(성수정비전략지구, 1지구 재건축...)",https://blog.naver.com/woojoo747/223121408738
2023-06-07,,https://blog.naver.com/noniguki
2023-06-07,[일본 도쿄] 3박4일 배낭여행 1️⃣ / 맛도리 / 신나게 먹고 걷기 / 도쿄 맛집 추천 / 막무가내 일정 1일차 2일차 / 도쿄정복,https://blog.naver.com/noniguki/223122975705
2023-06-07,,https://blog.naver.com/xsineex
2023-06-07,"3월, 벌써 봄이네",https://blog.naver.com/xsineex/223122367476
2023-06-07,,https://blog.naver.com/jbmyellow
2023-06-07,"서울숲 맛집, 데이트 코스로 좋은 겉바속촉 돈카츠 '정돈 성수점'",https://blog.naver.com/jbmyellow/223122254949
2023-06-07,MZ세대 핫플 찾는 외국인들 “뻔한 관광지 NO”,https://blog.naver.com/richhuub1/223122204170
2023-06-07,,https://blog.naver.com/joycham
2023-06-07,삼청동 신상카페 삼청동 마운틴뷰가 시원하게 보이는 앞터서울,https://blog.naver.com/joycham/223120575091
2023-06-07,성수역 놀거리 마크곤잘레스 팝업스토어 데이트코스,https://blog.naver.com/davi-kim/223119487781
2023-06-07,,https://blog.naver.com/doxy4
2023-06-07,성수동 맛집 '도치피자' 성수 데이트 코스,https://blog.naver.com/doxy4/223120117710
2023-06-07,꿈배감성 산업지식 (230607),https://blog.naver.com/memebena8585/223122126517
2023-06-08,,https://blog.naver.com/fn4ck7pg
2023-06-08,국내에서 인기 있는 빈티지 숍과 실내 데이트 코스 추천,https://blog.naver.com/fn4ck7pg/223123767390
2023-06-08,,https://blog.naver.com/wusr6r0h
2023-06-08,도시의 야경 명소 추천,https://blog.naver.com/wusr6r0h/223123681466
2023-06-08,,https://blog.naver.com/yeomi_snap
2023-06-08,"서울 바베큐파티룸, 루프탑 야외테라스에서 즐기고 올 수 있는 옥탑방성수",https://blog.naver.com/yeomi_snap/223123562209
2023-06-08,,https://blog.naver.com/knm0003
2023-06-08,성수동 핫플 웨이팅 맛집 미도인ㅣ솔직후기 음...,https://blog.naver.com/knm0003/223123436710
2023-06-08,,https://blog.naver.com/sopimi
2023-06-08,성수동 필수코스맛집 / 타코튜즈데이 <성수본점>,https://blog.naver.com/sopimi/223123434200
2023-06-08,,https://blog.naver.com/playwings
2023-06-08,자연으로 가득한 서울 여행 명소! 서울에서 삼림욕을 할 수 있는 푸르른 여행지를 소개합니다!,https://blog.naver.com/playwings/223123388013
2023-06-08,,https://blog.naver.com/my-rememver
2023-06-08,성수맛집 안주맛좋은곳 대취!!,https://blog.naver.com/my-rememver/223123315084
2023-06-08,꿈배감성 소비지식 (230608),https://blog.naver.com/memebena8585/223123262443
2023-06-08,,https://blog.naver.com/chahyunin
2023-06-08,성수 양식 파스타 맛집 성수 이루다 (2LOODA),https://blog.naver.com/chahyunin/223122395429
2023-06-08,,https://blog.naver.com/wjdgusl0221
2023-06-08,성수맛집 대취 한식안주가 맛있는 요리주점,https://blog.naver.com/wjdgusl0221/223123114549
2023-06-08,,https://blog.naver.com/jaeyoung0935
2023-06-08,성수동에서 하루쯤,https://blog.naver.com/jaeyoung0935/223123114543
2023-06-08,,https://blog.naver.com/crcmcd
2023-06-08,"체리언니 카페투어_80 / 용리단길 베이커리 카페 서울앵무새, 퀸아망 디저트 맛집",https://blog.naver.com/crcmcd/223123021314
2023-06-08,,https://blog.naver.com/igosee
2023-06-08,"오랫만에 다시 찾은 서울숲, 산수국꽃 구경",https://blog.naver.com/igosee/223123095834
2023-06-08,,https://blog.naver.com/dvdream2222
2023-06-08,"성수맛집 대취, 다양한 한식 안주와 멋진 분위기의 핫플",https://blog.naver.com/dvdream2222/223123087274
2023-06-08,,https://blog.naver.com/k0201511
2023-06-08,뚝섬 맛집 데이트 코스로 좋은 오뜨로 부엔 디아,https://blog.naver.com/k0201511/223123073321
2023-06-08,,https://blog.naver.com/kim90822
2023-06-08,성수 맛집 대취,https://blog.naver.com/kim90822/223123070583
2023-06-08,,https://blog.naver.com/sopia8388
2023-06-08,성수맛집 데이트장소 알아보신다면 대취,https://blog.naver.com/sopia8388/223123031631
2023-06-09,6월 수국 서울숲 데이트 힙합&뮤직페스티벌축제 성수동 놀거리있는 주말 나들이장소 가볼만한곳,https://blog.naver.com/yesun81/223124862332
2023-06-09,,https://blog.naver.com/realtytalk80
2023-06-09,(야간답사)성수동 아뜰리에길 답사,https://blog.naver.com/realtytalk80/223124671863
2023-06-09,,https://blog.naver.com/jnny5032
2023-06-09,서울숲 아이파크 리버포레 상업시설 (분양) 관심,https://blog.naver.com/jnny5032/223124609941
2023-06-09,,https://blog.naver.com/d1qmlrf9
2023-06-09,"성수동맛집, 헤비스테이크 성수점 - 고기 덜덜덜~ 덜어줄 수 없는 인기 맛집!",https://blog.naver.com/d1qmlrf9/223124489698
2023-06-09,,https://blog.naver.com/ravvit0078
2023-06-09,성수맛집 안주를 다양하게 맛볼수 있는곳 대취,https://blog.naver.com/ravvit0078/223124465287
2023-06-09,성수맛집 새로생긴 한식 안주 기반의 술집 대취,https://blog.naver.com/inyoung9635/223124320761
2023-06-09,,https://blog.naver.com/kmj7276
2023-06-09,성수 와인바 씩씩 서울숲산책 후 데이트코스로 딱!,https://blog.naver.com/kmj7276/223124210033
2023-06-09,,https://blog.naver.com/xt_wish1
2023-06-09,여기서 담배 피면 바보,https://blog.naver.com/xt_wish1/223124144339
2023-06-09,꿈배감성 문화감각 (230609),https://blog.naver.com/memebena8585/223124091493
2023-06-09,성수동 핫플 데이트코스 가볼만한곳 오마카세 맛집 올음,https://blog.naver.com/lv5photo/223123731524
2023-06-10,,https://blog.naver.com/01kjieun
2023-06-10,벨기에 1일차 브뤼셀 / 플버는 놓쳤지만 버스킹은 안 놓침!,https://blog.naver.com/01kjieun/223120201242
2023-06-10,,https://blog.naver.com/kongsrecord
2023-06-10,5-5. 햄복했던 남표니 생일주간,https://blog.naver.com/kongsrecord/223125350146
2023-06-10,,https://blog.naver.com/gusthf1332
2023-06-10,성수역 카페 데이트코스로 좋은 와인바 겸 감성카페 삼옥,https://blog.naver.com/gusthf1332/223125335706
2023-06-10,서울 수국 명소 서울숲 수국 위치와 현재 개화상태,https://blog.naver.com/melodytravel/223125315715
2023-06-10,,https://blog.naver.com/sunsky56099
2023-06-10,성수역술집 성수맛집 대취,https://blog.naver.com/sunsky56099/223125163873
2023-06-10,,https://blog.naver.com/paris_2000
2023-06-10,성수맛집 가족외식하기 좋은 대취,https://blog.naver.com/paris_2000/223125126469
2023-06-10,"서울숲 수국길 꽃구경, 6월 가볼 만한 곳 (수국 개화 시기)",https://blog.naver.com/shootar/223124969335
2023-06-10,수원 그해우리는 촬영지부터 행리단길 주차와 소품샵까지 데이트하기 좋은 곳들을 모아!,https://blog.naver.com/put20/223124869804
2023-06-10,안산 고잔동 연탄구이 맛집 왕주먹,https://blog.naver.com/gagamal740718/223124804619
2023-06-11,부산 블루보틀 팝업 커피트럭이 있는 해운대 더베이101 다녀왔어요,https://blog.naver.com/pigdanny0113/223126163455
2023-06-11,,https://blog.naver.com/seoynch
2023-06-11,1/2,https://blog.naver.com/seoynch/223126093314
2023-06-11,,https://blog.naver.com/thdgml_00
2023-06-11,#서울와인바 #성수동데이트코스 #성수동와인바 #희릿 #뇨끼 #부라타치즈샐러드,https://blog.naver.com/thdgml_00/223125983658
2023-06-11,,https://blog.naver.com/yuj4870
2023-06-11,맛집) 서울숲 삼청동 샤브,https://blog.naver.com/yuj4870/223125968575
2023-06-11,,https://blog.naver.com/shtjdrud34
2023-06-11,태국 푸켓 자유여행 추천 코스 선셋 명소 FUGA BEACH CLUB,https://blog.naver.com/shtjdrud34/223125965410
2023-06-11,,https://blog.naver.com/kmw3842
2023-06-11,성수맛집의 한식 안주의 요리주점에서 다양한 안주를 먹어보는 대취,https://blog.naver.com/kmw3842/223125933449
2023-06-11,코엑스맛집 쉑쉑버거 다녀온 이야기,https://blog.naver.com/son018/223125927572
2023-06-11,홍대 상권 절반 공실에도 평당 300만원 강남보다 비싼 임대료?,https://blog.naver.com/abcdhe14/223125857436
2023-06-11,,https://blog.naver.com/leo9
2023-06-11,서울 상암 하늘공원 억새축제를 다녀오다~,https://blog.naver.com/leo9/223125716280
2023-06-12,,https://blog.naver.com/pgu_duck
2023-06-12,2023-06-13 데일리 BTS,https://blog.naver.com/pgu_duck/223127148941
2023-06-12,[성수 콩카세 서울숲 파스타 맛집] 특별한 라자냐와 비프웰링턴을 원한다면?! 서울숲 데이트 코스로 딱!!,https://blog.naver.com/moogstar1004/223127127176
2023-06-12,,https://blog.naver.com/gst3000
2023-06-12,"권기창 안동시장, 관광 선진지 벤치마킹 '광폭행보'",https://blog.naver.com/gst3000/223126941882
2023-06-12,,https://blog.naver.com/spring_hmong
2023-06-12,BTS 10th Anniversary FESTA,https://blog.naver.com/spring_hmong/223126915620
2023-06-12,,https://blog.naver.com/hmrt4633
2023-06-12,서울의 숨겨진 명소 5곳을 소개합니다,https://blog.naver.com/hmrt4633/223126836950
2023-06-12,,https://blog.naver.com/500-soo
2023-06-12,BTS 10th Anniversary FESTA 기념 서울 랜드마크,https://blog.naver.com/500-soo/223126734642
2023-06-12,[방콕 자유여행 DAY②-2] 3박5일 코스추천 (딸랏너이/디너크루즈/아시아틱),https://blog.naver.com/travelwinners/223820062255
2023-06-12,성주맛집 '대취' 한잔하기 좋은 요리주점,https://blog.naver.com/ehdehd77/223126505705
2023-06-12,,https://blog.naver.com/ehrgkr09
2023-06-12,성수맛집 대취 강추,https://blog.naver.com/ehrgkr09/223126393800
2023-06-12,성수맛집 요리주점 대취,https://blog.naver.com/ckkk33/223126370940
2023-06-12,,https://blog.naver.com/manibunny
2023-06-12,"서울 성수동 와인바 희릿, 데이트코스로 좋은 뇨끼 맛집",https://blog.naver.com/manibunny/223125676790
2023-06-12,,https://blog.naver.com/kokois1
2023-06-12,"[모음zip] 성수동 맛집,카페 | 도도한면. 터래기집들이. 멜로워성수더플래그쉽. 뚝도농원",https://blog.naver.com/kokois1/223126343692
2023-06-12,,https://blog.naver.com/aimee_diary
2023-06-12,<오프컬리> 미니도슨트:베이직식초,https://blog.naver.com/aimee_diary/223126263021
2023-06-12,,https://blog.naver.com/sinbs94
2023-06-12,대만 2일차 가오슝 운동하러 왔나..?,https://blog.naver.com/sinbs94/223126225595
2023-06-13,,https://blog.naver.com/sfam18
2023-06-13,성수맛집 성수동 메인거리에 위치해 있어 핫한 분위기 대취,https://blog.naver.com/sfam18/223128132632
2023-06-13,,https://blog.naver.com/flowuneji
2023-06-13,서울숲 여행 서울 성수동 가볼 만한 곳 서울숲 포토존,https://blog.naver.com/flowuneji/223128107666
2023-06-13,"MZ세대 핫플, 연예인 성지 성수동 분석(서울숲, 갤러리아포레, 아크로서울포레스트, 트리마제, 동아, 장미, 대림, 한진, 건영, 힐스테이트, 연무장길, 프로젝트렌트)",https://blog.naver.com/freemeadow/223128103063
2023-06-13,성수맛집 데이트장소 알아보신다면 대취,https://blog.naver.com/jiin717/223128054198
2023-06-13,,https://blog.naver.com/berrylovu0613
2023-06-13,"성수맛집 대취, 다양한 안주와 즐거움이 가득한 한식 요리주점",https://blog.naver.com/berrylovu0613/223128021612
2023-06-13,,https://blog.naver.com/75sos74f
2023-06-13,성수동맛집 헤비스테이크 성수점 모던하고 풍미 넘치는 스테이크를 즐겨보세요!,https://blog.naver.com/75sos74f/223127881675
2023-06-13,,https://blog.naver.com/mata1070
2023-06-13,서울숲 아이파크 리버포레 성수동 단지내 스트리트 상가 분양 최신정보,https://blog.naver.com/mata1070/223127864435
2023-06-13,서울숲의 야경과 주변 맛집인 진작다이닝,https://blog.naver.com/pt7294kim/223127712678
2023-06-13,"줄서서 먹을 정도의 성수동 2030 핫플 명소인 성수맛집, 대취",https://blog.naver.com/loveyul1839/223127634558
2023-06-13,,https://blog.naver.com/mmzu_
2023-06-13,네 꽃을 좋아합니다,https://blog.naver.com/mmzu_/223127490626
2023-06-13,,https://blog.naver.com/pearlpeach_melon
2023-06-13,[펄피치in포틀랜드] 파웰서점: 미국 최대독립서점 경제부문 베스트셀러는?,https://blog.naver.com/pearlpeach_melon/223127435906
2023-06-13,,https://blog.naver.com/lkj8318
2023-06-13,성수동 데이트코스로 안성맞춤인 성수 이자카야 현심야식당,https://blog.naver.com/lkj8318/223127431526
2023-06-13,축제는 지금이다! 「이번주 축제일정(6.12~6.18)」 서울/경기/인천축제목록,https://blog.naver.com/blackcatgo/223127345684
2023-06-13,,https://blog.naver.com/sprout_100
2023-06-13,2030년 서울 부동산 플랜(황태연),https://blog.naver.com/sprout_100/223127307052
2023-06-14,성수동 팝업스토어 성수 핫플 놀거리 데이트 코스 오레오 111주년 팝업,https://blog.naver.com/realjaekyo/223129126997
2023-06-14,성수동 데이트코스 가성비 좋은 돈까스 생맥주 맛집 투카츠,https://blog.naver.com/relapse2/223129104983
2023-06-14,"성수 맛집 한식 기반 요리주점 ""대취""를 추천드려요",https://blog.naver.com/cjdwn0691/223128826252
2023-06-14,"""횟집만 가득하던 부산 해운대에 '이 가게' 차렸더니 매출 대박""",https://blog.naver.com/realty_go/223128781847
2023-06-14,"성수맛집,대취 핫한 분위기 맛집 추천해요",https://blog.naver.com/yomiyomi0110/223128749358
2023-06-14,,https://blog.naver.com/forlambyou
2023-06-14,성수 술안주가 맛있는 요리주점 맛집~대취,https://blog.naver.com/forlambyou/223128743113
2023-06-14,,https://blog.naver.com/yeji5266
2023-06-14,블챌 안하니까 지대 밀림..,https://blog.naver.com/yeji5266/223128560559
2023-06-14,,https://blog.naver.com/ss059800
2023-06-14,"성수맛집 - 대취, 독특한 안주와 분위기 후기",https://blog.naver.com/ss059800/223128394889
2023-06-14,,https://blog.naver.com/comej6
2023-06-14,성수맛집 대취 핫한 분위기를 즐겨요,https://blog.naver.com/comej6/223128338435
2023-06-14,,https://blog.naver.com/sig28lsb
2023-06-14,"[공유] 신문뉴스 스크랩 모음 (2023-06-14, 수)",https://blog.naver.com/sig28lsb/223128318061
2023-06-14,2023-06-14 수요일 06:16 헤드라인 뉴스,https://blog.naver.com/artemis_2016/223128297025
2023-06-14,,https://blog.naver.com/mgee18
2023-06-14,성수동 데이트 코스/ 친구와 라탄 공예 만들기 두 번째 이야기✨,https://blog.naver.com/mgee18/223128258479
2023-06-15,,https://blog.naver.com/5line_note
2023-06-15,성수동 사람은 다 여기에 프레첼 명소 - 브레디포스트,https://blog.naver.com/5line_note/223130054859
2023-06-15,,https://blog.naver.com/bmto580
2023-06-15,"성수동의 핫플, 술과 안주의 새로운 즐길거리 대취를 추천합니다",https://blog.naver.com/bmto580/223129947072
2023-06-15,,https://blog.naver.com/sssreal
2023-06-15,"손대면 핫플, 성수동에 2곳 추가",https://blog.naver.com/sssreal/223129905783
2023-06-15,,https://blog.naver.com/naver_map
2023-06-15,2천만 이용자의 [관심지역]을 만나보세요,https://blog.naver.com/naver_map/223129884889
2023-06-15,,https://blog.naver.com/sangchul208
2023-06-15,성수맛집 한식 요리주점 대취 소개해요,https://blog.naver.com/sangchul208/223129866105
2023-06-15,,https://blog.naver.com/shine_beautiful_moon
2023-06-15,[뚝섬역돈가스맛집/성수동데이트코스] 안심이냐 등심이냐 그것이 문제로다. 새우튀김까지 먹을 수 있는 '투카츠',https://blog.naver.com/shine_beautiful_moon/223129857653
2023-06-15,,https://blog.naver.com/dkffod123
2023-06-15,서울숲 피크닉 캐스터네츠 성수동 데이트 행복,https://blog.naver.com/dkffod123/223124734101
2023-06-15,아이즈매거진 10주년 기념 브랜드 협업 성수 팝업 소식 feat. 주말 성수 데이트코스,https://blog.naver.com/wjddk3136/223129645763
2023-06-15,,https://blog.naver.com/esfjcouple
2023-06-15,"[성수/뚝섬] 서울숲 핫플레이스 카페 디저트 맛집: 서울앵무새 (메뉴, 내부공간, 굿즈 후기)",https://blog.naver.com/esfjcouple/223129643352
2023-06-15,,https://blog.naver.com/june9448
2023-06-15,"하프커피 성수 : 성수동 카페, 성수동 데이트 코스, 서울숲 카페, 성수동 핫한 카페 추천",https://blog.naver.com/june9448/223129528752
2023-06-15,,https://blog.naver.com/ordinary357
2023-06-15,성수 루프탑 카페｜연무장 [ft.서울야경카페],https://blog.naver.com/ordinary357/223128544930
2023-06-15,,https://blog.naver.com/hijoy123
2023-06-15,'한강뷰' 응봉1구역 사업시행인가 완료,https://blog.naver.com/hijoy123/223129444066
2023-06-15,,https://blog.naver.com/blury
2023-06-15,성수 카페 텅 성수 스페이스 감성 한 가득 데이트장소 솔직후기(ft.텅플래닛),https://blog.naver.com/blury/223129436279
2023-06-15,,https://blog.naver.com/flow_rich
2023-06-15,"서울숲아파트와 성수 임장(아크로포레스트, 블루보틀, 성수역)",https://blog.naver.com/flow_rich/223129035706
2023-06-16,,https://blog.naver.com/cphchoi
2023-06-16,성수맛집 추천! 대취,https://blog.naver.com/cphchoi/223130988315
2023-06-16,,https://blog.naver.com/dhodlfo55
2023-06-16,성수맛집 대취에서 퀄리티 높은 안주 드시면서 좋은시간 보내세요~,https://blog.naver.com/dhodlfo55/223130917512
2023-06-16,,https://blog.naver.com/welcometomy_world
2023-06-16,2월의 성수동 tour,https://blog.naver.com/welcometomy_world/223130719368
2023-06-16,,https://blog.naver.com/the_better_place
2023-06-16,[계약완료]뚝섬역 인근 그리드성수빌딩 사무실 4층 임대 정보,https://blog.naver.com/the_better_place/223130710397
2023-06-16,,https://blog.naver.com/dhmgkxm
2023-06-16,성수동데이트코스 추천 초특급 핫플 탄생 [테이스트앤드테이스트 플래그쉽 성수],https://blog.naver.com/dhmgkxm/223130560573
2023-06-16,성수동 퓨전양식맛집 성수이루다 분위기좋은 데이트코스,https://blog.naver.com/beauty5137/223130397041
2023-06-16,,https://blog.naver.com/hlhh7
2023-06-16,신용산 카페 맛집 서울앵무새 용리단길 초대형 베이커리 카페 (7만원치 메뉴 정복),https://blog.naver.com/hlhh7/223130386271
2023-06-17,,https://blog.naver.com/lovely_dove
2023-06-17,"Day6. 런던을 벗어나 브라이튼 근처 세븐시스터즈 만나러! + 윈저성 외관 구경, 웍투웍 포장 / 세븐시스터즈 투어 추천, 런던 근교 투어, 남부투어",https://blog.naver.com/lovely_dove/223131678300
2023-06-17,,https://blog.naver.com/izzdukzzi
2023-06-17,네이버 요즘여기판 (서울 주말 힐링명소 찜) 당첨,https://blog.naver.com/izzdukzzi/223131557004
2023-06-17,,https://blog.naver.com/dongsoon2750
2023-06-17,성수 안주맛집 ㅡ대취,https://blog.naver.com/dongsoon2750/223131506987
2023-06-17,담양 반려견 동반 카페 추천 ‘칠링스’ 대형견도 가능,https://blog.naver.com/popopotato/223131365314
2023-06-17,,https://blog.naver.com/rldud7710
2023-06-17,서울 성동구의 술맛이 좋은 맛집 대취,https://blog.naver.com/rldud7710/223131362710
2023-06-17,서울 여행 성수동 서울숲 놀거리 물놀이터 & 수국 피는 여름,https://blog.naver.com/anndam/223131308430
2023-06-17,"성수로운 와인바, 서울 성수동 핫플레이스 레스토랑 데이트 가볼만한 곳",https://blog.naver.com/labyrin_thos/223131239447
2023-06-17,성수동에서 즐기는 미식 로드 PART 2,https://blog.naver.com/casalife/223733204615
2023-06-18,,https://blog.naver.com/suemine
2023-06-18,뚝섬역 맛집 '아파스타먼' - 성수동 파스타 찐맛집 데이트코스,https://blog.naver.com/suemine/223132359528
2023-06-18,,https://blog.naver.com/yun_yeo
2023-06-18,"인천 차이나타운 업데이트, 신포시장 명물 야채치킨 꼭 먹어보세요",https://blog.naver.com/yun_yeo/223132335826
2023-06-18,,https://blog.naver.com/hellenpark1
2023-06-18,용리단길 카페 대형 베이커리 서울앵무새 데이트 코스 추천,https://blog.naver.com/hellenpark1/223132330787
2023-06-18,,https://blog.naver.com/lesjsi0815
2023-06-18,걷기 좋은 길 서울숲 아이랑 가기 좋은 나비 정원 곤충 식물원,https://blog.naver.com/lesjsi0815/223132299511
2023-06-18,글랫도로시 @ 아기자기한 피크닉 용품대여 뚝섬 한강 피크닉 명소,https://blog.naver.com/liferature/223132135127
2023-06-18,,https://blog.naver.com/gaetmj0822
2023-06-18,성수맛집 대취에서 한식으로 우리의 맛에 푹 빠지고 맛보면서 속까지 든든하게~,https://blog.naver.com/gaetmj0822/223132100390
2023-06-18,,https://blog.naver.com/hojujeopsu
2023-06-18,호주 워홀 [4] : 한달동안 300 쓰는 꿀팁 전수! 행복은 ↑ 잔고는 ↓↓ (5/29-6/4),https://blog.naver.com/hojujeopsu/223132046963
2023-06-18,,https://blog.naver.com/ci2mv8kl
2023-06-18,"성수동맛집 헤비스테이크 성수점, 맛과 휴양을 동시에 즐길 수 있는 최적의 선택",https://blog.naver.com/ci2mv8kl/223132028330
2023-06-18,성수맛집 대취,https://blog.naver.com/yeonba1112/223131993221
2023-06-18,,https://blog.naver.com/czrny
2023-06-18,4月,https://blog.naver.com/czrny/223131960867
2023-06-18,,https://blog.naver.com/yogalatesh
2023-06-18,궁리소 묻다_예술텃밭을 응원하며 [성동구요가/행당동요가/한양대요가/서울숲요가],https://blog.naver.com/yogalatesh/223131909246
2023-06-18,,https://blog.naver.com/tozimaster
2023-06-18,"서울에 있는 Hot 명소, 베이커리 카페들입니다",https://blog.naver.com/tozimaster/223128205589
2023-06-18,,https://blog.naver.com/jenchoi_
2023-06-18,런던 관찰기,https://blog.naver.com/jenchoi_/223131779857
2023-06-18,서울숲 피크닉 추천 맛집 캐스터네츠에서 성수동데이트 완벽하게!,https://blog.naver.com/ych9749/223131754385
2023-06-18,,https://blog.naver.com/gombimaket
2023-06-18,포천 고모리 식물원 대형카페 팜브릿지,https://blog.naver.com/gombimaket/223131721582
2023-06-19,,https://blog.naver.com/growingmango
2023-06-19,광진구 실내데이트코스 워커힐 볼만한전시 빛의 시어터 달리 가우디 전시회후기,https://blog.naver.com/growingmango/223133345602
2023-06-19,,https://blog.naver.com/seokminjoo
2023-06-19,쉬가이아토너패드 쉬가이아 바다포도 점보패드(미백토너패드)공구 6.22~6.24,https://blog.naver.com/seokminjoo/223133313347
2023-06-19,,https://blog.naver.com/didvk1318
2023-06-19,서울숲 데이트 코스 독특한 뚝섬 고기집 성수동 셋째집,https://blog.naver.com/didvk1318/223133153084
2023-06-19,,https://blog.naver.com/nick3204
2023-06-19,서울숲 멕시칸 파인 다이닝 엘몰리노 데이트 코스로 추천,https://blog.naver.com/nick3204/223132194761
2023-06-19,,https://blog.naver.com/redjoy-
2023-06-19,6월에 쓰는 5월의 일상일기,https://blog.naver.com/redjoy-/223133062104
2023-06-19,,https://blog.naver.com/qxai5nd4
2023-06-19,"성수동맛집 헤비스테이크 성수점, 전라도 사투리로 고급 스테이크 맛을 알차게 즐겨봐라",https://blog.naver.com/qxai5nd4/223133028720
2023-06-19,,https://blog.naver.com/budongsan-all
2023-06-19,젠트리피케이션 뜻 몰랐던 부동산 용어에 대해 알아봐요,https://blog.naver.com/budongsan-all/223132976995
2023-06-19,,https://blog.naver.com/wogus7373
2023-06-19,성수가볼만한곳 성수 맛집! 투파인드피터 성수점을 추천하는 이유?,https://blog.naver.com/wogus7373/223132913138
2023-06-19,,https://blog.naver.com/heyum_j
2023-06-19,성수동데이트코스 와인바 희릿에서 런치!,https://blog.naver.com/heyum_j/223132843228
2023-06-19,,https://blog.naver.com/uchaeng
2023-06-19,"[유럽일기 Day4] 런던 근위병교대식, 버킹엄궁전, My Place SOHO, 내셔널갤러리, 런던자연사박물관, 세인트폴대성당, 프림로즈힐, 디슘",https://blog.naver.com/uchaeng/223132806555
2023-06-19,,https://blog.naver.com/3861smile
2023-06-19,성수 맛집 대취,https://blog.naver.com/3861smile/223132763143
2023-06-19,,https://blog.naver.com/ping0111
2023-06-19,초등학생들과 가볼만한 서울 추천지 리스트,https://blog.naver.com/ping0111/223132654482
2023-06-19,,https://blog.naver.com/juju7344
2023-06-19,동춘동 이마트 연수점 더타운몰 미식가 맛집들,https://blog.naver.com/juju7344/223132272336
2023-06-19,,https://blog.naver.com/goldenmina87
2023-06-19,[서울/성수] 서울숲데이트 명소 와인바 퀴바라 부르기뇽,https://blog.naver.com/goldenmina87/223132395014
2023-06-19,,https://blog.naver.com/evolution1st
2023-06-19,EV NEWS CLIPPING (23.06.19),https://blog.naver.com/evolution1st/223132261662
2023-06-19,서울시티투어버스 야간 투어 한강잠실코스 서울 야경 드라이브 버스여행,https://blog.naver.com/ojirap1004/223132493438
2023-06-19,,https://blog.naver.com/kirirrring
2023-06-19,"[봄/NewYork]DAY6 :: NEW 숙소 in 브루클린, 베슬, 하이라인파크, 첼시마켓, 랍스타플레이스, 리틀아일랜드, 미네타태번, 소호",https://blog.naver.com/kirirrring/223132412224
2023-06-19,,https://blog.naver.com/ditpdus
2023-06-19,"3월, 찐 한해의 시작 (오랫동안 맘만 먹은 운동 시작했단 소리)",https://blog.naver.com/ditpdus/223132401322
2023-06-20,,https://blog.naver.com/rnfydchemd
2023-06-20,"피크닉 명소 서울숲, 강아지 산책하기 좋아요",https://blog.naver.com/rnfydchemd/223134377346
2023-06-20,서울숲 수국길 서울 수국 명소 성동구 성수동 가볼만한곳,https://blog.naver.com/sajapyung/223134340368
2023-06-20,,https://blog.naver.com/y_slo
2023-06-20,[EIDER]아이더 미라지 오프라인 체험단 서울시티투어 후기,https://blog.naver.com/y_slo/223134326624
2023-06-20,,https://blog.naver.com/look_at_my_record
2023-06-20,"[서울 맛집] 인테리어 맛집 식당 Best 5 (더구룸, 치앙마이방콕, 세븐티포 비스트로, 문화식당, 오파토)",https://blog.naver.com/look_at_my_record/223134308904
2023-06-20,,https://blog.naver.com/i1214
2023-06-20,"6월 서울의 수국은 이제 시작, 서울숲 수국길 개화현황",https://blog.naver.com/i1214/223134297515
2023-06-20,,https://blog.naver.com/kohj1590
2023-06-20,성수맛집<몽련>,https://blog.naver.com/kohj1590/223134211842
2023-06-20,,https://blog.naver.com/yu3776
2023-06-20,성수동 핫플 투어 : 팝업스토어 LCDC 먼치스앤구디스 소금빵 밀도,https://blog.naver.com/yu3776/223134136188
2023-06-20,,https://blog.naver.com/unengee
2023-06-20,"성수동 데이트코스 : 맛집, 카페, 소품샵 총정리 (스웨덴피크닉, 슬로우스테디클럽, 카멜커피 7호점, 아카이브앱크 쇼룸, 에빠, 메종드마가레뜨, 월드와이드서울, 아가젤라또)",https://blog.naver.com/unengee/223133945566
2023-06-20,,https://blog.naver.com/scorpions0
2023-06-20,성수맛집 한식요리주점 대취,https://blog.naver.com/scorpions0/223134020915
2023-06-20,,https://blog.naver.com/coin_school
2023-06-20,서울숲 아이파크리버포레상가 공급정보 : 성동구 스트리트몰 고정수요 입지가치 뚝섬역 성수역 서울숲역 유동인구 한양대학교 한양여자대학교 상권확대 홍보관 모델하우스 분양가,https://blog.naver.com/coin_school/223134013306
2023-06-20,,https://blog.naver.com/winsosong
2023-06-20,로보트가 있는 성수동 BOT BOT BOT (봇봇봇)~,https://blog.naver.com/winsosong/223133974749
2023-06-20,,https://blog.naver.com/oxxin
2023-06-20,성수맛집 대취에서 밥겸 술겸 신나는 모임!,https://blog.naver.com/oxxin/223133935310
2023-06-20,,https://blog.naver.com/apexjina7134
2023-06-20,성수맛집으로 핫플인곳 대취,https://blog.naver.com/apexjina7134/223133907071
2023-06-20,,https://blog.naver.com/ehdwls95911
2023-06-20,성수맛집 안주 퀄리티 좋은 대취 리뷰,https://blog.naver.com/ehdwls95911/223133875158
2023-06-20,,https://blog.naver.com/acdc7000
2023-06-20,성수맛집은 술 마시러 와서 푸짐한 안주에 대취는 안주 찐 맛집!,https://blog.naver.com/acdc7000/223133800228
2023-06-20,,https://blog.naver.com/hjryu1206
2023-06-20,"[주말에 아이랑] 서울숲 나들이 (주차팁, 놀이터, 모래놀이, 그늘막, 꽃사슴)",https://blog.naver.com/hjryu1206/223133793870
2023-06-20,,https://blog.naver.com/u51323wy
2023-06-20,성수동맛집 헤비스테이크 성수점의 순위와 성수동 함께 즐길 수 있는 맛집으로 소개됩니다.,https://blog.naver.com/u51323wy/223133728218
2023-06-20,,https://blog.naver.com/twin11990
2023-06-20,답십리역 개인회생파산 노하우 공개 연대보증회생 쉽게 진행바란다면,https://blog.naver.com/twin11990/223133724318
2023-06-20,신당역 카페 투따우즌 데이트 명소 힙당동의 새로운 베이글 핫플 등장,https://blog.naver.com/gaogaiga2000/223133665963
2023-06-20,,https://blog.naver.com/ae30ae30
2023-06-20,안국역 맛집 분위기 좋은 일식 다이닝바 진작카키/진작카키메뉴추천/와인콜키지프리/안국데이트코스추천 (20230414),https://blog.naver.com/ae30ae30/223128939532
2023-06-20,,https://blog.naver.com/iam-qoo
2023-06-20,부산 수국명소 해운대 송림공원+더베이101 블루보틀 팝업,https://blog.naver.com/iam-qoo/223133456168
2023-06-21,,https://blog.naver.com/bannyy77
2023-06-21,부동산트렌드 2023-김경민[2-2],https://blog.naver.com/bannyy77/223135226250
2023-06-21,,https://blog.naver.com/082167
2023-06-21,구몬과 블로그는 밀리지 말 것 (12~13일차),https://blog.naver.com/082167/223135082776
2023-06-21,,https://blog.naver.com/chss3
2023-06-21,성수맛집 핫플 술집 대취,https://blog.naver.com/chss3/223134995550
2023-06-21,,https://blog.naver.com/bhsoon5008
2023-06-21,성수맛집 성수역맛집 대취,https://blog.naver.com/bhsoon5008/223134947148
2023-06-21,,https://blog.naver.com/font0124
2023-06-21,"[무료 팝업스토어 추천] 성수동에 뜬 은하수, 태백 팝업스토어✨",https://blog.naver.com/font0124/223134913423
2023-06-21,,https://blog.naver.com/tktmdgjs
2023-06-21,"[오사카&교토 3박4일] 2일차 오사카의 명물 시장, 구로몬시장 (feat. 편의점 간식)",https://blog.naver.com/tktmdgjs/223134842147
2023-06-21,,https://blog.naver.com/zzooya253
2023-06-21,성수맛집 다양한 한식 안주 대취,https://blog.naver.com/zzooya253/223134729830
2023-06-21,,https://blog.naver.com/jennifer04
2023-06-21,"타이베이 가 볼만한 곳 - 화산 1914(華山 1914), 스린 야시장(士林夜市)",https://blog.naver.com/jennifer04/223134643788
2023-06-21,,https://blog.naver.com/plht
2023-06-21,빛 공해 가장 적은 도시... 별 보며 피서까지 금상첨화,https://blog.naver.com/plht/223134529652
2023-06-21,,https://blog.naver.com/chuiboo__
2023-06-21,"뚝섬역 돈까스 투카츠, 성수동 데이트코스 & 뚝섬 맛집 추천",https://blog.naver.com/chuiboo__/223134517542
2023-06-21,,https://blog.naver.com/dlek123321
2023-06-21,바쁜 현대사회 노느라,https://blog.naver.com/dlek123321/223134383434
2023-06-22,,https://blog.naver.com/tnfla1234567
2023-06-22,서울 산책 어디서 하지? 산책 추천글 1,https://blog.naver.com/tnfla1234567/223136269359
2023-06-22,,https://blog.naver.com/goober2000
2023-06-22,강남 되는 강북 부동산은 정해져 있다 : 정부의 계획이 입지를 만든다,https://blog.naver.com/goober2000/223136143726
2023-06-22,,https://blog.naver.com/jinmo0717
2023-06-22,성수점 메가박스 영화 데이트 그리고 셀픽 사진 인화 추억 여행 뽀개기,https://blog.naver.com/jinmo0717/223136042760
2023-06-22,,https://blog.naver.com/okhui8271
2023-06-22,성수 핫플 맛집 대취를 추천합니다.,https://blog.naver.com/okhui8271/223135928030
2023-06-22,,https://blog.naver.com/yes5yesyes
2023-06-22,[용산 카페 맛집] 브레디포스트 / 내사랑 프레즐,https://blog.naver.com/yes5yesyes/223135851703
2023-06-22,,https://blog.naver.com/dleksql101807
2023-06-22,성수 분위기 맛집 한식 안주 요리주점 대취,https://blog.naver.com/dleksql101807/223135732398
2023-06-22,,https://blog.naver.com/benqq8816
2023-06-22,성수역 맛집 {술집} ㅡ대취,https://blog.naver.com/benqq8816/223135703957
2023-06-22,성수맛집 대취 술과 안주가 너무 맛있는 곳,https://blog.naver.com/sntongil0415/223135683224
2023-06-22,,https://blog.naver.com/happy_mkt
2023-06-22,네이버 지도 인기있는 장소를 보여주는 [관심 지역] 기능 도입,https://blog.naver.com/happy_mkt/223135619165
2023-06-22,,https://blog.naver.com/ir43itzq
2023-06-22,동심으로 되돌아가는 아기자기한 카페 투어 여행의 매력과 준비사항,https://blog.naver.com/ir43itzq/223135547643
2023-06-22,,https://blog.naver.com/cbb1203
2023-06-22,성수 맛집 맛있는 파스타 데이트 투파인드피터 성수점,https://blog.naver.com/cbb1203/223135422265
2023-06-22,,https://blog.naver.com/rkdtmddk3
2023-06-22,[훨훨의 임장챌린지 시즌2] 테마임장 (성수동,https://blog.naver.com/rkdtmddk3/223135421276
2023-06-23,,https://blog.naver.com/so01004
2023-06-23,서울 능소화 명소 뚝섬 한강공원 뚝섬유원지 가는 방법 개화 현황,https://blog.naver.com/so01004/223137240324
2023-06-23,,https://blog.naver.com/oong_nya
2023-06-23,강원도 여행 :: 영월 가볼 만한 곳 젊은달와이파크 (입장료 할인 꿀팁),https://blog.naver.com/oong_nya/223137128587
2023-06-23,,https://blog.naver.com/goodstrength
2023-06-23,"뚝섬데이트/성수디저트카페_ 성수동 카페투어(서울앵무새, 하프커피, 센터커피), 서울숲디저트맛집.",https://blog.naver.com/goodstrength/223136067612
2023-06-23,,https://blog.naver.com/soonbinsoomom
2023-06-23,지금 서울은? 서울시 주요 명소 113곳의 '실시간 정보' 한눈에,https://blog.naver.com/soonbinsoomom/223136691514
2023-06-23,,https://blog.naver.com/success796
2023-06-23,성수맛집 분위기 좋은 대취,https://blog.naver.com/success796/223136688198
2023-06-23,,https://blog.naver.com/e9m6wr9y
2023-06-23,서울에서 카페 문화를 즐기는 전문가 블로거와 함께하는 카페인러버를 위한 도시여행,https://blog.naver.com/e9m6wr9y/223136639984
2023-06-23,"성수동 와인 데이트, 유럽 감성 세스크멘슬 XESC MENZL, 사퀴테리 전문점",https://blog.naver.com/kjtwo21/223136605741
2023-06-23,,https://blog.naver.com/kox12345
2023-06-23,■성수맛집 대취,https://blog.naver.com/kox12345/223136547149
2023-06-23,뚝섬 아닌 성수이로의 능소화 만개하다.,https://blog.naver.com/sawtiger/223136541172
2023-06-23,,https://blog.naver.com/nyong_2_
2023-06-23,"[하트시그널4 데이트코스 도장깨기] 주미, 지원의 야경 데이트코스 응봉산 다녀왔어요 +주차 정보",https://blog.naver.com/nyong_2_/223136453704
2023-06-23,,https://blog.naver.com/ririri000
2023-06-23,기업하기 좋은 성수동 파브릭 드 모네 지식산업센터 분양 정보,https://blog.naver.com/ririri000/223136340839
2023-06-24,,https://blog.naver.com/goyang59
2023-06-24,성수맛집은 대취이죠.,https://blog.naver.com/goyang59/223137838208
2023-06-24,,https://blog.naver.com/namds0922
2023-06-24,[블챌] 성수동 능소화 명소,https://blog.naver.com/namds0922/223137837050
2023-06-24,,https://blog.naver.com/1324we
2023-06-24,#3월,https://blog.naver.com/1324we/223137761630
2023-06-24,"성수동 세디치 이탈리안 다이닝 와인바, 서울 신상 핫플 데이트코스",https://blog.naver.com/ines011/223137583675
2023-06-24,"성수맛집 대취, 유명한 안주와 힙한 인테리어가 돋보이는 곳",https://blog.naver.com/zazubit1716/223137542655
2023-06-24,,https://blog.naver.com/picnicbrunch
2023-06-24,"뚝섬 능소화 스냅 스폿, 성수동 핫플 올해도 개장했어요",https://blog.naver.com/picnicbrunch/223137509322
2023-06-24,,https://blog.naver.com/hsc660312
2023-06-24,sbstv드라마악귀배경촬영지장소여행!드라마악귀등장인물줄거리작가김은희드라마스토리주연김태리야누스연기,https://blog.naver.com/hsc660312/223137471530
2023-06-24,,https://blog.naver.com/thfahs852
2023-06-24,"[구월동맛집] 팔뚝김밥 꽈배기브라더스 ㅣ 주차, 구월동데이트코스",https://blog.naver.com/thfahs852/223137458936
2023-06-24,,https://blog.naver.com/health7_health7
2023-06-24,안녕 덥다. 하지만 힐링 ~~,https://blog.naver.com/health7_health7/223137451120
2023-06-24,서울숲 성수 맛집 정돈 돈카츠 노티드 도넛 사진 맛집 디올 외관,https://blog.naver.com/ckypyj/223137445104
2023-06-24,[서울명소맛집투어 41] 사내강사 역량강화. 커리어 로드맵 전문가 1급. 잠실 KFC 오픈. 서울마당. Penta Family Day. 오늘도 최선을 다한다 카르페디엠,https://blog.naver.com/andresoo/223137406084
2023-06-25,,https://blog.naver.com/ddobagistory
2023-06-25,"성수 맛집 ""투파인드피터 성수점""",https://blog.naver.com/ddobagistory/223138559274
2023-06-25,성수신규술집 대취 전통주 맛있어요,https://blog.naver.com/success796/223138489167
2023-06-25,,https://blog.naver.com/grid0417
2023-06-25,성수맛집으로 굉장히 유명한 대취를 소개합니다.,https://blog.naver.com/grid0417/223138454287
2023-06-25,,https://blog.naver.com/silver_tree
2023-06-25,"아산 가볼 만한 곳& 맛집_곡교천 은행나무길, 언더힐(주차팁)",https://blog.naver.com/silver_tree/223138217725
2023-06-25,,https://blog.naver.com/qwer344550
2023-06-25,성수맛집 대취에서 특별한 안주와 함께 즐기는 맛있는 술,https://blog.naver.com/qwer344550/223138128601
2023-06-25,,https://blog.naver.com/jindogoogija
2023-06-25,성수맛집 대취 맛집에 다녀왔어요,https://blog.naver.com/jindogoogija/223138124514
2023-06-25,,https://blog.naver.com/loveajm83
2023-06-25,야경이 아름다운 서울숲과 서울야경명소 응봉산과 한강 야경,https://blog.naver.com/loveajm83/223138062884
2023-06-25,,https://blog.naver.com/shichichi
2023-06-25,"성수동데이트 코스, 고우성수에서 전복 솥밥 어때유?",https://blog.naver.com/shichichi/223138023634
2023-06-25,,https://blog.naver.com/pine0202
2023-06-25,성수동 서울숲 데이트 나들이 코스 실내 나비정원 아이와 가볼만한곳,https://blog.naver.com/pine0202/223138019062
2023-06-26,,https://blog.naver.com/pktlia
2023-06-26,세계에서 가장 아름다운 동네 익선동 한옥거리 익선다다 브랜딩 이야기,https://blog.naver.com/pktlia/223139583347
2023-06-26,성수동 메인거리 줄서서 먹을정도로 유명한 성수동 2030들의 핫플 명소 있는곳 성수맛집 대취,https://blog.naver.com/jung535050_/223139557025
2023-06-26,성수동원데이클래스 데이트코스 취미찾기 비누공방 “르블랑솝”,https://blog.naver.com/leey3422/223139516773
2023-06-26,,https://blog.naver.com/r1e7tvzf
2023-06-26,"성수동맛집 부우이, 애완동물 동반으로 특별한 식사를 즐기다",https://blog.naver.com/r1e7tvzf/223139478312
2023-06-26,,https://blog.naver.com/bury_88
2023-06-26,여자혼자 5박6일 교토&오사카 여행 3-1 (이라 읽고 카페투어라 쓴다.,https://blog.naver.com/bury_88/223139463317
2023-06-26,,https://blog.naver.com/iloveicebear
2023-06-26,[뚝섬/성수동/서울숲] 능소화 포토존 한신아파트 나들목,https://blog.naver.com/iloveicebear/223139410306
2023-06-26,,https://blog.naver.com/mrjoong2
2023-06-26,'23년 6월 25 주간 부동산 Briefing,https://blog.naver.com/mrjoong2/223139393951
2023-06-26,,https://blog.naver.com/cpjw123
2023-06-26,"성수동맛집 '헤비스테이크 성수점'맛있는 스테이크와 함께 즐기는 친근한 분위기""",https://blog.naver.com/cpjw123/223139362604
2023-06-26,,https://blog.naver.com/soundplayn
2023-06-26,[신문기사로 보는 '유통체크']_20230626_192,https://blog.naver.com/soundplayn/223139356745
2023-06-26,,https://blog.naver.com/113seeuagain
2023-06-26,seoul2_dancing in the rain,https://blog.naver.com/113seeuagain/223139322435
2023-06-26,,https://blog.naver.com/rbong7488
2023-06-26,성수맛집 대취,https://blog.naver.com/rbong7488/223139305283
2023-06-26,,https://blog.naver.com/caridade
2023-06-26,능소화 &,https://blog.naver.com/caridade/223139258668
2023-06-26,,https://blog.naver.com/zkdlfnrkim8686
2023-06-26,힙하면서도 고급진 포토존이 있는 성수맛집 대취,https://blog.naver.com/zkdlfnrkim8686/223139248947
2023-06-26,,https://blog.naver.com/hwayeon22_
2023-06-26,"비오는 날씨에 가기 좋은 성수 맛집, 대취",https://blog.naver.com/hwayeon22_/223139245648
2023-06-26,"서울 한강공원 능소화 명소 ""성수동 뚝섬 능소화군락지 포토존"" 위치 및 개화 상황 후기",https://blog.naver.com/afterglow_rana/223139181948
2023-06-26,,https://blog.naver.com/hi_jubilee
2023-06-26,"성수 브런치, 메이플탑 (성수연방, 성수동 데이트코스 맛집)",https://blog.naver.com/hi_jubilee/223139125411
2023-06-26,서울와인바 성수동데이트코스 희릿 점심식사 좋아,https://blog.naver.com/dorossi_life/223139055060
2023-06-26,,https://blog.naver.com/ssonflower
2023-06-26,똑섬 한강공원 능소화 군락지에서 도경님을 담다.,https://blog.naver.com/ssonflower/223138957215
2023-06-26,,https://blog.naver.com/anthonyjt
2023-06-26,성수동 상가 탐방 2탄(성수역 인근),https://blog.naver.com/anthonyjt/223138906506
2023-06-26,서울 뚝섬 한강공원 한강수영장 뚝섬유원지 능소화 위치 서울 꽃구경,https://blog.naver.com/ka8564/223138846362
2023-06-26,방콕여행 준비: 영화 화양연화 촬영지 핫플 딸랏너이 골목,https://blog.naver.com/tjdrhdgkwk2021/223138835964
2023-06-26,,https://blog.naver.com/nike910630
2023-06-26,서울 성수동 놀거리 서울숲 사슴 위치 및 수국 현황,https://blog.naver.com/nike910630/223138739777
2023-06-26,,https://blog.naver.com/precious_aby
2023-06-26,"[뉴욕 맨해튼 필수코스 / 카페 추천] Blue Bottle Coffee (블루보틀 커피) 가격, 메뉴 정보 / 브라이언트 파크 (Bryant Park)",https://blog.naver.com/precious_aby/223138713698
2023-06-26,,https://blog.naver.com/sjking2002
2023-06-26,"서울숲 수국 개화 시기 상황(상태), 느린산책의정원수국길, 성수동 가볼만한 곳",https://blog.naver.com/sjking2002/223138660153
2023-06-26,서울시 주요 명소 113곳의 '실시간 정보' 한눈에,https://blog.naver.com/limyk3217/223137663729
2023-06-27,"6.27. 오늘의 부동산·경제 (루닛, 강북판 압구정)",https://blog.naver.com/lilyhide/223140614422
2023-06-27,서울숲 맛집 난포 오자마자 웨이팅 예약 필수 성수동 핫플레이스,https://blog.naver.com/yesun81/223140606093
2023-06-27,,https://blog.naver.com/peteryun7
2023-06-27,엘림자화수로 요리하는 식당 종합편,https://blog.naver.com/peteryun7/223140592575
2023-06-27,,https://blog.naver.com/90qorthddl
2023-06-27,"데이트 코스로 좋은 성수맛집 ""브리비트""",https://blog.naver.com/90qorthddl/223140573161
2023-06-27,,https://blog.naver.com/gospace100
2023-06-27,"성수동 어떻게 달라질까?(ft. 성수전략정비구역, 삼표부지)",https://blog.naver.com/gospace100/223140559596
2023-06-27,,https://blog.naver.com/wonmeere
2023-06-27,20230627 성수전략지구 한강 연결 수변문화 주거단지로 재탄생,https://blog.naver.com/wonmeere/223140540834
2023-06-27,,https://blog.naver.com/galgum18
2023-06-27,"서울시, 성수전략지구 '한강과 연결된 수변문화 주거단지'로 재탄생 - ‘23.6.27 보도자료",https://blog.naver.com/galgum18/223140528545
2023-06-27,,https://blog.naver.com/windyzz
2023-06-27,"[서울시보도자료] 서울시, '성수전략정비구역' 재개발 정비계획 변경안 마련",https://blog.naver.com/windyzz/223140488064
2023-06-27,,https://blog.naver.com/kkulmd96
2023-06-27,성수동 50층이하 폐지 70층도 . 성수전략지구 재탄생. 성수동 일대 변신,https://blog.naver.com/kkulmd96/223140455882
2023-06-27,,https://blog.naver.com/miovnomad
2023-06-27,비 오는 날 서울숲에서 뚝섬 성수역 데이트하기,https://blog.naver.com/miovnomad/223140426930
2023-06-27,,https://blog.naver.com/hkc0929
2023-06-27,중지된 성수동 일대 재정비 사업 재개...'한강수변문화 주거단지'로 재탄생,https://blog.naver.com/hkc0929/223140414262
2023-06-27,,https://blog.naver.com/skskdbzk
2023-06-27,올림픽공원 카페 커피맛집 베티버 VETIVER 데이트코스로 추천,https://blog.naver.com/skskdbzk/223137289747
2023-06-27,,https://blog.naver.com/skslifeneo
2023-06-27,"성수동 성수전략정비구역 초고층 70층 8,247가구 들어선다.",https://blog.naver.com/skslifeneo/223140397750
2023-06-27,서울 능소화 명소 여름 7월 꽃구경 뚝섬 한강공원 위치 주차 사진 꿀팁,https://blog.naver.com/spzhxhvldk/223140383446
2023-06-27,,https://blog.naver.com/yyoo0104
2023-06-27,송리단길일식 송파맛집 이오로 잠실점 _ 데이트코스 제격,https://blog.naver.com/yyoo0104/223138241962
2023-06-27,,https://blog.naver.com/onlyjdj0824
2023-06-27,성수동 베이커리 카페 맛집 서울앵무새,https://blog.naver.com/onlyjdj0824/223140357819
2023-06-27,여름 경주 여행 3 @ 황리단길 소바카게ㅣ노워즈 no wordsㅣ또 대릉원ㅣ경주황소곱창ㅣ동궁과 월지,https://blog.naver.com/liferature/223140345802
2023-06-27,,https://blog.naver.com/haesol_snp
2023-06-27,"성수동 재개발 12년 만에 재개, ‘50층 이하’ 규제 푼다",https://blog.naver.com/haesol_snp/223140319298
2023-06-27,성수맛집 한식 안주 기반의 요리주점 대취,https://blog.naver.com/alrud09135/223140271317
2023-06-27,,https://blog.naver.com/consu05
2023-06-27,'성수전략정비구역' 재개발 정비계획 변경(안) 마련_성수전략지구 '한강과 연결된 수변문화 주거단지'로 재탄생,https://blog.naver.com/consu05/223140246236
2023-06-27,,https://blog.naver.com/kimjy9713
2023-06-27,"[서울시 보도자료]서울시, 성수전략지구 '한강과 연결된 수변문화 주거단지'로 재탄생",https://blog.naver.com/kimjy9713/223140225211
2023-06-27,,https://blog.naver.com/jkgosicokr
2023-06-27,♣ 50층 이상 아파트와 시민휴식공간 명소로 탈바꿈(성수동),https://blog.naver.com/jkgosicokr/223140221404
2023-06-27,,https://blog.naver.com/dlwndk0423
2023-06-27,성수맛집 특색 있는 안주들이 푸짐하여 배까지 채우는 대취,https://blog.naver.com/dlwndk0423/223140206538
2023-06-27,,https://blog.naver.com/7ryb1sjkc
2023-06-27,"성수동맛집! 헤비스테이크 성수점, 부드럽고 질기지 않는 스테이크로 유명한 맛집",https://blog.naver.com/7ryb1sjkc/223140166669
2023-06-27,,https://blog.naver.com/bgh768
2023-06-27,성수전략지구 재개발 12년만에 재개…높이제한 풀고 수변공간,https://blog.naver.com/bgh768/223140139598
2023-06-27,서울숲 수국 명소 개화 상황 서울숲길 데이트 산책 피크닉 성수동 가볼만한곳,https://blog.naver.com/1103ysh/223140103920
2023-06-27,"성수 팝업스토어, 따끈하게 오픈한 스포티파이! 데이트코스로 강추하는 이유",https://blog.naver.com/iiyouzn/223140096129
2023-06-27,,https://blog.naver.com/yeseog
2023-06-27,"오세훈, 성수전략지구 12년 만에 재개…50층 높이 규제 푼다",https://blog.naver.com/yeseog/223140071342
2023-06-27,,https://blog.naver.com/ldu1028
2023-06-27,성수맛집 메뉴가 다양한 대취,https://blog.naver.com/ldu1028/223140067003
2023-06-27,,https://blog.naver.com/jazzandrose
2023-06-27,"아메리칸 차이니즈 레스토랑 인테리어 푸바우, 그 완성된 사진들을 공개합니다.",https://blog.naver.com/jazzandrose/223139025940
2023-06-27,,https://blog.naver.com/rlfrlfglgl1
2023-06-27,성수맛집 2030핫플의 명소 핫플레이스 안주 맛집 대취,https://blog.naver.com/rlfrlfglgl1/223140055521
2023-06-27,,https://blog.naver.com/newsys0809
2023-06-27,성수맛집 성수 2030 핫플레이스 술집 대취,https://blog.naver.com/newsys0809/223139984086
2023-06-27,,https://blog.naver.com/rtn8wgh2
2023-06-27,"성수동맛집 헤비스테이크 성수점, 신선한 고기와 함께하는 완벽한 맛의 조화",https://blog.naver.com/rtn8wgh2/223139901627
2023-06-27,,https://blog.naver.com/jideresa
2023-06-27,성수역술집 성수역회식 대취 성수맛집,https://blog.naver.com/jideresa/223139864743
2023-06-27,성수동 서울숲 포함 산책하기 좋은 서울 가볼만한곳,https://blog.naver.com/goeun061133/223138227692
2023-06-27,,https://blog.naver.com/kidsbook_
2023-06-27,<성수동맛집>성수동빵집ㆍ성수동카페ㆍ성수동핫플레이스 '서울앵무새',https://blog.naver.com/kidsbook_/223139773133
2023-06-27,,https://blog.naver.com/tongil96
2023-06-27,"신용산역 베이커리 카페 서울 앵무새, 브런치와 잇 감성 추천 명소!",https://blog.naver.com/tongil96/223139706191
2023-06-27,,https://blog.naver.com/aeali20
2023-06-27,"서울 7월 꽃구경, 능소화 명소, 뚝섬 능소화 가는길, 포토존, 능소화 꽃말",https://blog.naver.com/aeali20/223139704260
2023-06-28,,https://blog.naver.com/star_hang
2023-06-28,서울 능소화 명소 - 뚝섬한강공원 능소화폭포 장소 가는길 (대중교통),https://blog.naver.com/star_hang/223141594699
2023-06-28,,https://blog.naver.com/akfrdmagksmf
2023-06-28,상수맛집 한식 안주 요리주점 대취,https://blog.naver.com/akfrdmagksmf/223141593141
2023-06-28,,https://blog.naver.com/bookpro8
2023-06-28,"서울시, 성수동에 최고70층 (경제신문스크랩, '23.06.28)",https://blog.naver.com/bookpro8/223141589989
2023-06-28,,https://blog.naver.com/lilyluvs
2023-06-28,샵사이다 팝업스토어 공간 와디즈에서 진행! 내돈내산 구매 후기(feat. 전세계 최초),https://blog.naver.com/lilyluvs/223141584911
2023-06-28,,https://blog.naver.com/clover_mint
2023-06-28,"확 바뀔 성수동, 성수전략정비구역 재개발 정비계획 변경(50층 초고층, 수변공원 등)",https://blog.naver.com/clover_mint/223141565822
2023-06-28,,https://blog.naver.com/ehdtladkdl
2023-06-28,성동구 성수동 최고 층수제한 없앤다.,https://blog.naver.com/ehdtladkdl/223141565051
2023-06-28,부산 가볼 만한 곳 영도 카페 모모스 커피 로스터리&커피바,https://blog.naver.com/jeon2407/223141562672
2023-06-28,,https://blog.naver.com/mok0213
2023-06-28,"[2023.06.28.수.] 성수동 초고층 타운, 강변북로 덮어 한강 연결",https://blog.naver.com/mok0213/223141557983
2023-06-28,,https://blog.naver.com/rosa6739
2023-06-28,성수맛집 분위기 좋고 한식 안주로 즐기기에 좋은 대취,https://blog.naver.com/rosa6739/223141552413
2023-06-28,성수맛집 찾으신다면 대취 추천드려요,https://blog.naver.com/sdhlove0526/223141540354
2023-06-28,,https://blog.naver.com/mymemozi
2023-06-28,"'최고 70층' 성수동 초고층 타운, 강변북로 덮어 한강 연결 (23.06.28)",https://blog.naver.com/mymemozi/223141528384
2023-06-28,"술 있는 식탁 :: 뚝섬역 술집 오픈 초기부터 다녔던 내 돈 내산 성수동 전통주 맛집 빙탄복, 서울의 밤 후기 in 성수 본점",https://blog.naver.com/stern_always_sunny/223141527124
2023-06-28,,https://blog.naver.com/dayouny0233
2023-06-28,동묘 파스타 맛집 레트로한 골목 안 데이트 명소 _ 동묘가라지,https://blog.naver.com/dayouny0233/223141522413
2023-06-28,,https://blog.naver.com/yoojooyj
2023-06-28,성수 데이트코스 피자시즌 하프앤하프 피자,https://blog.naver.com/yoojooyj/223141512870
2023-06-28,,https://blog.naver.com/sck4214
2023-06-28,서울시 성수전략정비구역 재개발 정비계획 변경안 마련,https://blog.naver.com/sck4214/223141428925
2023-06-28,,https://blog.naver.com/kash333
2023-06-28,"[경신스 챌린지 26기 14회차] '최고 70층' 성수동 초고층 타운, 강변북로 덮어 한강 연결",https://blog.naver.com/kash333/223141419714
2023-06-28,,https://blog.naver.com/youstraveldiary
2023-06-28,"서울, 서울근교 수국 여행지 추천!|율봄식물원|서울숲|수국여행|수국맛집|7월 가볼만한 곳|7월여행지추천",https://blog.naver.com/youstraveldiary/223141393398
2023-06-28,,https://blog.naver.com/jangyull3
2023-06-28,데이트 코스의 정석 성수동맛집 진작다이닝 이야기,https://blog.naver.com/jangyull3/223141365920
2023-06-28,,https://blog.naver.com/lovely-258
2023-06-28,성수맛집 단체모임하기 좋은 대취,https://blog.naver.com/lovely-258/223141363380
2023-06-28,,https://blog.naver.com/filminng
2023-06-28,[6/28 경제스크랩] 성수동 아파트 층수제한 없어진다,https://blog.naver.com/filminng/223141351729
2023-06-28,,https://blog.naver.com/greatfortune_e
2023-06-28,"23.6.28일자(수) 한경신문 요약&정리_""성수 전략정비구역"" 주목!",https://blog.naver.com/greatfortune_e/223141344624
2023-06-28,"[230628 경제뉴스 스크랩] '최고 70층' 성수동 초고층 타운, 강변북로 덮어 한강 연결",https://blog.naver.com/yunnybuza/223141295485
2023-06-28,,https://blog.naver.com/jiniyoungs6090_
2023-06-28,오늘의 경제신문 스터디(ft. 성수동 초고층 타운),https://blog.naver.com/jiniyoungs6090_/223141259218
2023-06-28,,https://blog.naver.com/young2lee
2023-06-28,"성수동 마천루 대열에,,,,",https://blog.naver.com/young2lee/223141210051
2023-06-28,,https://blog.naver.com/ithinkkkb
2023-06-28,"[서울시 보도자료] 서울시, 성수전략지구 '한강과 연결된 수변문화 주거단지'로 재탄생",https://blog.naver.com/ithinkkkb/223141206107
2023-06-28,"성수전략정비구역, 한강을 걸어서...수변문화 주거단지로 만든다",https://blog.naver.com/richtech100/223141082103
2023-06-28,,https://blog.naver.com/syeon911-
2023-06-28,[경제신문스크랩] - 2023.06.28,https://blog.naver.com/syeon911-/223141076199
2023-06-28,,https://blog.naver.com/beautifulday365
2023-06-28,현대차 3사 시총 100조 눈앞(23.6.28.수),https://blog.naver.com/beautifulday365/223141050102
2023-06-28,"(붇뉴스 230628수) '최고 70층' 성수동 초고층 타운, 강변북로 덮어 한강 연결",https://blog.naver.com/neri/223140759746
2023-06-28,,https://blog.naver.com/ktm1106
2023-06-28,서울 성수전략지구 4개단지 50층 이상 한강과 연결 수변문화 주거단지 재개발..정원도시 서울 그레이트 한강,https://blog.naver.com/ktm1106/223141006548
2023-06-28,,https://blog.naver.com/popkoreaymw
2023-06-28,성동구펜스랩핑 전문성을 녹여낸 시공현장입니다~~,https://blog.naver.com/popkoreaymw/223140983124
2023-06-28,,https://blog.naver.com/escape004619
2023-06-28,[23년 06월 28일] 성수동에 최고 70층 8247가구 들어선다,https://blog.naver.com/escape004619/223140963715
2023-06-28,,https://blog.naver.com/sns800
2023-06-28,[신문 헤드라인] 2023년 6월 28일,https://blog.naver.com/sns800/223140963241
2023-06-28,성수전략정비구역 재개발 정비계획 수변문화 주거단지로 재탄생,https://blog.naver.com/land8769/223140960109
2023-06-28,,https://blog.naver.com/1lalala
2023-06-28,[매일신문읽기],https://blog.naver.com/1lalala/223140956598
2023-06-28,,https://blog.naver.com/hannaraworld
2023-06-28,성수동 재개발 속도...50층 규제 풀린다,https://blog.naver.com/hannaraworld/223140946399
2023-06-28,,https://blog.naver.com/dhong1000
2023-06-28,성수전략정비구역 한강과 연결된 초고층 수변문화 주거단지로 재탄생,https://blog.naver.com/dhong1000/223140922615
2023-06-28,,https://blog.naver.com/moremoreget
2023-06-28,"성수동에 최고 70층, 8247가구 들어선다",https://blog.naver.com/moremoreget/223140912484
2023-06-28,20230628 국내 news,https://blog.naver.com/reb000t/223140883236
2023-06-28,서울 옥외광고 추천! 이태원 역 앞 이태원 건물 벽면 광고 매체 추천 및 특징 3 / 옥외 광고 매체 소개 38,https://blog.naver.com/ohbrown/223140872322
2023-06-28,,https://blog.naver.com/j4570
2023-06-28,#2023년 6월 28일 뉴스브리핑#,https://blog.naver.com/j4570/223140868081
2023-06-28,,https://blog.naver.com/heartbounce85
2023-06-28,"성수동 최고 70층, 강변북로 덮어 한강 연결 / ""반도체는 시간 싸움 … 용인 조기 착공 중요""",https://blog.naver.com/heartbounce85/223140846534
2023-06-28,,https://blog.naver.com/cem0903
2023-06-28,6/28(수) 부동산 아침신문,https://blog.naver.com/cem0903/223140830741
2023-06-28,,https://blog.naver.com/unusual-_-mom
2023-06-28,#086.습관챌린지.경제신문읽기.230628.강변북로가 덮여?,https://blog.naver.com/unusual-_-mom/223140817547
2023-06-28,"서울, 경기, 인천 능소화 피어있는 5곳 (뚝섬, 인화여고, 부천중앙공원 외)",https://blog.naver.com/0307khy/223140811809
2023-06-28,,https://blog.naver.com/ajumma100
2023-06-28,2023년 06월 28일 수요일 한국경제신문,https://blog.naver.com/ajumma100/223140810924
2023-06-28,성수동 재개발 닻 올렸다…50층 제한 풀고 강변북로 덮어 ‘걸어서 한강’,https://blog.naver.com/takjoo2/223140809843
2023-06-28,,https://blog.naver.com/qnffidrkawk91
2023-06-28,성수맛집 한식안주 요리주점 저녁술자리 대취,https://blog.naver.com/qnffidrkawk91/223140778215
2023-06-28,,https://blog.naver.com/skymi6633
2023-06-28,"2023.6.28 매일경제신문, 한국경제신문 1면 정리",https://blog.naver.com/skymi6633/223140773954
2023-06-28,,https://blog.naver.com/joga9774
2023-06-28,<초이다이닝> 성수동 후토마끼 / 소바 맛집 데이트 코스 추천,https://blog.naver.com/joga9774/223140669305
2023-06-28,,https://blog.naver.com/foodbank_4363
2023-06-28,가치소비 확산에 앞장서는 뜻밖의 인물,https://blog.naver.com/foodbank_4363/223753305621
2023-06-28,,https://blog.naver.com/lifepeak
2023-06-28,"성수동 일대 재개발, '성수전략정비구역' 70층 초고층 타운으로 본격 재추진",https://blog.naver.com/lifepeak/223140746723
2023-06-28,"서울 아이와 가볼만한 곳, 뚝섬 수도박물관, 주차장, 관람시간, 휴관일, 관람료",https://blog.naver.com/sjking2002/223140738934
2023-06-28,,https://blog.naver.com/zsjd7n09
2023-06-28,성수동맛집 헤비스테이크 성수점 스테이크의 뚝섬역과 가까운 곳에서 맛있는 식사를 즐겨보세요!,https://blog.naver.com/zsjd7n09/223140721756
2023-06-28,성수동 수제화거리 가볼만한곳 맛집 색다른면,https://blog.naver.com/hy7276/223140715807
2023-06-28,,https://blog.naver.com/stylemapsina
2023-06-28,성수동 공장형대형카페 멜로워성수 더플래그쉽 로그번 베이커리카페,https://blog.naver.com/stylemapsina/223140708430
2023-06-28,,https://blog.naver.com/84elhpl3
2023-06-28,성수동맛집에서 헤비스테이크 성수점을 소개합니다!,https://blog.naver.com/84elhpl3/223140700951
2023-06-29,,https://blog.naver.com/lyy8363
2023-06-29,나트랑 맛집 2탄,https://blog.naver.com/lyy8363/223142564609
2023-06-29,"성수동신상카페 서울 데이트코스로 추천하는 위스키바, 포어플랜",https://blog.naver.com/salchisal_/223142559046
2023-06-29,,https://blog.naver.com/llnine9ll
2023-06-29,업소용 과일 냉장 쇼케이스 주문 제작 후기,https://blog.naver.com/llnine9ll/223142376062
2023-06-29,,https://blog.naver.com/happyfleurs
2023-06-29,#성수동나들이 #팝업스토어의성지 #성수동능소화,https://blog.naver.com/happyfleurs/223142320944
2023-06-29,,https://blog.naver.com/andprop
2023-06-29,"성수전략정비구역, 한강을 품은 혁신적인 '수변문화 주거단지'로 재탄생!",https://blog.naver.com/andprop/223142244336
2023-06-29,,https://blog.naver.com/kkkkyj_q
2023-06-29,서울 성수 / 서울숲 데이트 코스 추천 위스키 바 곡성 성수,https://blog.naver.com/kkkkyj_q/223142139192
2023-06-29,성수맛집 대취,https://blog.naver.com/kkakkabbobbo/223142125913
2023-06-29,,https://blog.naver.com/waawaa7879
2023-06-29,성수맛집 요리주점으로 인기가 많은 곳 대취 추천,https://blog.naver.com/waawaa7879/223142090546
2023-06-29,,https://blog.naver.com/i_am_jihye83
2023-06-29,"::맛집:: 성수동 술집 밤새우리, 회식장소 추천 가성비 맛집",https://blog.naver.com/i_am_jihye83/223142083163
2023-06-29,,https://blog.naver.com/dbwls160205
2023-06-29,성수맛집 다양한 한식 안주 대취에서 즐겨보세요!,https://blog.naver.com/dbwls160205/223142053870
2023-06-29,멘탈바사삭이었지만 지금보니 별 일 아니었던 4월,https://blog.naver.com/xsineex/223142021666
2023-06-29,,https://blog.naver.com/gm4446200
2023-06-29,[구의동 부동산 ] 성수전략정비구역 소식,https://blog.naver.com/gm4446200/223142013322
2023-06-29,,https://blog.naver.com/sosoily12
2023-06-29,성수맛집 닭구이 버섯전골 깊은 맛이 일품인 핫플 대취,https://blog.naver.com/sosoily12/223141977463
2023-06-29,,https://blog.naver.com/hellolove625
2023-06-29,성수맛집 대취 핫한 분위기만큼 안주도 맛있음,https://blog.naver.com/hellolove625/223141969656
2023-06-29,,https://blog.naver.com/smilehaena
2023-06-29,성수 놀거리 핫플 카페와 쇼룸 소품샵 구경,https://blog.naver.com/smilehaena/223141934868
2023-06-29,,https://blog.naver.com/i3estnana
2023-06-29,서울숲 더스페이스 성수동 지식산업센터 모델하우스 위치 안내,https://blog.naver.com/i3estnana/223141929477
2023-06-29,성수맛집 '대취',https://blog.naver.com/wjdgkssk9999/223141915600
2023-06-29,수변공원에 초고층 스카이라인 강북판 압구정 성수전략정비구역 사업 12년만에 재개,https://blog.naver.com/seoulwhi1/223141902826
2023-06-29,,https://blog.naver.com/westsun78
2023-06-29,성수전략정비구역 재개발 시작 그레이트한강 프로젝트,https://blog.naver.com/westsun78/223141896391
2023-06-29,,https://blog.naver.com/eunjjin21
2023-06-29,Paris 파리여행 7일차: 지베르니 모네의집 모네의정원 마레지구 쇼핑 (아페쎄 메르시) 카페 Season 맛집 Picchetto 마르스광장 에펠탑 피크닉,https://blog.naver.com/eunjjin21/223141850952
2023-06-29,,https://blog.naver.com/jinuuu-
2023-06-29,"우리마키 woorimaki | 성수동 맛집, 성수 가볼 만한 곳, 우동 맛집, 데이트 추천, 내돈내산, 웨이팅 맛집",https://blog.naver.com/jinuuu-/223141843713
2023-06-29,,https://blog.naver.com/gkstjf112
2023-06-29,성수역맛집추천! 브런치 카페 37.5시그니처,https://blog.naver.com/gkstjf112/223141843692
2023-06-29,,https://blog.naver.com/ald8949
2023-06-29,오세훈의 꿈!!~~ 서울 부촌 판도 바뀌나,https://blog.naver.com/ald8949/223141805710
2023-06-29,,https://blog.naver.com/sooheenam
2023-06-29,"서울시, 성수전략지구 '한강과 연결된 수변문화 주거단지'로 재탄생",https://blog.naver.com/sooheenam/223141492459
2023-06-29,호텔가구40년 로저스코리아의 스틸가구생각031-594-4200 010-****-**** 가성비 최고의 철제호텔가구,https://blog.naver.com/rogerskorea/223141773062
2023-06-29,"'야구팬들 오세요' KBO, 서울숲 언더스탠드에비뉴에 팝업 스토어 'KBO ROAD' 7월 7일 오픈",https://blog.naver.com/richhuub1/223141763673
2023-06-29,,https://blog.naver.com/polaris_reb
2023-06-29,성수전략지구 한강과 연결된 수변문화 주거단지로 재탄생_보도자료,https://blog.naver.com/polaris_reb/223141722234
2023-06-29,,https://blog.naver.com/a9uz7vzx
2023-06-29,브랜딩 디렉터와 함께하는 성수동의 매력과 브랜딩 전략,https://blog.naver.com/a9uz7vzx/223141720654
2023-06-29,,https://blog.naver.com/2hg
2023-06-29,성수 한식안주맛집 대취,https://blog.naver.com/2hg/223141713053
2023-06-29,,https://blog.naver.com/dambau6210
2023-06-29,230629 이동관 강행하는 尹정부… '야당 동의 필요없다',https://blog.naver.com/dambau6210/223141708320
2023-06-30,,https://blog.naver.com/machine-map
2023-06-30,‘마피’ 사라지는 인천,https://blog.naver.com/machine-map/223143547821
2023-06-30,서울숲 디저트 카페 ‘묘사서울’ 빙수가 맛있는 성수 디저트 맛집,https://blog.naver.com/lhj9406/223143531028
2023-06-30,,https://blog.naver.com/bjy886
2023-06-30,을지로데이트코스 소개팅 맛집 을지로제,https://blog.naver.com/bjy886/223143494968
2023-06-30,,https://blog.naver.com/ehs9709
2023-06-30,6월 마지막 일기,https://blog.naver.com/ehs9709/223143473877
2023-06-30,,https://blog.naver.com/finish9592
2023-06-30,성수동카페 하이라인,https://blog.naver.com/finish9592/223143444257
2023-06-30,서울 놀러 갈만한곳 수국 꽃구경 갈곳 서울숲 수국,https://blog.naver.com/ojirap1004/223143263470
2023-06-30,,https://blog.naver.com/edenlife3
2023-06-30,해돋이 명소 100곳,https://blog.naver.com/edenlife3/223143148756
2023-06-30,,https://blog.naver.com/rudal313-1
2023-06-30,성수맛집 2030들의 핫플 명소 줄서서 먹을정도로 유명한 대취,https://blog.naver.com/rudal313-1/223143125864
2023-06-30,,https://blog.naver.com/idb20
2023-06-30,파스타가 맛있는 노비아 에 노비오 성수 데이트코스로 가보자,https://blog.naver.com/idb20/223143122207
2023-06-30,,https://blog.naver.com/jisoo2541
2023-06-30,성수역 맛집 스시도쿠 더성수 서울숲데이트코스 로 완전 추천! 스시 좋아한다면 꼭 먹어봐야 하는 곳,https://blog.naver.com/jisoo2541/223142674892
2023-06-30,,https://blog.naver.com/glat_dorothy
2023-06-30,"감성을 자극하는 인테리어와 함께하는 소모임, 성수동 파티룸에서 시작해 보세요",https://blog.naver.com/glat_dorothy/223142956502
2023-06-30,,https://blog.naver.com/onlyjh0405
2023-06-30,성수맛집~!먹어보는 순간 깜짝놀랐엉! 대취,https://blog.naver.com/onlyjh0405/223142944463
2023-06-30,성수동 카페/ 프롤라,https://blog.naver.com/rolo_ggo/223142944912
2023-06-30,,https://blog.naver.com/jiniland46
2023-06-30,"[부동산뉴스]집값 상승전환 인천..""마피가 사라졌다""",https://blog.naver.com/jiniland46/223142943212
2023-06-30,,https://blog.naver.com/sp5tcgea
2023-06-30,"성수동맛집에서 편하게 즐기는 어린이 스타일 스테이크, 헤비스테이크 성수점",https://blog.naver.com/sp5tcgea/223142933802
2023-06-30,,https://blog.naver.com/withyou2615
2023-06-30,성수전략지구 '한강과 연결되 수변문화 주거단지'로 재탄생,https://blog.naver.com/withyou2615/223142895879
2023-06-30,"[힘내라 골목상권 / 연중기획] ""특명, 골목상권을 살려라"" / 딜라이브TV",https://blog.naver.com/cnmnews2015/223142882197
2023-06-30,,https://blog.naver.com/exist4613
2023-06-30,포터의 5요소이론 분석 ) 블루보틀에 관해 링크를 건 기사를 읽고난 후 마이클 포터의 5요소에 근거하여 블루보틀 관점에서 우리나라의 현재 카페산업을 분석하시오.,https://blog.naver.com/exist4613/223142847492
2023-06-30,,https://blog.naver.com/drawlightphoto
2023-06-30,[능소화명소] 능소화가 유명한 뚝섬한강공원,https://blog.naver.com/drawlightphoto/223142114250
2023-06-30,,https://blog.naver.com/ahg77864
2023-06-30,성수 맛집 2030들의 핫플 명소 대취,https://blog.naver.com/ahg77864/223142871460
2023-06-30,,https://blog.naver.com/leestaying
2023-06-30,임차권등기명령 신청 방법과 전세 불신의 시대,https://blog.naver.com/leestaying/223142855010
2023-06-30,,https://blog.naver.com/geniussy0817
2023-06-30,"뚝섬 피크닉 용품대여'글랫도로시', 너무 예쁜 성수동 놀거리",https://blog.naver.com/geniussy0817/223142851974
2023-06-30,,https://blog.naver.com/chaemj010
2023-06-30,프랑스 파리 자유여행 | 마레지구 메르시Merci 쇼핑,https://blog.naver.com/chaemj010/223119398133
2023-06-30,능소화 만발한 뚝섬한강공원,https://blog.naver.com/kyg06240/223142724192
2023-06-30,,https://blog.naver.com/sun_m03
2023-06-30,"서울 능소화 명소 뚝섬유원지/ 성수동 나들이 : 카페 테니, 카페 오우드, 가조쿠 소바",https://blog.naver.com/sun_m03/223142681867
2023-06-30,,https://blog.naver.com/hy0147710
2023-06-30,3월 풋풋한 새내기~,https://blog.naver.com/hy0147710/223142633510
2023-07-01,,https://blog.naver.com/wjstngus627
2023-07-01,"[Space] 맛집부터 볼거리까지 가득한 다옹투어 제2탄. (포인트오브뷰, 성수동문구점,문구소품샵, 문구덕후들의 여행)",https://blog.naver.com/wjstngus627/223144255651
2023-07-01,,https://blog.naver.com/ohse0317
2023-07-01,장마는 소강상태ㅡ그리고 폭염,https://blog.naver.com/ohse0317/223144156322
2023-07-01,,https://blog.naver.com/7575roro
2023-07-01,브라이튼 여의도 하이엔드 서울 임대 아파트 정보 1588-4883,https://blog.naver.com/7575roro/223144146721
2023-07-01,"2024 최신 방영예정 새드라마 추천 라인업1(아이 킬 유, 헤픈 웨딩, 브랜딩 인 성수동)",https://blog.naver.com/0604chj/223142162406
2023-07-01,,https://blog.naver.com/youngtravelog
2023-07-01,서울 능소화 명소 뚝섬 능소화 위치 가는길 실시간 개화현황 벽천분수 가동시간,https://blog.naver.com/youngtravelog/223144013915
2023-07-01,,https://blog.naver.com/xitbc4of
2023-07-01,소문난 성수동맛집! '헤비스테이크 성수점'에 온 것을 환영해,https://blog.naver.com/xitbc4of/223143989391
2023-07-01,,https://blog.naver.com/hellochacha_
2023-07-01,수도박물관 견학_ EBS한국사탐방 새싹원정대 :: 서울숲 아이와 가볼 만한 곳,https://blog.naver.com/hellochacha_/223143937229
2023-07-01,,https://blog.naver.com/yoi58qd3
2023-07-01,성수동맛집! 헤비스테이크 성수점으로 원플레이트 스테이크를 즐겨보세요,https://blog.naver.com/yoi58qd3/223143935721
2023-07-01,,https://blog.naver.com/o1i1v32j
2023-07-01,성수동에서 배우는 퍼스널 브랜딩의 중요성과 성공 전략,https://blog.naver.com/o1i1v32j/223143931762
2023-07-01,,https://blog.naver.com/therichtv
2023-07-01,성수동 70층 초고층 아파트 전략정비구역변경안,https://blog.naver.com/therichtv/223143645731
2023-07-01,,https://blog.naver.com/insighdt7556
2023-07-01,진해진해국제조각파크 같이 알아볼게요,https://blog.naver.com/insighdt7556/223143640383
2023-07-02,,https://blog.naver.com/d10re10am
2023-07-02,[서울] [맛집] 솥친자의 서울 솥밥 맛집 | 잠실 도꼭지 | 광화문 솥내음 | 성수 서울숲 초리상경 | 초리상경 웨이팅,https://blog.naver.com/d10re10am/223144988600
2023-07-02,,https://blog.naver.com/invitingspace
2023-07-02,서울여행 뚝섬미술관 인사이드미 성수동체험형전시 서울성수가볼만한곳 내돈내산 솔직후기,https://blog.naver.com/invitingspace/223144950585
2023-07-02,서울 한강공원 뚝섬유원지 능소화 명소 가는 방법 개화시기,https://blog.naver.com/chavely85/223144891110
2023-07-02,성수전략정비구역 계획 발표,https://blog.naver.com/edwardy/223144849217
2023-07-02,,https://blog.naver.com/naturalhealing7
2023-07-02,산책 애호가들이 추천하는 서울의 숲 산책 코스 4 주말 걷기 좋은 길,https://blog.naver.com/naturalhealing7/223144754081
2023-07-02,,https://blog.naver.com/suhyun_s2
2023-07-02,"용인 처인구청 김량장동 맛집 : 어텀바이브, 분위기 맛 둘다 최고에요!!",https://blog.naver.com/suhyun_s2/223144497324
2023-07-02,,https://blog.naver.com/nullsheet
2023-07-02,서울 서남권 영등포-여의도 개발 계획,https://blog.naver.com/nullsheet/223142051796
2023-07-02,,https://blog.naver.com/ehdanfvktm
2023-07-02,서울숲 성수동 맛집 데이트코스 추천 스시도쿠,https://blog.naver.com/ehdanfvktm/223144482376
2023-07-02,,https://blog.naver.com/qlcsk257256
2023-07-02,"뚝섬 능소화 한강공원 장마 이후 상황(따릉이, 주차 위치까지)",https://blog.naver.com/qlcsk257256/223144456911
2023-07-02,,https://blog.naver.com/1ogazsuo
2023-07-02,도시 속 숨은 명소 탐험 - 새로운 발견과 경험을 즐기는 5곳의 도시 여행지,https://blog.naver.com/1ogazsuo/223144436048
2023-07-02,,https://blog.naver.com/sns0720
2023-07-02,"[한강] 따릉이 타고 ""능소화"" 보러가기",https://blog.naver.com/sns0720/223144410942
2023-07-02,,https://blog.naver.com/fouou
2023-07-02,학기 중에 나는 무엇을 했을 까? [4월 / 사생활 편] - 2화,https://blog.naver.com/fouou/223144335772
2023-07-03,,https://blog.naver.com/als127wls127
2023-07-03,"후쿠오카 3박 4일 여행 코스 | 후쿠오카 숙소, 롯폰마츠 맛집, 우설 맛집 | 오호리 공원, 캐널시티, 다자이후, 유후인 당일치기 | 유후인 당일 온천 | 트레블월렛 카드 꿀팁",https://blog.naver.com/als127wls127/223145993837
2023-07-03,,https://blog.naver.com/dailysani
2023-07-03,성수동 데이트 추천코스/고급스럽고 이국적인 분위기에서 즐기는 애프터눈 티타임 'TWG Tea' 성수낙낙점,https://blog.naver.com/dailysani/223145984062
2023-07-03,성수동 데이트 코스 가볼만한곳 초이다이닝 웨이팅있는 후토마끼 맛집,https://blog.naver.com/yesun81/223145966382
2023-07-03,,https://blog.naver.com/sssdkwl
2023-07-03,"[쏭의일상]'한신아파트나들목' 능소화 명소, 능소화사진찍기좋은곳(뚝섬,뚝도시장,성수능소화폭포)",https://blog.naver.com/sssdkwl/223145957113
2023-07-03,,https://blog.naver.com/badasarang85
2023-07-03,서울 성동구 서울숲의 환상적인 낮과 밤,https://blog.naver.com/badasarang85/223145909728
2023-07-03,,https://blog.naver.com/lim73331
2023-07-03,[군산 안경] 아이리움 군산조촌점 :: 고오급스러운 군산안경점 아이리움 I.RIUM에서 프리미엄브랜드 안경테로 안경 맞추고 왔어요 ~!!,https://blog.naver.com/lim73331/223145800658
2023-07-03,,https://blog.naver.com/hanleehome
2023-07-03,성수동 데이트코스 피키니키 라자냐,https://blog.naver.com/hanleehome/223145767393
2023-07-03,"경리단길 젠트리피케이션, 과거의 경리단길을 찾아볼 수 없는 이유는 뭘까",https://blog.naver.com/weonus_/223145724842
2023-07-03,,https://blog.naver.com/soahn322
2023-07-03,[서울 능소화 명소] 뚝섬한강공원 능소화 정보 및 위치 스냅촬영 팁,https://blog.naver.com/soahn322/223145627627
2023-07-03,,https://blog.naver.com/heeya0116
2023-07-03,[성수 맛집] 핫플레이스 성수에서 줄서는 딤섬집 '제제',https://blog.naver.com/heeya0116/223145508525
2023-07-03,,https://blog.naver.com/doul4tai
2023-07-03,성수동맛집 헤비스테이크 성수점 친절하고 신속한 서비스로 쾌적한 식사 환경을 제공합니다,https://blog.naver.com/doul4tai/223145484665
2023-07-03,,https://blog.naver.com/tlgus3720
2023-07-03,"[서울 뚝섬 능소화 명소]7월 개화현황(주차 ,찾아가는 길 정보 포함 )",https://blog.naver.com/tlgus3720/223145473858
2023-07-03,,https://blog.naver.com/6ysizyvi
2023-07-03,"성수동맛집 헤비스테이크 성수점, 음료와 함께 완벽한 스테이크를 즐겨보세요",https://blog.naver.com/6ysizyvi/223145471743
2023-07-03,,https://blog.naver.com/lrirou24
2023-07-03,"성수동맛집 헤비스테이크 성수점, 부드러운 스테이크로 웃음 가득한 맛있는 시간을",https://blog.naver.com/lrirou24/223145466282
2023-07-03,,https://blog.naver.com/sbkwj7t6
2023-07-03,"성수동맛집! 헤비스테이크 성수점, 손님들의 의견에 귀 기울여 개선하는 중",https://blog.naver.com/sbkwj7t6/223145286287
2023-07-03,,https://blog.naver.com/imjungwon1213
2023-07-03,"2. ""청량리 핫해요, 핫해""…중장년층에 MZ까지 꽂힌 '뉴트로 상권'",https://blog.naver.com/imjungwon1213/223145272194
2023-07-03,,https://blog.naver.com/landkang33
2023-07-03,7월3일 부동산뉴스 공시가 9억원이상 주택연금가입 가능,https://blog.naver.com/landkang33/223145239129
2023-07-03,,https://blog.naver.com/realworld_official
2023-07-03,"삼성전자 임원단이 성수동을 찾은 이유, MZ세대 놀이 문화를 탐구하다!",https://blog.naver.com/realworld_official/223145202521
2023-07-03,요새 트렌드는 '여기'랍니다,https://blog.naver.com/khkim09/223145197954
2023-07-03,,https://blog.naver.com/miracle365_
2023-07-03,7/3 금리/경제/부동산 뉴스,https://blog.naver.com/miracle365_/223145165626
2023-07-03,성수전략정비구역 재개발 정비계획 변경(안) '한강과 연결된 수변문화 주거단지',https://blog.naver.com/producer77/223144923776
2023-07-03,,https://blog.naver.com/81sh8du0
2023-07-03,"성수동맛집 헤비스테이크 성수점, 특별한 런치 세트로 저렴하게 스테이크를 즐겨보세요",https://blog.naver.com/81sh8du0/223145116680
2023-07-04,,https://blog.naver.com/lucaslee93
2023-07-04,[성수역 맛집] 곰식당 | 성수동 직장인 필수코스! 성수 점심 맛집,https://blog.naver.com/lucaslee93/223147042261
2023-07-04,,https://blog.naver.com/tumi4474_
2023-07-04,성수동이 달라진다. 초고층 & 강변북로 공원화 확정! [서울시 성수전략정비구역 재개발 정비계획 변경(안) 발표],https://blog.naver.com/tumi4474_/223147007182
2023-07-04,,https://blog.naver.com/sangsang_26
2023-07-04,"서울시, 성수전략정비구역 한강과 연결된 수변문화 주거단지로 재탄생",https://blog.naver.com/sangsang_26/223146807179
2023-07-04,,https://blog.naver.com/kitchenvalley
2023-07-04,"[공유주방 키친밸리] 건국대학교, 세종대학교 상권에서 배달 창업, 광진점 추천!",https://blog.naver.com/kitchenvalley/223146784383
2023-07-04,,https://blog.naver.com/seug2580
2023-07-04,서울 루프탑 파티룸 옥탑방성수 방문후기,https://blog.naver.com/seug2580/223146697664
2023-07-04,,https://blog.naver.com/myh8733
2023-07-04,"[서울숲 맛집] 신선한 해산물이 올라간 성수동 맛집 ""미쁘동""",https://blog.naver.com/myh8733/223146373548
2023-07-04,,https://blog.naver.com/hanna99
2023-07-04,성수동수제화거리,https://blog.naver.com/hanna99/223146298856
2023-07-04,"서울아파트 경매 물건 찾아보기(7/3기준), 지금은 경매공부해서 들어갈 때",https://blog.naver.com/gracesuh1212/223145764565
2023-07-04,성수동 가볼만한곳 성수 더블에이 팝업스토어 7월 핫플,https://blog.naver.com/euna841006/223146188265
2023-07-04,"가로수길 놀거리/ 색다른 느낌의 도심 바캉스, 호가든 팝업스토어",https://blog.naver.com/gagamal740718/223146035642
2023-07-05,,https://blog.naver.com/name6571
2023-07-05,울산 다한증 병원의 수술외 다른 방법 있나요?,https://blog.naver.com/name6571/223148030246
2023-07-05,,https://blog.naver.com/yeguri_01
2023-07-05,성수동데이트 강추코스 도우소사이어티,https://blog.naver.com/yeguri_01/223148023902
2023-07-05,,https://blog.naver.com/khjjma12
2023-07-05,"성수동 호텔 투숙 내돈내산 후기, 호텔 포코 성수 리뷰(위치/요금/가성비호텔)",https://blog.naver.com/khjjma12/223147999352
2023-07-05,,https://blog.naver.com/sdskang
2023-07-05,성동구는 어떤 곳인가?(소개),https://blog.naver.com/sdskang/223147694309
2023-07-05,KBO 팝업스토어 'KBO ROAD' 오픈…다양한 굿즈 선보인다,https://blog.naver.com/like_cuty/223147666479
2023-07-05,,https://blog.naver.com/shimjie
2023-07-05,강북 TOP2! 성수전략지구 재개발 변경안,https://blog.naver.com/shimjie/223147659474
2023-07-05,,https://blog.naver.com/w7ehjru3
2023-07-05,"서울의 다이어트 명소와 건강한 먹거리, 전문가 블로그에서 알려드립니다!",https://blog.naver.com/w7ehjru3/223147640008
2023-07-05,,https://blog.naver.com/chun_bokdeokbang
2023-07-05,성수전략정비구역 재개발 정비 계획 변경안,https://blog.naver.com/chun_bokdeokbang/223147592572
2023-07-05,,https://blog.naver.com/boxx_voyage
2023-07-05,"서울 능소화 명소, 뚝섬 능소화보러 다녀왔어요 !",https://blog.naver.com/boxx_voyage/223147462124
2023-07-05,,https://blog.naver.com/kh66iooo
2023-07-05,"비 오는 날 어울리는 분위기 있는 여행지, 실내 데이트 추천 명소 5곳",https://blog.naver.com/kh66iooo/223147413147
2023-07-05,,https://blog.naver.com/sunyyyyyy
2023-07-05,"일본 다카마쓰 2박3일 여행 1️⃣ - 다카마쓰 여행, 다카마쓰 공항 우동국물, 다카마쓰항, 기타하마앨리, 다카마쓰 호텔, 드럭스토어, 자전거대여, 이자카야",https://blog.naver.com/sunyyyyyy/223147335045
2023-07-05,,https://blog.naver.com/just_diary_
2023-07-05,솜반천 | 제주도 계곡 물놀이 여름 서귀포 아이와가볼만한곳 저녁 산책,https://blog.naver.com/just_diary_/223147265697
2023-07-06,,https://blog.naver.com/firekang
2023-07-06,"성수전략정비구역 수변문화 주거탄지로 재탄생-9000여가구, 80층개발",https://blog.naver.com/firekang/223148980676
2023-07-06,,https://blog.naver.com/lsavvyl
2023-07-06,"성수동 브런치카페 메이플탑, 성수역 부모님과 데이트 코스 성수연방 맛집",https://blog.naver.com/lsavvyl/223148981005
2023-07-06,,https://blog.naver.com/dxx_jvnn
2023-07-06,서울쥐가 서울로 여행을 가다.,https://blog.naver.com/dxx_jvnn/223148945177
2023-07-06,,https://blog.naver.com/rhwlstj1259
2023-07-06,서울숲~^^ 멋진나무그늘 아래서 쉬어가셔요! 서울숲에 가면 찐 행복이 밀려와요~ㅎㅎ,https://blog.naver.com/rhwlstj1259/223148933830
2023-07-06,,https://blog.naver.com/carrera9702
2023-07-06,파브릭 드 모네 분양,https://blog.naver.com/carrera9702/223148815926
2023-07-06,더멀팩 공구 콜라겐팩7.10~7.12,https://blog.naver.com/seokminjoo/223148564672
2023-07-06,,https://blog.naver.com/ehdus968
2023-07-06,성수동 데이트코스 핫플 샤넬 코드 컬러 팝업 스토어 예약방법 및 후기,https://blog.naver.com/ehdus968/223148444691
2023-07-06,,https://blog.naver.com/2m5fqfrj
2023-07-06,서울의 매혹적인 숨은 명소 탐방 - 도심 속의 자연과 역사,https://blog.naver.com/2m5fqfrj/223148106645
2023-07-07,,https://blog.naver.com/donish
2023-07-07,"성수 소품샵 데이트 추천코스 (레어로우 하우스, 먼치스앤구디스, 이구성수 내돈내산후기)",https://blog.naver.com/donish/223149966962
2023-07-07,,https://blog.naver.com/daddybike
2023-07-07,여름꽃 서울 능소화 명소 : 뚝섬 한강공원,https://blog.naver.com/daddybike/223149868474
2023-07-07,,https://blog.naver.com/joo_days
2023-07-07,"치앙마이 마야몰 코워킹스페이스 CAMP, 가볼만한 곳 필수 명소 예술가들의 마을 반캉왓",https://blog.naver.com/joo_days/223149864911
2023-07-07,"성수동 스테이크 파스타가 맛있는 미테이블, 데이트코스로 좋은 서울숲맛집으로 인정!",https://blog.naver.com/yourns/223149787729
2023-07-07,,https://blog.naver.com/sayment
2023-07-07,#성수동 #나들이 #디올 #성수 #주차,https://blog.naver.com/sayment/223149670292
2023-07-07,,https://blog.naver.com/hocean_
2023-07-07,브레디포스트 성수 카페 사진 프레즐 맛집,https://blog.naver.com/hocean_/223149517282
2023-07-07,,https://blog.naver.com/poohmmmm
2023-07-07,[펀글] 서울 최고의 야경 응봉산공원,https://blog.naver.com/poohmmmm/223149469466
2023-07-07,,https://blog.naver.com/ha7038
2023-07-07,일찍 찾아온 여름밤의 도쿄 ep.2,https://blog.naver.com/ha7038/223149380333
2023-07-07,,https://blog.naver.com/nioungnioung
2023-07-07,"서울 야경 명소 :: 응봉산 팔각정 가는법, 주차 정보(하트시그널4 주미, 지원 데이트 장소)",https://blog.naver.com/nioungnioung/223149356282
2023-07-07,안국역 카페 텅 비어있는 삶 뷰와 사유의 맛집(ft.노트북),https://blog.naver.com/blury/223149338730
2023-07-07,"성수동 팝업스토어/ 더블에이 베러액션, 고속 승진의 체험 현장",https://blog.naver.com/gagamal740718/223149275638
2023-07-07,,https://blog.naver.com/ssovely1024
2023-07-07,[성수] 7월 팝업스토어 인생샷 건지기 좋은 쇼핑 명소 샵사이다 cider-popup,https://blog.naver.com/ssovely1024/223149226616
2023-07-07,,https://blog.naver.com/kimyeeun1103
2023-07-07,오사카 브루클린로스팅컴퍼니 기타하마 카페거리 필수코스,https://blog.naver.com/kimyeeun1103/223148948056
2023-07-07,,https://blog.naver.com/im_hyema
2023-07-07,[뚝섬유원지] 뚝섬유원지 능소화 명소 포토 스팟 위치,https://blog.naver.com/im_hyema/223149187590
2023-07-07,,https://blog.naver.com/smile2370
2023-07-07,서울 뚝섬 유원지 능소화 명소 포토존,https://blog.naver.com/smile2370/223149121728
2023-07-07,,https://blog.naver.com/yeseungmam83
2023-07-07,서울숲역맛집 성수동쌀국수 포맨스 가성비 갑!,https://blog.naver.com/yeseungmam83/223149073915
2023-07-08,,https://blog.naver.com/muk_uh_hyo
2023-07-08,[2023] 대만 타이베이 ㅣ 딘타이펑 줄 안서고 먹기 ㅣ 타이베이 현지인 핫플카페 ㅣ 화산 1914 ㅣ 타이베이 101 포토스팟 ㅣ쓰쓰난춘 ㅣ 임동방 우육면,https://blog.naver.com/muk_uh_hyo/223150647049
2023-07-08,,https://blog.naver.com/isc4700
2023-07-08,"샤넬 코드 컬러 팝업 / 알록달록 컬러천국 / 성수동팝업, 성수나들이, 샤넬 팝업",https://blog.naver.com/isc4700/223150528435
2023-07-08,[오토바이 핫플레이스] 용인 롤링트라이브에서 발견한 미들급 네이키드 바이크 보그 500AC,https://blog.naver.com/ichthu/223150492437
2023-07-08,,https://blog.naver.com/other1404
2023-07-08,장흥 애견호텔 고양이호텔 귀염둥이가 많은 알려드려요,https://blog.naver.com/other1404/223150360226
2023-07-08,,https://blog.naver.com/on3674_
2023-07-08,성수동 핫플레이스 성수에스포레 입주임박,https://blog.naver.com/on3674_/223150331073
2023-07-08,"성수역 맛집/ 사위식당, 유퀴즈에도 소개된 부산식 낙곱새 식당",https://blog.naver.com/gagamal740718/223150065878
2023-07-08,,https://blog.naver.com/iksuk
2023-07-08,성수역. 우리나라 신발의 메카. 성수동 제회 역사 전시회 l 서울역 염천교에서 성수동까지 l 성수동 수제화 거리,https://blog.naver.com/iksuk/223150193139
2023-07-08,,https://blog.naver.com/fa5l4xcf
2023-07-08,성수동: 한국의 핫한 지역에서 새로운 공간브랜딩과 퍼스널브랜딩의 시도,https://blog.naver.com/fa5l4xcf/223150082687
2023-07-08,"[겔겔투어] ""제목은 'J'컨셉 여행으로 하겠습니다"" 도쿄여행기 가마쿠라 편 (가마쿠라 가는법/슬램덩크 배경지/가마쿠라 맛집/가마쿠라 카페/가마쿠라 패스/에노덴 패스)",https://blog.naver.com/ksy1327/223150072039
2023-07-08,,https://blog.naver.com/mps36162
2023-07-08,"하트시그널 시즌 4 8화 리뷰 - 지영, 민규, 지원, 후신, 주미, 겨레, 이수, 지민의 여자 출연자 데이트 선택 데이트 장소 공개",https://blog.naver.com/mps36162/223150068367
2023-07-09,,https://blog.naver.com/2lnpmgip
2023-07-09,서울숲맛집 차만다 서울숲점 - 만족도 높고 긍정적인 리뷰가 가득한 맛집,https://blog.naver.com/2lnpmgip/223151203329
2023-07-09,,https://blog.naver.com/onlywonand
2023-07-09,[23.07.07 | soet소엣] 우연히 찾은 왕십리 핫플레이스 내돈내산 후기,https://blog.naver.com/onlywonand/223151149233
2023-07-09,,https://blog.naver.com/obr912k7
2023-07-09,"성수동맛집 부우이 인테리어도 화보, 뷰도 환상! 여기서 식사는 사진 찍는 재미까지 더해져요",https://blog.naver.com/obr912k7/223151115224
2023-07-09,,https://blog.naver.com/gloryjeju
2023-07-09,<미국 여행> 뉴욕 맨하튼 브루클린 워킹투어 / 뉴욕 도보 시티투어 강력 추천 (남진우 선생님),https://blog.naver.com/gloryjeju/223151026321
2023-07-09,,https://blog.naver.com/ankue
2023-07-09,강화도 조양방직,https://blog.naver.com/ankue/223150912638
2023-07-09,,https://blog.naver.com/minorria
2023-07-09,서울숲 데이트 코스 세련된 성수 부대찌개 셋째집,https://blog.naver.com/minorria/223150886039
2023-07-09,,https://blog.naver.com/simmim0522
2023-07-09,"성수동 데이트 맛집, 디올성수 뷰의 분위기 좋은 곳 #문츠바베큐",https://blog.naver.com/simmim0522/223150850241
2023-07-09,,https://blog.naver.com/ka1186
2023-07-09,"성수동 수제화 골목, 서울 가볼만한 곳, 한국방송통신대학교, 성수동 카페거리 ~ ""6월 운동 2회차 걷기""",https://blog.naver.com/ka1186/223150792467
2023-07-09,,https://blog.naver.com/9beo8z4d
2023-07-09,최근 들어 국내에서도 다양한 컨셉의 '빈티지'라는 트렌드가 주목받고 있습니다.,https://blog.naver.com/9beo8z4d/223150762797
2023-07-10,,https://blog.naver.com/yatnsarang1
2023-07-10,앞구정 재건축 신속통합기획,https://blog.naver.com/yatnsarang1/223152413555
2023-07-10,,https://blog.naver.com/mizar
2023-07-10,뚝섬 성수동,https://blog.naver.com/mizar/223152400205
2023-07-10,압구정 '미니신도시' 된다. 압구정 재건축 신속통합기획 확정,https://blog.naver.com/windyzz/223152364827
2023-07-10,,https://blog.naver.com/inpositive87
2023-07-10,성수 핫플 - 능소화가 예쁜 뚝섬 능소화 출사 (뚝섬 한강공원 능소화 위치),https://blog.naver.com/inpositive87/223152361829
2023-07-10,"2023 『압구정 현대아파트 재건축 사업의 천지개벽 세부안』 확정, 재조명(2)",https://blog.naver.com/ljhjyk1217/223152345647
2023-07-10,,https://blog.naver.com/ldk3434
2023-07-10,성수동 놀거리 데이트코스 성수동맛집 카카모루,https://blog.naver.com/ldk3434/223152337340
2023-07-10,,https://blog.naver.com/psh1951
2023-07-10,'50층 초고층 1.2만가구'…40년 만에 천지개벽하는 압구정,https://blog.naver.com/psh1951/223152307233
2023-07-10,,https://blog.naver.com/jihyunyooo21
2023-07-10,"[송파공인중개사학원] 압구정 지구 2~5구역 신속통합기획 확정, 정비사업 본격화 진행",https://blog.naver.com/jihyunyooo21/223152276825
2023-07-10,[경제신문스크랩] - 2023.07.10,https://blog.naver.com/syeon911-/223152268758
2023-07-10,,https://blog.naver.com/dosijeongbinews
2023-07-10,"[도시정비뉴스] 서울 압구정지구 재건축 신통기획 확정...50층 내외 11,800세대",https://blog.naver.com/dosijeongbinews/223152176258
2023-07-10,,https://blog.naver.com/myhyun2004
2023-07-10,"한강 품는 압구정 재건축, 50층 초고층 ‘미니 신도시’ 변신",https://blog.naver.com/myhyun2004/223152167060
2023-07-10,,https://blog.naver.com/dalbongeeee
2023-07-10,성수동 맛집 분위기 좋은 이자카야 이로우 데이트 코스 추천,https://blog.naver.com/dalbongeeee/223152158856
2023-07-10,,https://blog.naver.com/vrow
2023-07-10,♤ 오늘의 부동산 뉴스 압구정 재건축... ♤,https://blog.naver.com/vrow/223152129581
2023-07-10,"[서울시 보도자료]서울시, 압구정지구(2~5구역) 신속통합기획 확정지구단위계획 결정 이후, 정비사업 본격화",https://blog.naver.com/kimjy9713/223152009876
2023-07-10,,https://blog.naver.com/ahahouse
2023-07-10,"[뉴스] 압구정지구(2~5구역) 신속통합기획 확정_50층 내외, 11,800세대 규모로 거듭나",https://blog.naver.com/ahahouse/223151984622
2023-07-10,,https://blog.naver.com/cleanlbg
2023-07-10,"서울시, 압구정지구 2~5구역 신속통합기획 확정…정비사업 본격화",https://blog.naver.com/cleanlbg/223151983720
2023-07-10,,https://blog.naver.com/astrojason
2023-07-10,"압구정 한강변 50층 11,8000세대로 변신",https://blog.naver.com/astrojason/223151946599
2023-07-10,20230710 국내 news,https://blog.naver.com/reb000t/223151893641
2023-07-10,"압구정, 1만 2000가구 규모 '미니 신도시'로…40년 만에 대변신",https://blog.naver.com/realty_go/223151866382
2023-07-10,,https://blog.naver.com/access12451
2023-07-10,성수역 개인회생 가능성까지 심사숙고하여,https://blog.naver.com/access12451/223151854336
2023-07-10,성수 전략정비구역+압구정 연계 개발,https://blog.naver.com/bkwoo0802/223151840249
2023-07-10,,https://blog.naver.com/charlie-shin0103
2023-07-10,압구정지구 최고 '50+α'층 재건축 …신속통합기획안 확정,https://blog.naver.com/charlie-shin0103/223151813795
2023-07-10,,https://blog.naver.com/sweon76
2023-07-10,"강남구 임장보고서(신사동가로수길,미성아파트,현대아파트,신사시장,현대 65동,현대8차,압구정대림아크로빌,은마아파트,래미안대치팰리스,도곡렉슬,타워팰리스,양재천,개포1단지)",https://blog.naver.com/sweon76/223151700795
2023-07-10,,https://blog.naver.com/2002cta
2023-07-10,청량리역 랜드마크 ‘롯데캐슬 SKY-L65’ 롯데쇼핑몰 입점 5층 메디컬 상가 일반 분양중,https://blog.naver.com/2002cta/223151684716
2023-07-10,,https://blog.naver.com/kindhaja
2023-07-10,노원 강아지보호소 젤루 오래된 아가펫 정보 알아보기,https://blog.naver.com/kindhaja/223151680871
2023-07-10,,https://blog.naver.com/i_aread
2023-07-10,"성수동 피자, 성수 데이트코스 '피자시즌' 반반피자(페퍼로니, 허니 포테이토), 게살 로제 파스타",https://blog.naver.com/i_aread/223151676635
2023-07-10,,https://blog.naver.com/hty100
2023-07-10,"경기도 핫플레이스 덕리단길의 시작, 라비틀 쿠키",https://blog.naver.com/hty100/223151662908
2023-07-10,성수맛집 핵밥 성수본점은 데이트 맛집,https://blog.naver.com/ayrldi0510/223151550496
2023-07-10,23. 7. 10. 패션 브리핑,https://blog.naver.com/fashon1/223151525329
2023-07-10,서울 능소화 명소 뚝섬한강공원 유원지 가는법 주차 성수동 데이트 코스 7월 국내 여행지 추천,https://blog.naver.com/pang_doo/223148451555
2023-07-10,,https://blog.naver.com/xoxo4155
2023-07-10,ㅈ됐다 두달치다,https://blog.naver.com/xoxo4155/223151501367
2023-07-10,서울숲파스타 콩카세 플레이팅 예쁜 라자냐 뇨끼,https://blog.naver.com/gilu333/223151463479
2023-07-11,,https://blog.naver.com/start__end
2023-07-11,압구정에 50층 마천루 1만 2천 가구 수변 도시,https://blog.naver.com/start__end/223153492111
2023-07-11,,https://blog.naver.com/yeondiary24
2023-07-11,서울 성수동 점심식사 저녁데이트 명소 성수명당 내돈내산 후기,https://blog.naver.com/yeondiary24/223153427701
2023-07-11,,https://blog.naver.com/mimicoffee8282
2023-07-11,성수동맛집 서울숲 데이트코스 진작다이닝,https://blog.naver.com/mimicoffee8282/223153398010
2023-07-11,압구정3구역 건축사사무소 2군데 서울시 고발 및 압구정지구 신속통합기획확정 발표,https://blog.naver.com/kkulmd96/223153370732
2023-07-11,,https://blog.naver.com/kakswife
2023-07-11,"[성수 와인바] 테이스트앤드테이스트, 미슐랭급 맛집(테앤테성수, 성수동 콜키지 무료)",https://blog.naver.com/kakswife/223153352037
2023-07-11,,https://blog.naver.com/mateam9415
2023-07-11,"서울시,압구정지구[2~5구역] 신속통합기획 확정 지구단위계획 결정 이후, 정비사업 본격화",https://blog.naver.com/mateam9415/223153349966
2023-07-11,,https://blog.naver.com/alehfdl78
2023-07-11,다양한 볼거리가 가득한 방콕여행지,https://blog.naver.com/alehfdl78/223153313777
2023-07-11,,https://blog.naver.com/thepublicow
2023-07-11,압구정의 변신: 서울 근교를 잇는 미니 신도시,https://blog.naver.com/thepublicow/223153254059
2023-07-11,,https://blog.naver.com/gray_gravity
2023-07-11,"2023년 7월 11일_국내(시황, 뉴스)",https://blog.naver.com/gray_gravity/223153106760
2023-07-11,,https://blog.naver.com/vjvorxmakstp
2023-07-11,촌것들 서울구경 제대로 하기,https://blog.naver.com/vjvorxmakstp/223153227602
2023-07-11,,https://blog.naver.com/micwow
2023-07-11,압구정 신통기획 확정,https://blog.naver.com/micwow/223153204865
2023-07-11,,https://blog.naver.com/sjh980825
2023-07-11,2023.07.11,https://blog.naver.com/sjh980825/223153201367
2023-07-11,,https://blog.naver.com/galaxy1559
2023-07-11,"압구정지구[2-5구역]신속통합기획 확정,정비사업 본격화",https://blog.naver.com/galaxy1559/223153148579
2023-07-11,,https://blog.naver.com/qkrwndud019
2023-07-11,2023년 생일,https://blog.naver.com/qkrwndud019/223153129177
2023-07-11,,https://blog.naver.com/av9epvv3
2023-07-11,"대한민국 대표 야경 명소, 도시의 빛으로 빚어지는 환상적인 풍경",https://blog.naver.com/av9epvv3/223153008781
2023-07-11,,https://blog.naver.com/ythpower1
2023-07-11,'압구정 힐스'와 '성수동 밸리'... 1㎞보행교로 연결한다.,https://blog.naver.com/ythpower1/223153003186
2023-07-11,,https://blog.naver.com/gunsbong
2023-07-11,압구정 신속통합기획 재건축 확정,https://blog.naver.com/gunsbong/223152987849
2023-07-11,,https://blog.naver.com/rami0073
2023-07-11,[서울 여행] 아레나50주년 팝업스토어(+서울구경),https://blog.naver.com/rami0073/223152913227
2023-07-11,,https://blog.naver.com/airmerit2030
2023-07-11,압구정 재건축 신통기획 세부안 확정 (2~5구역),https://blog.naver.com/airmerit2030/223152907367
2023-07-11,"서울시, 압구정 지구(2~5구역) 신속통합기획 확정....최고 50층 아파트 단지로",https://blog.naver.com/anthonyjt/223152906480
2023-07-11,,https://blog.naver.com/realestate_n01
2023-07-11,"압구정 한강변, 50층 초고층으로… 1만2천가구 ‘미니 신도시’ 된다",https://blog.naver.com/realestate_n01/223152877259
2023-07-11,,https://blog.naver.com/spiceshin
2023-07-11,신속통합기획 압구정 재건축,https://blog.naver.com/spiceshin/223152875410
2023-07-11,,https://blog.naver.com/pubao-_____-3
2023-07-11,2023.07.11 한국경제/실업급여 부정수급/삼성바이오 수주잭팟/압구정 재건축/HBM 경쟁/강원랜드 시련/에코프로 전망/ELS 손실/증권주 추락/여의도 재건축,https://blog.naver.com/pubao-_____-3/223152853226
2023-07-11,,https://blog.naver.com/dechool-
2023-07-11,압구정지구 2~5구역 신속 통합기획 세부안 확정,https://blog.naver.com/dechool-/223152829561
2023-07-11,,https://blog.naver.com/hanrasan21c
2023-07-11,"압구정지구 2~5구역 재건축 신속통합기획 확정. 23만평에 50층 내외, 11,800세대 규모 본격 추진.",https://blog.naver.com/hanrasan21c/223152767611
2023-07-11,"KBO, 서울숲 '언더스탠드에비뉴' 거리 전체 ‘KBO ROAD’ 팝업스토어 개최",https://blog.naver.com/tenantnews/223152745473
2023-07-11,,https://blog.naver.com/stellarim0
2023-07-11,[성수동 팝업스토어 데이트코스] 성수 크레이지아케이드 팝업 : 빅웨이브 컬렉티브 X 넥슨,https://blog.naver.com/stellarim0/223152684388
2023-07-11,,https://blog.naver.com/risk-free
2023-07-11,230711 뉴스와 투자 이야기,https://blog.naver.com/risk-free/223152640907
2023-07-11,,https://blog.naver.com/bbonara84
2023-07-11,"압구정지구 2,3,4,5 구역 신속통합기획 확정★ 미성·현대·한양아파트 / 50층 내외, 11800세대 규모",https://blog.naver.com/bbonara84/223152626816
2023-07-11,,https://blog.naver.com/jmd7945
2023-07-11,"2023.07.11 > 압구정2~5구역 재건축 신속통합기획 확정, 부동산원 vs KB부동산 통계 다른이유?,",https://blog.naver.com/jmd7945/223152626199
2023-07-11,압구정지구 재건축 신속통합기획 확정 11830세대 내외,https://blog.naver.com/landkang33/223152612731
2023-07-11,,https://blog.naver.com/hyoryeondream
2023-07-11,강남 대표 아파트 현대 한양 재건축 압구정지구 2~5구역 신속통합기획 확정 지구단위계획 한강 가는 길 스카이라인,https://blog.naver.com/hyoryeondream/223152599247
2023-07-11,,https://blog.naver.com/ydh159159
2023-07-11,서울 압구정동 한강변 일대 수변특화단지로 탈바꿈한다,https://blog.naver.com/ydh159159/223152555995
2023-07-11,,https://blog.naver.com/daesung2828
2023-07-11,"압구정 재건축 아파트와···성수동, 재건축 기획안 발표",https://blog.naver.com/daesung2828/223152597679
2023-07-11,,https://blog.naver.com/miranda01
2023-07-11,"압구정과 성수동 잇는 한강보행교, 압구정 수변 신도시 변신",https://blog.naver.com/miranda01/223152594141
2023-07-11,,https://blog.naver.com/shinmh12
2023-07-11,서울숲까지 보행교... 압구정 '수변 신도시'변신 / 오늘의 신문 / 신문 스크랩,https://blog.naver.com/shinmh12/223152593253
2023-07-11,,https://blog.naver.com/project-rich-5year
2023-07-11,오늘의 부동산 기사 (23.07.),https://blog.naver.com/project-rich-5year/223152548215
2023-07-11,‘압구정 힐스’와 ‘성수동 밸리’… 1㎞ 보행교로 연결한다,https://blog.naver.com/jwparkbgy/223152540208
2023-07-11,,https://blog.naver.com/keapark
2023-07-11,압구정에 1만1800가구... 강남·강북 잇는 미니 신도시급 개발 압구정·성수동 연결해 통합 개발,https://blog.naver.com/keapark/223152532331
2023-07-12,,https://blog.naver.com/hdk_6208
2023-07-12,"오늘의 주요이슈 요약 : 美 6월 물가 2년 3개월래 최저 3.0%로 전월의 4.0%서 둔화 / 근원 물가도 4.8%, 1년 7개월래 최저7월 25bp 인상 뒤 유지 관측↑",https://blog.naver.com/hdk_6208/223154453222
2023-07-12,서울 압구정 지구(2~5구역) 재건축 사업 신속통합기획 확정 / 압구정 재건축 종합계획안,https://blog.naver.com/chun_bokdeokbang/223154380819
2023-07-12,,https://blog.naver.com/daldal_2_yo
2023-07-12,"성수동맛집 타이거풀, 성수동 최고 핫플 추천합니다!!",https://blog.naver.com/daldal_2_yo/223154310129
2023-07-12,,https://blog.naver.com/kbora9510
2023-07-12,비 올 때 특히 예쁜 성수동 핫플레이스 카페 포어플랜,https://blog.naver.com/kbora9510/223154283248
2023-07-12,,https://blog.naver.com/0wednadl
2023-07-12,"서울숲맛집 차만다 서울숲점, 예쁜 인테리어와 특별한 맛을 즐기는 성수동의 명소",https://blog.naver.com/0wednadl/223154107157
2023-07-12,,https://blog.naver.com/eternal___024
2023-07-12,"[성수 팝업] 지금 꼭 가야할 7월 팝업 Summer Exhibition : My Wish Danish Vacance , 29CM SEONGSU(이구성수)",https://blog.naver.com/eternal___024/223153989084
2023-07-12,,https://blog.naver.com/k2s0810
2023-07-12,성수동 재개발…한강변에 50층 이상 ‘강북 랜드마크’ 우뚝,https://blog.naver.com/k2s0810/223153810205
2023-07-12,,https://blog.naver.com/kwskingdom
2023-07-12,서울시 압구정지구 2구역에서 5구역 신속통합기획 확정,https://blog.naver.com/kwskingdom/223153750099
2023-07-12,,https://blog.naver.com/allios_
2023-07-12,"압구정 높이 제한 풀어 50층 초고층, 한강변 '미니 신도시'급 재개발",https://blog.naver.com/allios_/223153730936
2023-07-12,,https://blog.naver.com/naturalwaykorea_
2023-07-12,외국인 ‘Z세대’는 성수·압구정으로 간다,https://blog.naver.com/naturalwaykorea_/223153687402
2023-07-12,,https://blog.naver.com/youngcp1218
2023-07-12,서울 압구정(2~5구역) 신속통합기획 확정,https://blog.naver.com/youngcp1218/223153680731
2023-07-12,,https://blog.naver.com/1lih
2023-07-12,올림픽대로 덮어 공원.전시공간...서울숲까지 걸어서 건넌다 압구정 신통기획 세부안 확정 관광 로 천지개벽 ~압구정 생활권 연결 여가시설.조망공원.카페 조성 보행교...,https://blog.naver.com/1lih/223153653532
2023-07-12,,https://blog.naver.com/kooyt2580
2023-07-12,성수 1등 데이트코스 맛집 ♪201호에 다녀왔어요,https://blog.naver.com/kooyt2580/223153579534
2023-07-12,압구정 2~5구역 재건축 신속통합기획 확정 최고층수 50층 강남북 잇는 보행축,https://blog.naver.com/clover_mint/223153572863
2023-07-12,,https://blog.naver.com/kt090325
2023-07-12,성수동와인맛집 성수로운 새로운맛을 보다,https://blog.naver.com/kt090325/223153561771
2023-07-12,카메라 + 렌즈 당일대여 SLRRENT 후기!!!,https://blog.naver.com/smile2370/223153518497
2023-07-12,성수동 카페거리 명소/ 스파이더맨 벽화의 화려한 비주얼,https://blog.naver.com/gagamal740718/223151357467
2023-07-13,,https://blog.naver.com/dleoqk
2023-07-13,서울 루프탑 파티룸 옥탑방성수에서 캠핑 감성 제대로 즐겼어요,https://blog.naver.com/dleoqk/223155582753
2023-07-13,,https://blog.naver.com/kgld8bez
2023-07-13,"성수동맛집 헤비스테이크 성수점, 갖가지 다양한 음식들과의 특별한 만남",https://blog.naver.com/kgld8bez/223155537064
2023-07-13,,https://blog.naver.com/perspective3241789
2023-07-13,도시재생 건축물 사례 국내 상황,https://blog.naver.com/perspective3241789/223155193458
2023-07-13,,https://blog.naver.com/0304gw
2023-07-13,"강변테크노마트 한강조망 사무실 매매 수익률 4%후반, 투자용도 메리트는 충분합니다",https://blog.naver.com/0304gw/223155181053
2023-07-13,,https://blog.naver.com/jihun02_0525
2023-07-13,"[훈집자 2편] 압구정~서울숲 보행교, 공공 요금 인상",https://blog.naver.com/jihun02_0525/223155144170
2023-07-13,,https://blog.naver.com/sunny_bss
2023-07-13,[압구정 2~5구역 신통기획 확정] 최고50층 11800가구 미니신도시로 재탄생,https://blog.naver.com/sunny_bss/223155139689
2023-07-13,,https://blog.naver.com/selpix
2023-07-13,셀픽스에 엑소 수호님이 방문하셨습니다.,https://blog.naver.com/selpix/223155057687
2023-07-13,,https://blog.naver.com/worldsmalltrip
2023-07-13,친구랑 오랜만에 성수가서 맛있게 먹은 성수역 맛집 미도인,https://blog.naver.com/worldsmalltrip/223154829742
2023-07-13,,https://blog.naver.com/lson2000
2023-07-13,"50년 건물도 평당 1억, 성수동 ""완전 로또?""",https://blog.naver.com/lson2000/223154817605
2023-07-13,압구정 재건축 신통기획 미니신도시급 추진,https://blog.naver.com/esec1018/223154717412
2023-07-13,[성수 맛집]성수동 셋째집-서울숲 회식 데이트 코스 추천 뚝섬 고기집!!,https://blog.naver.com/choijg0921/223152905313
2023-07-13,,https://blog.naver.com/promote12276
2023-07-13,타코튜즈데이성수동 서울숲역 뚝섬역 타코맛집,https://blog.naver.com/promote12276/223154649401
2023-07-14,,https://blog.naver.com/sky_folio
2023-07-14,[시민제안] 서울 성수동 수제화 메카 활성화 지원 관광명소 플랫폼센터 건립 요청,https://blog.naver.com/sky_folio/223156507968
2023-07-14,,https://blog.naver.com/handory999
2023-07-14,"성수 놀거리 | 맛집, 카페, 전시, 팝업, 소품샵 추천",https://blog.naver.com/handory999/223156502997
2023-07-14,,https://blog.naver.com/eoghgogo
2023-07-14,"아카이브앱크, 부산 해운대 매장 방문기 (Ft.메리제인 슈즈 구입)",https://blog.naver.com/eoghgogo/223156500830
2023-07-14,,https://blog.naver.com/skylife_
2023-07-14,"2023년 6월 일상(2) / 합정 미필담, 부산 1박 2일 미식여행, 노보텔 앰배서더 호텔 부페 더킹스, 가족모임, 연남 테일러 커피, 오스테리아 포레스트, 합정 카와카츠",https://blog.naver.com/skylife_/223156471341
2023-07-14,서울데이트코스 성수동 수제화거리 놀거리 5,https://blog.naver.com/davi-kim/223150277307
2023-07-14,,https://blog.naver.com/gosisters_
2023-07-14,성수 데이트코스 : 성수동 피자 맛집 페스츄리로 만든 피자파는 피자시즌,https://blog.naver.com/gosisters_/223156243493
2023-07-14,,https://blog.naver.com/cskd0aod
2023-07-14,"런치 뷔페 1인당 9,900원 좋든 싫든",https://blog.naver.com/cskd0aod/223155914692
2023-07-14,서울 회사 워크숍 옥탑방 성수 화려한 핫플 찾았다!,https://blog.naver.com/cyberleesu/223155900872
2023-07-14,[부동산] 성동구 성수동 부동산 입지분석 · 개발 계획 · 아파트 외,https://blog.naver.com/jedpark/223155726692
2023-07-14,,https://blog.naver.com/a4774
2023-07-14,성수동이 뜨고 있는 이유,https://blog.naver.com/a4774/223155700422
2023-07-14,,https://blog.naver.com/ail22nn
2023-07-14,성수동맛집 진작다이닝! 연예인도 찾는 뚝섬역 데이트명소,https://blog.naver.com/ail22nn/223155479964
2023-07-15,,https://blog.naver.com/bkhjm774
2023-07-15,거제도 숨은 명소 길손카페,https://blog.naver.com/bkhjm774/223157095638
2023-07-15,,https://blog.naver.com/winevkdls
2023-07-15,"샤또 드 뽀마르, 부르고뉴 샤도네이 Chateau De Pommard Bourgogne Chardonnay",https://blog.naver.com/winevkdls/223157045144
2023-07-15,부산 더베이 101 비오는날 실내데이트 해운대 카페 블루보틀 메뉴 후기,https://blog.naver.com/qwer54041/223156987416
2023-07-15,,https://blog.naver.com/unify_13678
2023-07-15,서초역 맞춤정장 사르베토강남점 4계절 내내 입기에 좋은,https://blog.naver.com/unify_13678/223156882108
2023-07-15,,https://blog.naver.com/foodthink_
2023-07-15,성수동 팝업 스토어 공간 와디즈(+샵사이다),https://blog.naver.com/foodthink_/223156828110
2023-07-15,,https://blog.naver.com/2jei8ht
2023-07-15,"[연장 운영] 공항을 그대로 옮겨놓은 하나은행 트래블로그 성수 팝업스토어 후기 - 일정, 위치, 이벤트",https://blog.naver.com/2jei8ht/223156695474
2023-07-16,,https://blog.naver.com/yes38566
2023-07-16,"[서울 여행] 2박 3일 (성수, 서촌 나들이)",https://blog.naver.com/yes38566/223157940132
2023-07-16,,https://blog.naver.com/qdoma4240
2023-07-16,(일본 2) 161 일본 북해도 여행 2(7.2-5),https://blog.naver.com/qdoma4240/223157736282
2023-07-16,,https://blog.naver.com/sssumin95
2023-07-16,말티즈였다…,https://blog.naver.com/sssumin95/223157674591
2023-07-16,,https://blog.naver.com/paskallukas82
2023-07-16,22개월진입 자유부인 성수동나들이 유생촌 단팥만들기 대전시립미술관 (+659~+665육아일기),https://blog.naver.com/paskallukas82/223157653427
2023-07-16,,https://blog.naver.com/trust8
2023-07-16,[성동구 여행] 서울 능소화 명소 성수 '능소화 벽',https://blog.naver.com/trust8/223156474655
2023-07-16,응봉산 팔각정 포토아일랜드에 다녀왔어요,https://blog.naver.com/koreanson7/223157585365
2023-07-16,"서울숲 정원 투어, 숲속 정원 찾기(서울 성동구)",https://blog.naver.com/77attic/223157533154
2023-07-16,성수역 개인회생 가능여부 고민해야,https://blog.naver.com/access12451/223157399951
2023-07-16,,https://blog.naver.com/jyhollyday
2023-07-16,"[성수동 와인바] 성수르방 "" Le vin "" 솔직후기_뚝섬역술집, 성수볼거리, 핫플, 요니케이 선정",https://blog.naver.com/jyhollyday/223157338515
2023-07-17,,https://blog.naver.com/deidks9dke
2023-07-17,헬볼트 19,https://blog.naver.com/deidks9dke/223159009086
2023-07-17,,https://blog.naver.com/callhttp
2023-07-17,압구정 한강변 50층 초고층으로 미니 신도시 재개발,https://blog.naver.com/callhttp/223158940980
2023-07-17,,https://blog.naver.com/yxlog23
2023-07-17,서울 능소화 명소 뚝섬한강공원 능소화 벽 위치 한신아파트나들목과 청구아파트나들목 사이,https://blog.naver.com/yxlog23/223158798278
2023-07-17,,https://blog.naver.com/grey1410
2023-07-17,성수역 개인회생 기준을 고려해서,https://blog.naver.com/grey1410/223158753879
2023-07-17,,https://blog.naver.com/megahitt
2023-07-17,"팝업성지, 샤넬코드칼러팝업! 샤넬은 여러모로 월드원탑",https://blog.naver.com/megahitt/223158737073
2023-07-17,,https://blog.naver.com/sunyogastudio
2023-07-17,[카마쿠라 요가 리트릿],https://blog.naver.com/sunyogastudio/223158661466
2023-07-17,,https://blog.naver.com/mercedesbenz_
2023-07-17,브라이튼 여의도 아파트 모델하우스,https://blog.naver.com/mercedesbenz_/223158654527
2023-07-17,,https://blog.naver.com/oneul_real_estate
2023-07-17,성수동과 압구정 손잡고 '미니 신도시'급 개발,https://blog.naver.com/oneul_real_estate/223158506951
2023-07-17,,https://blog.naver.com/crossrun54
2023-07-17,비오는날 실내데이트 코스! 인더파우치 픽! 4곳,https://blog.naver.com/crossrun54/223156074234
2023-07-17,,https://blog.naver.com/gaeun_xoxo
2023-07-17,성수 데이트코스 ‘피자시즌’ 성수동 피자 맛집,https://blog.naver.com/gaeun_xoxo/223158286501
2023-07-17,,https://blog.naver.com/hywhite7900
2023-07-17,압구정 한강변 50층 초고층 1만2천가구 미니신도시 계획,https://blog.naver.com/hywhite7900/223158272679
2023-07-17,,https://blog.naver.com/howtomakekwakamole
2023-07-17,하노이 먹고 마시기,https://blog.naver.com/howtomakekwakamole/223158112184
2023-07-17,,https://blog.naver.com/andorbutend
2023-07-17,2023년 6월 : 숨 참고 퇴사 다이브,https://blog.naver.com/andorbutend/223158077055
2023-07-18,,https://blog.naver.com/buddyjhs
2023-07-18,도시 숲으로 여행을 떠나요 서울 성동구 서울숲 행사 및 프로그램 주요시설 이용안내,https://blog.naver.com/buddyjhs/223157482219
2023-07-18,,https://blog.naver.com/soso0486
2023-07-18,성수동고기맛집 성수옥아궁지에서 먹은솔직리뷰(맛 메뉴추천 꿀팁),https://blog.naver.com/soso0486/223159612069
2023-07-18,,https://blog.naver.com/vsgxp63040
2023-07-18,성수동에서 즐기는 편안한 숙소 경험,https://blog.naver.com/vsgxp63040/223159493915
2023-07-18,,https://blog.naver.com/clssu63210
2023-07-18,성수동 호텔에서의 편안한 숙박과 도심 속 여유,https://blog.naver.com/clssu63210/223159491293
2023-07-18,,https://blog.naver.com/artlibrary2018
2023-07-18,YEDO CULTURE NEWS: 2023년 7월 문화‧예술 뉴스,https://blog.naver.com/artlibrary2018/223159499669
2023-07-18,,https://blog.naver.com/fwg351234s
2023-07-18,"성수동에서 즐길 수 있는 다양한 매력, 가볼만한 곳 TOP 5",https://blog.naver.com/fwg351234s/223159484850
2023-07-18,,https://blog.naver.com/jtwzg39009
2023-07-18,"성수동에서 만나는 특별한 맛, 술집 탐방",https://blog.naver.com/jtwzg39009/223159477931
2023-07-18,,https://blog.naver.com/dvvil22403
2023-07-18,성수동 카페 탐방: 도심 속 작은 휴식처,https://blog.naver.com/dvvil22403/223159480606
2023-07-18,,https://blog.naver.com/naminagi
2023-07-18,압구정 재건축 재개발 현대아파트 탈바꿈,https://blog.naver.com/naminagi/223159417812
2023-07-18,핵심 상권 주간 리포트,https://blog.naver.com/richhuub1/223159241380
2023-07-18,"압구정 재건축, 뉴욕·런던 못지않은 랜드마크 되려면!",https://blog.naver.com/ppassong/223159019655
2023-07-18,,https://blog.naver.com/7ermmpf0
2023-07-18,코로나19 이후 우리 일상생활과 여행: 숲세권의 부상과 장점,https://blog.naver.com/7ermmpf0/223159144146
2023-07-18,,https://blog.naver.com/sostl4039
2023-07-18,허물없이 지내다가도 힘든 날엔 말없이 기댈 수 있게 언제나 네 곁에 내가 서 있을게,https://blog.naver.com/sostl4039/223159118881
2023-07-18,,https://blog.naver.com/floyeji
2023-07-18,4월 기록 - 1박2일 춘천여행/공지천 벚꽃구경/pp카페/구리 돌다리보쌈/벚꽃캠핑/양평숲비룡캠프장/흑유재카페/초미니당근빵/힙지로나들이,https://blog.naver.com/floyeji/223159113135
2023-07-19,[성수동 기록] 연무장길이라고 다같은 곳이 아닙니다. 무섭게 떠오르는 '동 연무장 길',https://blog.naver.com/realtor_ahn/223160552157
2023-07-19,"서울 종로 광화문 빌딩 벽면 광고 매체 추천 및 특징 2, 3 / 옥외 광고 매체 소개 42",https://blog.naver.com/ohbrown/223160484309
2023-07-19,"서울 성수동 전략정비구역 재개발, '정원도시 서울'과 '그레이트한강 프로젝트'로 변신",https://blog.naver.com/2fi5h/223735624125
2023-07-19,"[일산 밤리단길 카페, 바리스타 커피 아카데미] 미루꾸 스튜디오 - 미루꾸 커피가 쇼룸을 열었네요 / 일산 데이트코스, 일산 가볼만한곳, 일산놀거리",https://blog.naver.com/project_pop/223156362521
2023-07-19,,https://blog.naver.com/aronrealty
2023-07-19,'서울시 vs 조합' 충돌…압구정 3구역에 무슨 일이,https://blog.naver.com/aronrealty/223160256338
2023-07-19,,https://blog.naver.com/hycj1025
2023-07-19,"성수전략정비구역 - 최고의 한강 조망, 압구정 연결 (디올, 무신사테라스 성수)",https://blog.naver.com/hycj1025/223160186137
2023-07-19,,https://blog.naver.com/rhino1026
2023-07-19,"서울숲 타코 맛집, 타코튜즈데이 성수동 데이트코스 추천!",https://blog.naver.com/rhino1026/223160169859
2023-07-19,,https://blog.naver.com/star7sss
2023-07-19,경주 카페 동경: 아인슈페너가 맛있는 경주 한옥 카페 (with 황리단길),https://blog.naver.com/star7sss/223160127272
2023-07-19,,https://blog.naver.com/jayuin_a
2023-07-19,Focus on Now - 뚝섬한강공원&성수동 출사,https://blog.naver.com/jayuin_a/223160061247
2023-07-20,도쿄 나카메구로 힙한 감성 골목 나들이 (+스타벅스),https://blog.naver.com/seulgibubu/223161862578
2023-07-20,,https://blog.naver.com/creator_will
2023-07-20,"성동구 성수동 답사 - 아크로서울포레스트, 갤러리아포레, 트리마제, 성수전략정비구역",https://blog.naver.com/creator_will/223161833778
2023-07-20,성수맛집 죠죠는 데이트 맛집,https://blog.naver.com/ayrldi0510/223161732351
2023-07-20,,https://blog.naver.com/foxplace2037
2023-07-20,[성수 맛집] 한끼 완벽하고 건강한 식사 '고우성수',https://blog.naver.com/foxplace2037/223161570224
2023-07-20,"성수 화덕피자 서울숲 포도피자, 데이트코스 삼기 좋은 햄버거 피자",https://blog.naver.com/winterainy/223161509933
2023-07-20,,https://blog.naver.com/startwo_tree
2023-07-20,성수동(성수전략정비구역) 2023.07.18,https://blog.naver.com/startwo_tree/223161450747
2023-07-20,송파동 맞춤 정장 사르베토강남점 찐 감동적인 핏,https://blog.naver.com/unify_13678/223161303197
2023-07-21,"서울 거래량 4000건 육박 … 힘 받는 '집값 바닥론', 전국 아파트값, 1년 반 만에 상승 전환",https://blog.naver.com/heartbounce85/223162568671
2023-07-21,,https://blog.naver.com/ghxlifenfss7
2023-07-21,"안정호 시몬스 대표, 침대를 재정의한 혁신적인 전략",https://blog.naver.com/ghxlifenfss7/223162536474
2023-07-21,,https://blog.naver.com/stargod1492
2023-07-21,"성수동 재개발, 성수전략정비구역 1지구~성수 4지구 (ft. 손흥민,BTS가 선택한 살고 싶은 곳)",https://blog.naver.com/stargod1492/223162463026
2023-07-21,,https://blog.naver.com/yoou__me_
2023-07-21,성수역 : 성수동 데이트 코스로 강추 ! | 분위기 좋은 테라스가 있는 칵테일바 ‘글리머‘,https://blog.naver.com/yoou__me_/223162401565
2023-07-21,,https://blog.naver.com/viewofthescenery
2023-07-21,2022년 8월 기록,https://blog.naver.com/viewofthescenery/223162173288
2023-07-21,,https://blog.naver.com/kih2056
2023-07-21,서울숲공원 산책길,https://blog.naver.com/kih2056/223162095525
2023-07-22,,https://blog.naver.com/ringringsi
2023-07-22,성수카페 베이글맛집 ‘코끼리베이글’ 주말 웨이팅 후기,https://blog.naver.com/ringringsi/223163485673
2023-07-22,"뚝섬 가볼만한곳 한신아파트나들목 가는방법,공영주차장,따릉이,서울 능소화 명소 군락지 포토존, 7월 8월 여름꽃 개화상태",https://blog.naver.com/buzzerrbeate/223163442210
2023-07-22,,https://blog.naver.com/anjava
2023-07-22,성수동파스타 데이트 필수코스 오뜨로 성수,https://blog.naver.com/anjava/223163343878
2023-07-22,,https://blog.naver.com/winsome118
2023-07-22,서울숲 아이파크 리버포레 분양가 얼마일까?,https://blog.naver.com/winsome118/223163053763
2023-07-22,,https://blog.naver.com/ham9119
2023-07-22,"[프랑스여행] 파리 여행코스(1.23-1.28) Day 3 | 오르세미술관, 오랑주리미술관, 라칼레슈, 라파예트 백화점, 마레지구 쇼핑, 블랑제리 유토피",https://blog.naver.com/ham9119/223162976791
2023-07-23,서울숲이 스냅 촬영하기에 좋은 장소인 이유 (후지필름 카메라),https://blog.naver.com/sunnyone7/223164160112
2023-07-23,,https://blog.naver.com/darkgolds
2023-07-23,성수핫플 데이트코스로 좋은 브리비트 성수맛집,https://blog.naver.com/darkgolds/223164153115
2023-07-23,'23년 7월 23일 주간 부동산 Briefing,https://blog.naver.com/mrjoong2/223163964643
2023-07-23,,https://blog.naver.com/treeatdao
2023-07-23,도시재생#ESG의 실천은 도시개발사업에서부터#65,https://blog.naver.com/treeatdao/223163808712
2023-07-23,,https://blog.naver.com/yeyo23
2023-07-23,"7월 성수 팝업스토어 데이트코스 1편 ::성수동감자탕, 넷플릭스,나이키,야놀자",https://blog.naver.com/yeyo23/223163708094
2023-07-23,,https://blog.naver.com/ghtkdcjstk91
2023-07-23,"[성수 맛집 /전자방] 성수동 데이트 코스 추천, 성수 중식 맛집 전자방에서 곱창탕면과 레몬크림새우, 얼그레이하이볼 즐기기",https://blog.naver.com/ghtkdcjstk91/223163703660
2023-07-23,,https://blog.naver.com/specialdayya
2023-07-23,성수맛집 성수 데이트 맛집 희릿,https://blog.naver.com/specialdayya/223163699593
2023-07-23,,https://blog.naver.com/woosun5308
2023-07-23,"50 층 마천루 수변도시로 탈바꿈하는 압구정, 걸어서 서울 숲까지",https://blog.naver.com/woosun5308/223163613051
2023-07-24,,https://blog.naver.com/expertise5428
2023-07-24,성수동맛집 타코튜즈데이 성수점,https://blog.naver.com/expertise5428/223165124824
2023-07-24,[성수동 수학 학원] 24학번 새내기가 미리보는 대학 생활 ! < 4편. 한양대 미디어커뮤니케이션학과 >,https://blog.naver.com/mshw12/223164928554
2023-07-24,"서울숲 카페 투데이즈 위켄드, 성수동 놀거리로 추천 w. 수제 아이스크림",https://blog.naver.com/chuiboo__/223164899114
2023-07-24,,https://blog.naver.com/ganggc
2023-07-24,진작다이닝 성수동 필수 방문 퓨전일식 맛집,https://blog.naver.com/ganggc/223164814699
2023-07-24,,https://blog.naver.com/smartincome12
2023-07-24,연예인도 줄 서서 기다려... 3시간 기다려도 못 들어갔던 대박 명소의 현재 모습,https://blog.naver.com/smartincome12/223753637327
2023-07-24,,https://blog.naver.com/pssa0707
2023-07-24,2023_1,https://blog.naver.com/pssa0707/223164759393
2023-07-24,,https://blog.naver.com/kongsuan
2023-07-24,"2023 07 09 : 성수 데이트 코스 추천, LCDC서울 방문후기. 카페 이페메라 타르트 추천. 인테리어편집샵 사무엘스몰즈, 소문난성수감자탕 맛집추천, 성수 팝업스토어 방문.",https://blog.naver.com/kongsuan/223163252379
2023-07-25,,https://blog.naver.com/same5998
2023-07-25,성수동디저트 서울숲역카페 힙하고 시크한 매력이 있는 ‘하이라인’,https://blog.naver.com/same5998/223165896120
2023-07-25,,https://blog.naver.com/asweetsandwich
2023-07-25,브와르 Boire 성수와인바 맛도 분위기도 대박 서울숲맛집 데이트코스로 추천,https://blog.naver.com/asweetsandwich/223165883884
2023-07-25,,https://blog.naver.com/hanvely203
2023-07-25,"[성수/서울숲] 분위기 좋은 위스키 칵테일 바 ""범바"" : 소개팅 데이트 장소 추천, 혼술, 성수동바 성수칵테일 성수위스키바 성수루프탑",https://blog.naver.com/hanvely203/223165768770
2023-07-25,,https://blog.naver.com/orr0427
2023-07-25,서울 성수동 디저트 카페 '테디스오븐' 서울숲 웨이팅 맛집,https://blog.naver.com/orr0427/223165638564
2023-07-25,,https://blog.naver.com/audrey0907
2023-07-25,경제상식용어: 지역이 발전하면 원주민이 떠나는 '젠트리피케이션',https://blog.naver.com/audrey0907/223165352900
2023-07-25,,https://blog.naver.com/lenstravel
2023-07-25,스마트폰으로 담아본 아름다운 서울 야경 명소,https://blog.naver.com/lenstravel/223165285719
2023-07-26,일본도쿄여행코스 당일치기 I 구라마에 가볼만한곳 놀거리 카페 디저트 소품샵 스미다강,https://blog.naver.com/naridamda/223167047234
2023-07-26,,https://blog.naver.com/peacefulovq474
2023-07-26,2월여행지 산책코스 찾아봤어요,https://blog.naver.com/peacefulovq474/223167037895
2023-07-26,,https://blog.naver.com/cw5456655
2023-07-26,송파구 석촌동 임대매물 소개[완료],https://blog.naver.com/cw5456655/223166888517
2023-07-26,서울 종로 경복궁 아트월 광고 매체 및 특징 5 / 옥외 광고 매체 소개 44,https://blog.naver.com/ohbrown/223166547409
2023-07-26,누베로 동백패치 공구 7.27~7.29 토너패드 닦토 흡토,https://blog.naver.com/seokminjoo/223166479743
2023-07-26,,https://blog.naver.com/lahalaha85
2023-07-26,"[업체오개]서울 회사 워크숍 추천!! ""옥탑방성수""",https://blog.naver.com/lahalaha85/223166445916
2023-07-26,부산 영도 당일치기 여행 코스 ㅣAREA6 머거본 / 끄티봉래 카페 림림,https://blog.naver.com/risingyou21/223166328559
2023-07-26,,https://blog.naver.com/fruta52
2023-07-26,[베트남여행] 호치민/ 도비는 자유에요. / 2일차,https://blog.naver.com/fruta52/223166209477
2023-07-26,,https://blog.naver.com/hongkun111
2023-07-26,남양주 드로잉 카페 성수 미술관 다산점,https://blog.naver.com/hongkun111/223166033383
2023-07-26,,https://blog.naver.com/7f0q3lm1
2023-07-26,"서울은 대한민국의 수도이자, 가장 큰 도시로서 국내외에서 많은 관광객들이 찾는 명소입니다.",https://blog.naver.com/7f0q3lm1/223166225529
2023-07-26,서울숲 성수동 핫플 수플레 카페 5to7 데이트 코스,https://blog.naver.com/ming____0/223166222648
2023-07-26,,https://blog.naver.com/tre90z5q
2023-07-26,"""서울 도심 속 숨은 명소 '숨도': 도시의 휴식처와 독특한 식물들의 공간""",https://blog.naver.com/tre90z5q/223166215458
2023-07-26,,https://blog.naver.com/samsam-log
2023-07-26,"있는 공간, 없는 공간 목차 읽기",https://blog.naver.com/samsam-log/223166178747
2023-07-27,,https://blog.naver.com/3w5i77ml
2023-07-27,"성수동맛집 ""헤비스테이크 성수점"", 가족과 대만족한 맛집 경험!",https://blog.naver.com/3w5i77ml/223167992465
2023-07-27,,https://blog.naver.com/kimeunmi_o
2023-07-27,성수향수공방 서울숲 놀거리 라오크 성수 성수동데이트코스,https://blog.naver.com/kimeunmi_o/223167958778
2023-07-27,,https://blog.naver.com/happyhouse024
2023-07-27,16. 변화하는 주거문화 - 한강의 옛 모습과 압구정의 미래,https://blog.naver.com/happyhouse024/223167884195
2023-07-27,성수동데이트 고우성수 예쁜 솥밥,https://blog.naver.com/dkffod123/223160951417
2023-07-27,,https://blog.naver.com/heywon4897
2023-07-27,"서울 회사 워크숍은 핫플 성수동 옥탑&루프탑에서 바베큐 파티와 함께 ""옥탑방성수""",https://blog.naver.com/heywon4897/223167351293
2023-07-27,,https://blog.naver.com/bowlingwang
2023-07-27,성수동 피자 맛집인 도치피자 성수. 성수동 데이트코스로 좋음,https://blog.naver.com/bowlingwang/223165084791
2023-07-27,,https://blog.naver.com/jeju_angelcar
2023-07-27,[제주엔젤카 에디터 픽!] 제주 카페 :: 제주에서 만나요! 핫플 블루보틀과 숨은 명소 천미천까지,https://blog.naver.com/jeju_angelcar/223167319512
2023-07-27,압구정지구(2~5구역) 50층 초고층 가능(신속통합기획),https://blog.naver.com/ottomino69/223164930793
2023-07-27,,https://blog.naver.com/k_daangn
2023-07-27,휴가철 인기 여행지 소개 (맛집여행으로~힐링을!feat.남원 명문제과&성수동힙한카페),https://blog.naver.com/k_daangn/223167172972
2023-07-27,,https://blog.naver.com/skinfiq261
2023-07-27,성수놀거리 구경 자세히 알아봅시다,https://blog.naver.com/skinfiq261/223167122396
2023-07-28,,https://blog.naver.com/minminseo0126
2023-07-28,종강과 삶,https://blog.naver.com/minminseo0126/223168914921
2023-07-28,,https://blog.naver.com/tu7nmuxm
2023-07-28,성수동 카페거리: 독특한 분위기와 다양한 매력의 서울 핫플레이스,https://blog.naver.com/tu7nmuxm/223168900341
2023-07-28,,https://blog.naver.com/theart_photo
2023-07-28,[시간여행] 강화교동대룡시장 방문,https://blog.naver.com/theart_photo/223168705525
2023-07-28,서울숲♤ 아크로서울포레스트 & 갤러리아 포레,https://blog.naver.com/mirlucky/223168649234
2023-07-28,"칠흑 같은 어둠을 걷고, 유황온천수에 발 담그고…서울 이색 명소 2곳",https://blog.naver.com/the_trip/223168647413
2023-07-28,,https://blog.naver.com/tfobjmext
2023-07-28,성수역맛집 봄의정원 성수점 맛과 분위기로 가득한 독특한 공간!,https://blog.naver.com/tfobjmext/223168636127
2023-07-28,,https://blog.naver.com/mptapa
2023-07-28,"빈티지 인테리어의 모든것 [카멜커피7호점]과 라자냐맛집 [콩카세] 뚝섬역, 성수 서울숲길, 아틀리에길 골목카페",https://blog.naver.com/mptapa/223168320104
2023-07-28,"후기 #밀키샵 성수점, 성수 도넛 맛집, 성수 디저트 선물, 성수 카페 추천, 성수 핫플 데이트 추천",https://blog.naver.com/lawyerd/223166538139
2023-07-28,,https://blog.naver.com/borampilates
2023-07-28,<원데이클래스> 커플필라테스 후기,https://blog.naver.com/borampilates/223168248671
2023-07-28,[르포] “다른 데 안가도 되겠네... 아난티 코브는 덤”... 부산 ‘빌라쥬 드 아난티’,https://blog.naver.com/takjoo2/223168207570
2023-07-28,,https://blog.naver.com/lhkyjc
2023-07-28,[조선 230728] 영월 쑥·고성 찹쌀… 지역 특산물로 대박난 서울 청년들,https://blog.naver.com/lhkyjc/223168168446
2023-07-28,,https://blog.naver.com/bsbbw5m2
2023-07-28,성수동에서 퍼스널 브랜딩의 힘을 느껴보세요!,https://blog.naver.com/bsbbw5m2/223168108611
2023-07-29,성수 햄버거 데이트 코스로 좋은 오션테이블 성수,https://blog.naver.com/heyum_j/223169423112
2023-07-29,성수동 핫플레이스 요쇼쿠 성수 돈카츠 맛집 다녀왔어요! (내돈내산),https://blog.naver.com/berakol/223169452375
2023-07-29,,https://blog.naver.com/sebbingrei
2023-07-29,<도쿄여행팁2> 시부야 스카이/ 미야시타공원/ 하라주쿠/오모테산도/ 베이프/스투시 etc/에비스/ 요코초/Unatoto,https://blog.naver.com/sebbingrei/223169429354
2023-07-29,,https://blog.naver.com/ljo8308
2023-07-29,"성수/뚝섬 브런치 맛집, 성수동 데이트 추천 - 브리비트",https://blog.naver.com/ljo8308/223168950182
2023-07-29,서울숲놀거리 데이트하기좋은 뚝섬역카페 총정리,https://blog.naver.com/zkssk35/223165824566
2023-07-30,,https://blog.naver.com/alstnd1
2023-07-30,거북섬 상권 활성화 아이디어 공모전 결과,https://blog.naver.com/alstnd1/223170284341
2023-07-30,서울 성동구 능소화가아름다운 뚝섬 유원지 한강공원,https://blog.naver.com/oioi3030/223169533778
2023-07-30,,https://blog.naver.com/naqj
2023-07-30,"성수동 와인바) 비프 웰링턴과 와인 한잔, 데이트 코스 추천, 희릿",https://blog.naver.com/naqj/223170125185
2023-07-30,,https://blog.naver.com/dasomju91
2023-07-30,"[2023년 7월, 스페인-포르투갈 자유여행] 마드리드 편 3. (마드리드 스투시, 비니투스, 솔광장, 야오야오llaollao, Feliz coffee, 포르토, 이베리아항공)",https://blog.naver.com/dasomju91/223170118147
2023-07-30,성수동 파스타 맛집 | 브레이크타임 없는 진작다이닝 데이트 코스 추천,https://blog.naver.com/lcu99/223170099446
2023-07-30,,https://blog.naver.com/sunset_24
2023-07-30,23.07.11.(화)_서울특별시 보도자료_압구정지구(2~5구역) 신속통합기획 확정,https://blog.naver.com/sunset_24/223170046671
2023-07-30,,https://blog.naver.com/ekdlstmdrl
2023-07-30,홍대 카페 [마크스로프트] 여기를 모르면 홍대에 간 게 아닙니다.,https://blog.naver.com/ekdlstmdrl/223170029755
2023-07-30,,https://blog.naver.com/kuassa
2023-07-30,누데이크_성수_아티스틱 디저트카페,https://blog.naver.com/kuassa/223170008782
2023-07-30,,https://blog.naver.com/ziisoo_01
2023-07-30,"일본 오사카 여행 2일차(1편) | 도미인 프리미엄 난바, 오사카 지하철 패스, 우마이봉 샵, 신세카이, 칸칸 타코야키, 통천각, 나가자키초 거리 , Farben 푸딩 맛집",https://blog.naver.com/ziisoo_01/223169978308
2023-07-30,,https://blog.naver.com/seraph00000
2023-07-30,마곡나루역 맛집 [ 유메이규 ] 강서구 고기집 중 단연 최고 마곡나루소개팅장소추천 !서울식물원 갔다 코스로 딱 !!,https://blog.naver.com/seraph00000/223169958533
2023-07-30,,https://blog.naver.com/plaus2882
2023-07-30,신사소곱창 성수점-성수동곱창을 경험한 성수동회식 이야기,https://blog.naver.com/plaus2882/223169792196
2023-07-30,,https://blog.naver.com/yuns_like
2023-07-30,여자혼자 유럽여행 #17 체코 프라하를 걸으면 따스한 바람이 살랑살랑 불어와요 (feat. 프라하성),https://blog.naver.com/yuns_like/223169755655
2023-07-31,,https://blog.naver.com/yudaeng0216
2023-07-31,불행 총량의 법칙,https://blog.naver.com/yudaeng0216/223171225995
2023-07-31,,https://blog.naver.com/luckyinnae
2023-07-31,성수전략정비구역 최대 80층 가능한겨?,https://blog.naver.com/luckyinnae/223171059386
2023-07-31,,https://blog.naver.com/ccchaeny
2023-07-31,"[성수 딥아틀리에] 도자기 공방, 원데이클래스, 데이트 코스로 추천",https://blog.naver.com/ccchaeny/223171043009
2023-07-31,하트시그널 브이로그 카메라? 바로 캐논 EOS R50,https://blog.naver.com/newgisadan/223170986888
2023-07-31,서울숲 공원 공영주차장 알뜰 요금 할인 정보,https://blog.naver.com/redann8926/223170842526
2023-07-31,,https://blog.naver.com/p4h6q591
2023-07-31,"성수동맛집 ""헤비스테이크 성수점 특별한 맛의 추억을 만나다!",https://blog.naver.com/p4h6q591/223170741159
2023-08-01,,https://blog.naver.com/kimjihye525
2023-08-01,[팔복동공장마을] 전주 바람약과 솔직 방문 후기 - 빈집살래3 촬영지,https://blog.naver.com/kimjihye525/223172247262
2023-08-01,,https://blog.naver.com/chargee-
2023-08-01,"시드니 여행기 day5 [루나파크, 오페라하우스 사진 명당, Fabbrica, Bopp&Tone]",https://blog.naver.com/chargee-/223172236888
2023-08-01,,https://blog.naver.com/jeanpaul_sagi
2023-08-01,2023년07월31일,https://blog.naver.com/jeanpaul_sagi/223171826311
2023-08-01,tvN드라마소용없어거짓말촬영지배경장소?해안도로수원화성타로카페도하럭셔리집호텔자동차식당재즈바숲공원캠핑장,https://blog.naver.com/hsc660312/223171628437
2023-08-01,,https://blog.naver.com/ljtiger313
2023-08-01,"지역 활성화 이벤트 기획부터 준비, 진행, 운영까지 한번에!",https://blog.naver.com/ljtiger313/223171610237
2023-08-01,,https://blog.naver.com/sukjin1924
2023-08-01,강남빌딩매매(400억)-초고층 재건축단지 인근빌딩,https://blog.naver.com/sukjin1924/223171607126
2023-08-01,,https://blog.naver.com/sangsang_world
2023-08-01,부산에 새로 뜨는 관광지? 해운대? 기장? 뜻밖에 이곳!,https://blog.naver.com/sangsang_world/223171491540
2023-08-01,,https://blog.naver.com/siruluna
2023-08-01,"덥거나, 비오거나! 여름날 어디 갈 지 고민된다면? 서울경기 실내나들이 코스 9곳 모음",https://blog.naver.com/siruluna/223169921345
2023-08-01,,https://blog.naver.com/hey_archive
2023-08-01,"[서울,성수] 스케줄 성수 - 블랙트러플뇨끼, 소개팅 장소 추천 | 어메이징 브루잉 컴퍼니 - 수제맥주 셀프탭 이용하기, 맥주덕후를 위한 공간 | 맛집코스",https://blog.naver.com/hey_archive/223171476998
2023-08-01,,https://blog.naver.com/mndd8o50
2023-08-01,성수동맛집 부우이에서 친구들과 즐긴 특별한 시간 이번에는 친구들과 함께 맛집 부우이를 방문했습니다. 부우이는 바 형태의 자리를 제공하여 편안하게 식사를 즐길 수...,https://blog.naver.com/mndd8o50/223171412567
2023-08-02,서울숲 샤브샤브 샤블리 다채로운 뚝섬역 점심,https://blog.naver.com/pinkberry_16/223173299262
2023-08-02,,https://blog.naver.com/dotnews
2023-08-02,"와디즈, 올 상반기 펀딩 삼대장 ‘패션 ⋅ 푸드 ⋅ 홈리빙’ 주목",https://blog.naver.com/dotnews/223173226372
2023-08-02,,https://blog.naver.com/zero_hj_00
2023-08-02,혼자유럽여행#17 오스트리아_잘츠부르크,https://blog.naver.com/zero_hj_00/223173161345
2023-08-02,MZ 세대의 핫플 성수동,https://blog.naver.com/alice8565/223173045630
2023-08-02,,https://blog.naver.com/shinswho
2023-08-02,성수 맛집 후라토식당 성수점 맛과 분위기 둘다 너무 끝내줘요.,https://blog.naver.com/shinswho/223172773907
2023-08-02,,https://blog.naver.com/solomon1001
2023-08-02,성수동 루프탑 파티룸 서울 회사 워크숍 장소 추천 옥탑방성수,https://blog.naver.com/solomon1001/223172723711
2023-08-02,[슬기로운 호텔생활] 독채만 94채... 역대급이라는 부산 신상 리조트 직접 가보니,https://blog.naver.com/the_trip/223172586718
2023-08-03,,https://blog.naver.com/nomadiakate
2023-08-03,휴가 대신 왕십리 마사지 디오리진스파 아로마 테라피 60분 관리,https://blog.naver.com/nomadiakate/223174234749
2023-08-03,,https://blog.naver.com/6jwnwgpo
2023-08-03,부우이: 서울숲을 바라보며 즐기는 갖가지 다양한 음식들의 성수동맛집,https://blog.naver.com/6jwnwgpo/223174216633
2023-08-03,,https://blog.naver.com/sooktudio
2023-08-03,[성수] 맥주가 땡기는 맛도리 곱창집 소인수서울 본점 미숙랭가이드 선정 성수맛집 뚝섬맛집,https://blog.naver.com/sooktudio/223174215599
2023-08-03,,https://blog.naver.com/taesheulinguide
2023-08-03,"훈연 | 서울숲맛집 | ""인스타 맛집인줄 알았는데 그냥 훌륭한 맛집이었다"" | 태슐랭가이드",https://blog.naver.com/taesheulinguide/223174202816
2023-08-03,,https://blog.naver.com/bbolee4982
2023-08-03,외국인 친구와 한국여행 한다면 이 포스팅을 보세요 | 한국의 핵심만 즐기기-전망대/경복궁/광장시장 등,https://blog.naver.com/bbolee4982/223174013416
2023-08-03,,https://blog.naver.com/dalo97
2023-08-03,"[카페] 1,500원 소금빵 카페 '성수정원'",https://blog.naver.com/dalo97/223173851837
2023-08-03,,https://blog.naver.com/meokjuk
2023-08-03,성수 소품샵 포인트오브뷰 서울 핫플레이스 서울 가볼만한곳 데이트 추천,https://blog.naver.com/meokjuk/223173809434
2023-08-03,성수동 서울숲데이트 코스 살롱드호우섬 신메뉴 딤섬맛집 운작하교 크리스피새우창펀 추천,https://blog.naver.com/sanglee7942/223173774239
2023-08-03,,https://blog.naver.com/chung0901
2023-08-03,수제화의 성지에서 MZ 세대의 핫플로…'성수동' 한 바퀴!,https://blog.naver.com/chung0901/223173670374
2023-08-03,,https://blog.naver.com/standard4113
2023-08-03,답십리역 개인회생파산 신청 걱정없었어요,https://blog.naver.com/standard4113/223173427466
2023-08-03,,https://blog.naver.com/kimminjoo
2023-08-03,성수동 신상 카페! 프레즐 맛집 브라우터,https://blog.naver.com/kimminjoo/223173363610
2023-08-03,서울주말나들이 서울볼거리 성수역놀거리 성수팝업스토어 삼성갤럭시플립5팝업 플립사이드마켓 옹근달,https://blog.naver.com/bravoeun/223171067829
2023-08-04,성수동데이트 사워도우피자 맛있는 성수피자맛집 도우소사이어티,https://blog.naver.com/nomadiakate/223175194783
2023-08-04,"서울숲 맛집 카이센동 성수 일식 데이트코스, 훈연",https://blog.naver.com/salchisal_/223175152279
2023-08-04,,https://blog.naver.com/heeeee_zi
2023-08-04,성수동 카페 추천 < 앵무새 > 서울숲 데이트코스 핫플 디저트 내돈내산 맛집,https://blog.naver.com/heeeee_zi/223175037820
2023-08-04,,https://blog.naver.com/ziwnghzi1
2023-08-04,[얼스케이크베이크샵] 유럽느낌 가득한 뚝섬역 인근 핫플레이스,https://blog.naver.com/ziwnghzi1/223174968694
2023-08-04,,https://blog.naver.com/qkrekgo0916
2023-08-04,"서울 여행(오복 순대국, 디오르 성수, 우동가조쿠 성수점, 미도리야)",https://blog.naver.com/qkrekgo0916/223174916551
2023-08-04,,https://blog.naver.com/msqqbf2h
2023-08-04,성수동맛집 부우이: 지중해 분위기 속에서 맛있는 음식 여행을 떠나다,https://blog.naver.com/msqqbf2h/223174862081
2023-08-04,,https://blog.naver.com/jacklin
2023-08-04,"[안준철 라이프 칼럼] MZ세대에게 스며든 로컬,전통시장",https://blog.naver.com/jacklin/223174707896
2023-08-04,,https://blog.naver.com/pyogomushroom
2023-08-04,처음 떠나는 표고의 파리 2주 여행기. 지금부터 시작!!!,https://blog.naver.com/pyogomushroom/223174673471
2023-08-04,,https://blog.naver.com/mariabok
2023-08-04,독채만 94채…부산에서 가장 잘나가는 신상 리조트 직접 가보니,https://blog.naver.com/mariabok/223174643261
2023-08-04,,https://blog.naver.com/c9624238
2023-08-04,서울광장에는 소나무 숲 (매일경제 23.5.25 목),https://blog.naver.com/c9624238/223172427149
2023-08-04,,https://blog.naver.com/irisinternational
2023-08-04,THERMOPLAN 써모플랜 베이커리카페 설치 - BW3 CT2,https://blog.naver.com/irisinternational/223174522514
2023-08-04,,https://blog.naver.com/clipartoday
2023-08-04,"[트렌드] 로컬의 '힙'한 변신, 로코노미",https://blog.naver.com/clipartoday/223735509707
2023-08-04,,https://blog.naver.com/h2obs8o7
2023-08-04,"부우이: 성수동맛집, 양껏 먹을 수 있는 매콤한 샬롯 소스와 항정살 스테이크",https://blog.naver.com/h2obs8o7/223174455259
2023-08-04,"홍대 팝업스토어/ 스파이X패밀리, 귀여운 케릭터와의 만남",https://blog.naver.com/gagamal740718/223174275029
2023-08-05,,https://blog.naver.com/soosye
2023-08-05,대구 범어동 힙한 데이트코스 추천 [오크커피],https://blog.naver.com/soosye/223175854340
2023-08-05,,https://blog.naver.com/aa_912
2023-08-05,서울 회사 워크숍 옥탑방성수에서 추억을 쌓아봐요,https://blog.naver.com/aa_912/223175726916
2023-08-05,,https://blog.naver.com/ssamfresh
2023-08-05,[성수 볼거리] 성수 투어 / 성수 팝업스토어 편집샵 핫플레이스✨ 싹정리,https://blog.naver.com/ssamfresh/223175673832
2023-08-05,,https://blog.naver.com/moonyei
2023-08-05,내 손안에 서울,https://blog.naver.com/moonyei/223175451308
2023-08-05,,https://blog.naver.com/illrang2ya
2023-08-05,서울 성수 데이트 코스 :: 뇨끼 맛집 세밀 se meal,https://blog.naver.com/illrang2ya/223175393535
2023-08-05,잠실 송리단길 맛집 일식 데이트코스 이오로,https://blog.naver.com/vault9/223175296552
2023-08-06,,https://blog.naver.com/kybkyb1221
2023-08-06,서울숲 맛집 카이센동 맛집 훈연,https://blog.naver.com/kybkyb1221/223176554573
2023-08-06,,https://blog.naver.com/favoriteuniverse
2023-08-06,"travel ｜ 시드니 여행 ｜ 글레베 마켓, 시드니대학교 시계탑, 뉴타운 캄포스 커피, 서리힐즈",https://blog.naver.com/favoriteuniverse/223176449391
2023-08-06,,https://blog.naver.com/lynn8857
2023-08-06,스케줄 성수 :: 성수동 맛집 유럽 감성 브런치 레스토랑 데이트코스,https://blog.naver.com/lynn8857/223176368770
2023-08-06,성수 데이트 코스 일식당 미쁘동 서울숲,https://blog.naver.com/lim___2/223175793638
2023-08-06,,https://blog.naver.com/ysk3654
2023-08-06,새벽사원 왓 아룬 감성 카페 홍씨엥꽁 방콕 짜오프라야강 수상보트 알아보기,https://blog.naver.com/ysk3654/223176099385
2023-08-07,,https://blog.naver.com/rhwlguscjstk
2023-08-07,[서울] 성수 브런치 카페 '37.5 시그니처 성수' 분위기 좋은 데이트코스,https://blog.naver.com/rhwlguscjstk/223177100163
2023-08-07,,https://blog.naver.com/ohna405
2023-08-07,서울숲 데이트 코스로 좋은 분위기 있는 성수동 와인바 207다이닝,https://blog.naver.com/ohna405/223177075371
2023-08-07,,https://blog.naver.com/yeseul1313
2023-08-07,건대딤섬 성수낙낙 점심맛집 크리스탈드래곤,https://blog.naver.com/yeseul1313/223176996045
2023-08-07,,https://blog.naver.com/injong_jung
2023-08-07,"Dreams Are My Reality, 런던 여행",https://blog.naver.com/injong_jung/223176752795
2023-08-07,,https://blog.naver.com/ijkvmvza
2023-08-07,다양한 메뉴와 편안한 분위기로 눈과 입을 동시에 즐겁게 만드는 성수 맛집 요쇼쿠 성수,https://blog.naver.com/ijkvmvza/223176731883
2023-08-07,,https://blog.naver.com/roca-
2023-08-07,서울 야경 명소 응봉산 경치 개나리 축제,https://blog.naver.com/roca-/223176711989
2023-08-08,,https://blog.naver.com/snowmansl1802
2023-08-08,성수구름다리 : 서울 노을 명소 남산타워뷰 /성동구 가볼만한 곳,https://blog.naver.com/snowmansl1802/223178392804
2023-08-08,임대료 상승률 1위 '성수동'…젠트리피케이션 방지 대책 마련 [성동] 딜라이브TV,https://blog.naver.com/cnmnews2015/223178366932
2023-08-08,,https://blog.naver.com/glown_official
2023-08-08,"성수동 팝업스토어 8월 추천/아이유, 에스티로더, 갤럭시, 호가든 등)",https://blog.naver.com/glown_official/223178274382
2023-08-08,,https://blog.naver.com/elisdjf12sdjf
2023-08-08,성신여대떡볶이 봄의정원 성신여대점 사랑받아 마땅한 맛집!,https://blog.naver.com/elisdjf12sdjf/223178158206
2023-08-08,,https://blog.naver.com/shinsangsun
2023-08-08,[카페 따우전드] 군자역 1번출구 근처 아메리칸 이색카페,https://blog.naver.com/shinsangsun/223177919408
2023-08-08,성수 팝업스토어 삼성 플립사이드마켓 성수동 핫플 데이트 놀거리 코스,https://blog.naver.com/spxl1010/223177711048
2023-08-08,서울나들이 성수동카페거리 성수동가볼만한곳 호가든포멜로 성수팝업스토어 쎈느scene,https://blog.naver.com/bravoeun/223171196475
2023-08-09,,https://blog.naver.com/comensitbyme
2023-08-09,데이트 코스로 추천하는 상주핫플 상주술집 상주 대림국수,https://blog.naver.com/comensitbyme/223179524943
2023-08-09,,https://blog.naver.com/jina111222
2023-08-09,"후토마끼 맛있는 성수동일식 ""초이다이닝 성수점""",https://blog.naver.com/jina111222/223179520756
2023-08-09,,https://blog.naver.com/masinger-z
2023-08-09,호선생전 세 번 다녀온 후기,https://blog.naver.com/masinger-z/223179359463
2023-08-09,,https://blog.naver.com/v0vlove113
2023-08-09,"서울 근교 물놀이하기 좋은 경기도 포천 백운계곡 / 주차 정보, 백운 지당골 식당",https://blog.naver.com/v0vlove113/223179018082
2023-08-09,,https://blog.naver.com/joseph3371
2023-08-09,[수원시 행궁동(장안동) 토지 매매]대지118평. 떠오르는 핫플레이스 행리단길 북단 도로변.,https://blog.naver.com/joseph3371/223174926718
2023-08-09,,https://blog.naver.com/etland_og
2023-08-09,삼성 멤버스 커넥트와 함께한 갤럭시 최초의 한국 언팩,https://blog.naver.com/etland_og/223178835329
2023-08-09,"[겔겔투어] ""제목은 'J'컨셉 여행으로 하겠습니다"" 도쿄 여행기 나카메구로 편 (나카메구로 카페/다이칸야마 맛집/다이칸야마 잇신/츠타야 서점/나카메구로 맛집/다이칸야마 카페)",https://blog.naver.com/ksy1327/223178698418
2023-08-09,,https://blog.naver.com/hyeynging
2023-08-09,런던 여름 (3),https://blog.naver.com/hyeynging/223178624046
2023-08-10,,https://blog.naver.com/pjso323
2023-08-10,캐나다 워킹홀리데이 준비_ 출국 전 친구들 만나기(일상),https://blog.naver.com/pjso323/223180544741
2023-08-10,,https://blog.naver.com/aep-kky89
2023-08-10,성공사업장 답사 - 성수 소프트아이스크림 소프트바 디저트 데이트 코스,https://blog.naver.com/aep-kky89/223180485641
2023-08-10,,https://blog.naver.com/psmpark1124
2023-08-10,데이트하기좋은 성수동 핫플레이스 서울앵무새,https://blog.naver.com/psmpark1124/223180168467
2023-08-10,,https://blog.naver.com/thfdlcor1223
2023-08-10,"8월 국내여행지 가볼만한 곳, 서울 강원도 울산 체크인 챌린지",https://blog.naver.com/thfdlcor1223/223180049408
2023-08-10,,https://blog.naver.com/blue80222
2023-08-10,"[오늘부터 1000만원으로 부동산 투자 시작, 이현정] 초보투자자 아들에게 전하는 13년 부동산 투자 노하우",https://blog.naver.com/blue80222/223180046430
2023-08-10,서울숲 맛집 데이트 놀거리 성수동 핫플 가볼만한곳 고든램지 스트리트 피자,https://blog.naver.com/chic_creator/223179814577
2023-08-11,,https://blog.naver.com/tei5917
2023-08-11,"서울의 노른자리 땅! 압구정 2~5구역 재건축 지원을 발표한, 서울시 ""신속통합기획안"" 내용, 최근 거래동향.",https://blog.naver.com/tei5917/223181430348
2023-08-11,,https://blog.naver.com/giostyle
2023-08-11,[오사카] 너무 흔하지 않은 코스 나카자키쵸 카페거리와 오사카역 주변,https://blog.naver.com/giostyle/223181418728
2023-08-11,[종로] 광장시장 육회골목내 원조 맛집 육회자매집을 선택한 단 하나의 이유,https://blog.naver.com/sooktudio/223181286696
2023-08-11,,https://blog.naver.com/gustngustn111
2023-08-11,"성수맛집, 방문할때마다 새로운 데이트명소 ""37.5 시그니처 성수""",https://blog.naver.com/gustngustn111/223181149608
2023-08-11,,https://blog.naver.com/gomitaeng2
2023-08-11,여자 혼자 해외여행 : 베트남 호치민 4박5일 1편,https://blog.naver.com/gomitaeng2/223181108404
2023-08-11,,https://blog.naver.com/opoundhatx
2023-08-11,성수동 구경 힙한 그로서리스토어 먼치스앤구디스: 다양한 제품과 재미가 가득한 성수동 쇼핑,https://blog.naver.com/opoundhatx/223178182897
2023-08-11,,https://blog.naver.com/bbc2030
2023-08-11,"서울강남 ""현재&미래""",https://blog.naver.com/bbc2030/223180785085
2023-08-11,,https://blog.naver.com/032gms
2023-08-11,"[오늘의 맛집 소식] 23.08.11 유진투자증권 ""영업점 방문하면 맛집 종이 딱지 드려요"" & 낮보다 아름다운 전 세계 ‘야경 맛집’ 도시 순위 & 윤두준 ""맛집 잘 안가고,",https://blog.naver.com/032gms/223180758093
2023-08-11,,https://blog.naver.com/wooodongk
2023-08-11,"스페인 포르투갈 Day 1 리스본, Lisboa (아부다비 공항, 호시우 광장, 만테이가리아 나타, 제로니무스 수도원, 파스테이스 나타, Lx Factory)",https://blog.naver.com/wooodongk/223180575353
2023-08-11,,https://blog.naver.com/kmok99
2023-08-11,청량리 롯데백화점 애슐리 퀸즈 평일 디너 맥주 무한리필이 가능한곳,https://blog.naver.com/kmok99/223180575102
2023-08-12,,https://blog.naver.com/spring_at_me
2023-08-12,[리뷰] 서울숲맛집::성수파스타::성수스테이크::서울숲 분위기깡패+맛있는양식당 = 미테이블,https://blog.naver.com/spring_at_me/223182168931
2023-08-12,서울 성수동 핫플 서울숲 카페거리 묘사서울 흑임자 땅콩 빙수,https://blog.naver.com/chingu_yh/223182162878
2023-08-12,,https://blog.naver.com/dragonswing
2023-08-12,아차산(295m) - 용마산(348m) 연계산행,https://blog.naver.com/dragonswing/223182142506
2023-08-12,성수동 소품샵 모어쥬드 FOITY 성수 데이트 코스 핫플 가볼만한곳,https://blog.naver.com/cindy8080/223182098864
2023-08-12,,https://blog.naver.com/danghu_in
2023-08-12,"대만 타이페이 꿀팁 + 맛집 구글 좌표 공유,,",https://blog.naver.com/danghu_in/223181957889
2023-08-12,,https://blog.naver.com/beadsbit
2023-08-12,다시 찾은 뚝섬 한강공원,https://blog.naver.com/beadsbit/223181860068
2023-08-12,성수동와인바 린성수 : 성수동데이트코스 추천,https://blog.naver.com/w5695daum/223181849528
2023-08-12,[오로라베이커리카페 성수점]성수동 빵집 카페에서 곰돌이한마리 몰고가세요,https://blog.naver.com/ekdlstmdrl/223181844079
2023-08-12,,https://blog.naver.com/joonsuki16
2023-08-12,한강을 품은 하이엔드 아파트 브라이튼 여의도,https://blog.naver.com/joonsuki16/223181784803
2023-08-12,,https://blog.naver.com/toaaud
2023-08-12,"성수동 데이트 서울숲 산책, 사진 포토존 물놀이, 사슴 위치(공사)",https://blog.naver.com/toaaud/223177657504
2023-08-12,,https://blog.naver.com/rin-__-
2023-08-12,여름아 가지ㅁㅏ!,https://blog.naver.com/rin-__-/223181491722
2023-08-13,,https://blog.naver.com/vivi____
2023-08-13,성수동 브런치카페 메이플탑 데이트코스 추천,https://blog.naver.com/vivi____/223182793974
2023-08-13,,https://blog.naver.com/chunga2021
2023-08-13,옥수동 임장기 : 압구정 아니고 옥구정,https://blog.naver.com/chunga2021/223182781367
2023-08-13,,https://blog.naver.com/fancy3187
2023-08-13,호주 멜버른 여행 코스 시티뿌시기.zip - 플린더스역/ 미안하다사랑하다 거리 / 빅토리아도서관 / 이탈리아 Universal restaruant,https://blog.naver.com/fancy3187/223182650960
2023-08-13,,https://blog.naver.com/journey_of_mylife
2023-08-13,"1월 태국 한 달 살기 준비 Blog (10만원대부터 20만원대까지, 리버사이드, 시암부터 통로까지 호텔 추천)",https://blog.naver.com/journey_of_mylife/223182505738
2023-08-13,"성수동 카페거리 가볼만한곳 서울 핫플레이스, 살라댕템플 예약 주차",https://blog.naver.com/sungeunholic/223182474818
2023-08-13,,https://blog.naver.com/skypig230
2023-08-13,"[16박 동남아여행, 방콕] #18 체크아웃, 검프스 아리, 방콕 포토부스 네컷, 통스미스 보트국수, 팩토리커피, 공항철도, 면세구역 팟타이 맛집, 방콕-호치민-인천(경유), 귀국",https://blog.naver.com/skypig230/223182391418
2023-08-13,,https://blog.naver.com/rjwls15
2023-08-13,[서울/성수] 중랑천데이트_크로와상 맛집_하트시그널4 데이트장소_카페_라 부슈 뒤 루아,https://blog.naver.com/rjwls15/223182390058
2023-08-13,,https://blog.naver.com/rrwrwrw11
2023-08-13,성수맛집 성수다락 데이트명소 웨이팅해도 좋아,https://blog.naver.com/rrwrwrw11/223182348842
2023-08-13,,https://blog.naver.com/daydream00912
2023-08-13,"[daily log] 7월 일상, 상실",https://blog.naver.com/daydream00912/223182264053
2023-08-13,"홍대 파스타 맛집/ 가성비 최고의 데이트 장소, 홍대인파스타",https://blog.naver.com/gagamal740718/223182130668
2023-08-14,,https://blog.naver.com/jajahun0305
2023-08-14,서울숲 맛집 분위기 맛집 부우이,https://blog.naver.com/jajahun0305/223183749727
2023-08-14,,https://blog.naver.com/laepdowinx
2023-08-14,[7박8일 중국 여행] 상해 3일차 - 새로운 핫플 우캉루/ 상해시 성수동 감성 느끼며 맛있는 브런치 먹기,https://blog.naver.com/laepdowinx/223183684768
2023-08-14,,https://blog.naver.com/granforza
2023-08-14,서울 놀거리 갤럭시z플립5 팝업스토어 플립사이드마켓,https://blog.naver.com/granforza/223183649269
2023-08-14,,https://blog.naver.com/leewooj77
2023-08-14,"스페인 교환학생 가서 먹었던 것들( 4월 : 스페인,포르투갈)",https://blog.naver.com/leewooj77/223183534160
2023-08-14,,https://blog.naver.com/gformnsd
2023-08-14,서울 성동구 성수동 지식산업센터 서울숲 더스페이스 분양정보,https://blog.naver.com/gformnsd/223183404980
2023-08-14,,https://blog.naver.com/zzzizz_
2023-08-14,성수동 핫플 술집 대취,https://blog.naver.com/zzzizz_/223183387921
2023-08-14,,https://blog.naver.com/ysplace_
2023-08-14,성수동 핫플 맛집 성수 힙한 와인바 포도젝트,https://blog.naver.com/ysplace_/223183329167
2023-08-14,,https://blog.naver.com/foyz2uxo
2023-08-14,"코로나19 이후, 서울에서의 힐링 여행지 '서울숲 공원'과 호캉스의 매력",https://blog.naver.com/foyz2uxo/223183203121
2023-08-14,,https://blog.naver.com/younsu4288
2023-08-14,성수맛집 대취 특색 있는 안주들이 많아요,https://blog.naver.com/younsu4288/223183181910
2023-08-14,,https://blog.naver.com/cleanlady79
2023-08-14,차없는 뚜벅이가 갈만한곳에 대해...,https://blog.naver.com/cleanlady79/223183115522
2023-08-14,성수 레인리포트 크루아상 / 서울 성수동 카페거리 카페 / 비오는 컨셉 핫플레이스,https://blog.naver.com/blog_supporter/223182069465
2023-08-14,,https://blog.naver.com/jupiter0311
2023-08-14,성수 위드번 수제버거 미국감성 인테리어 새우버거 후기,https://blog.naver.com/jupiter0311/223182731009
2023-08-14,,https://blog.naver.com/decaffein12
2023-08-14,"MZ 로코노미, 전통시장에 가는 이유",https://blog.naver.com/decaffein12/223182073567
2023-08-14,서울로인 서울숲 데이트 후기 : 성수동 한식 다이닝 디너 코스,https://blog.naver.com/apexism/223183002646
2023-08-15,,https://blog.naver.com/tnwjd2050
2023-08-15,경리단길 카페 호우주의보 인생샷 명소 페퍼클라우드 클라우디데이 후기 까사미아와 콜라보한 편안한 가구 뷰 맛집 레인리포트 with 글로우서울,https://blog.naver.com/tnwjd2050/223184583799
2023-08-15,,https://blog.naver.com/kje970909
2023-08-15,성수동_분위기 좋은 와인바 WIP 윕 / 파인다이닝 데이트 코스 추천,https://blog.naver.com/kje970909/223184537262
2023-08-15,,https://blog.naver.com/themarkcebu
2023-08-15,세부 3박5일 일정 추천! 야경 명소 '라 파리지앵 스카이' 1탄,https://blog.naver.com/themarkcebu/223184436516
2023-08-15,,https://blog.naver.com/horns1836
2023-08-15,EV9을 편하게 볼 수 있는. 기아 EV 언플러그드 그라운드 방문기,https://blog.naver.com/horns1836/223184307231
2023-08-15,,https://blog.naver.com/dudu9707
2023-08-15,HBD to me,https://blog.naver.com/dudu9707/223184303657
2023-08-15,,https://blog.naver.com/suood
2023-08-15,"싱가폴음식전문점으로 외국요리인 성수 맛집, 비파X호커센터",https://blog.naver.com/suood/223184114185
2023-08-15,,https://blog.naver.com/yim207
2023-08-15,성수동 서울숲역 맛집 / 분위기 좋은 숨은 데이트 코스 추천 207다이닝,https://blog.naver.com/yim207/223184108662
2023-08-15,,https://blog.naver.com/stiearth
2023-08-15,살라댕템플 성수동 핫플레이스 태국이 여기있네요,https://blog.naver.com/stiearth/223184028858
2023-08-16,,https://blog.naver.com/colonsemi
2023-08-16,[성수동 카페] 서울숲 뷰맛집 신상카페 플래드 PLAD,https://blog.naver.com/colonsemi/223185466066
2023-08-16,,https://blog.naver.com/lymcall
2023-08-16,‘생방송투데이-리얼맛집’ 서울 마포역 숯불장어구이 코스 위치는? 장어돌솥밥-장어탕 外,https://blog.naver.com/lymcall/223185437891
2023-08-16,,https://blog.naver.com/bbang_my
2023-08-16,[다카마쓰 여행 1일차] 다카마쓰 공항│치쿠세이 우동│리쓰린 공원│Leboremus 카페│Aoi 아오이스시│Naniwa 타코야끼│일본 편의점 털이,https://blog.naver.com/bbang_my/223185324222
2023-08-16,성수동 핫플 추천 서울숲 데이트 돈까스맛집 에이돈,https://blog.naver.com/phrases11/223185246847
2023-08-16,,https://blog.naver.com/pitapat_i
2023-08-16,서울 2023년 입주아파트 브라이튼 여의도 10월 입주 분양공고,https://blog.naver.com/pitapat_i/223184988728
2023-08-16,,https://blog.naver.com/donghun6802
2023-08-16,대취 성수맛집에서 든든한 술자리 만나 보세요!,https://blog.naver.com/donghun6802/223184725629
2023-08-16,,https://blog.naver.com/dksqufdl10
2023-08-16,서울숲 일본식 돈카츠 “에이돈”_서울숲 데이트 추천,https://blog.naver.com/dksqufdl10/223184678999
2023-08-17,서울숲 회식 가능한 뚝섬 고기집 성수동 셋째집 깔끔하고 넓은 매장,https://blog.naver.com/otlsaud/223186528993
2023-08-17,[포르투칼] 까다로운 60대 어머니도 대만족하신 마이리얼트립 포르투 나자르투어 / 100프로 내돈내산 후기 !,https://blog.naver.com/amicainparis/223186426220
2023-08-17,,https://blog.naver.com/whitestone_-3
2023-08-17,성수동 놀거리로 추천하는 바이러닉 에스프레소 바 내돈내산,https://blog.naver.com/whitestone_-3/223186330961
2023-08-17,,https://blog.naver.com/hwaitoto
2023-08-17,"[도서리뷰] 있는 공간, 없는 공간(대한민국 1등 핫플레이스의 법칙) : 글로우서울 대표 유정수",https://blog.naver.com/hwaitoto/223186310762
2023-08-17,,https://blog.naver.com/readersguide
2023-08-17,[추천도서] 나무의 어두움에 대하여 外 (3. 6 ~ 3. 12),https://blog.naver.com/readersguide/223185933898
2023-08-17,,https://blog.naver.com/smcnc_official
2023-08-17,[TRAVEL]출장 가라고? 호주라면 오히려 좋아!,https://blog.naver.com/smcnc_official/223185878855
2023-08-17,,https://blog.naver.com/nangmandonge
2023-08-17,데이트장소로 사진 여러장 건지는 ‘레이크우드’ 카페,https://blog.naver.com/nangmandonge/223185720568
2023-08-17,,https://blog.naver.com/erect26490
2023-08-17,새우 한가득 올라가 있는 보울플래터 찐맛집 성수동데이트맛집 타코튜즈데이 성수점,https://blog.naver.com/erect26490/223185704447
2023-08-17,,https://blog.naver.com/oyj9802
2023-08-17,"성수맛집 대취 술마시기 좋은 안주맛집 친구들끼리, 모임 장소로도 ok!",https://blog.naver.com/oyj9802/223185675550
2023-08-18,,https://blog.naver.com/side4927
2023-08-18,Meet the N 부산 전시 + 아이오닉5 N + 더 뉴 아반떼 N + 마린시티,https://blog.naver.com/side4927/223187466395
2023-08-18,,https://blog.naver.com/millionname1
2023-08-18,15. 개강형 과민반응,https://blog.naver.com/millionname1/223187253532
2023-08-18,,https://blog.naver.com/gajinam92
2023-08-18,23.07.08~23.07.09 보스턴 명소를 둘러보는 2일(feat. 하루는 휴식),https://blog.naver.com/gajinam92/223187247181
2023-08-18,,https://blog.naver.com/y9505
2023-08-18,2023.7월 제주여행(4)/제주김만복/서귀포자연휴양림/애월버터모닝/산방산 소색채본/중문액트몬/서울앵무새제주점/천지연폭포/죽림횟집,https://blog.naver.com/y9505/223187237228
2023-08-18,,https://blog.naver.com/parkbridgestate
2023-08-18,서울숲 대림아파트,https://blog.naver.com/parkbridgestate/223187103394
2023-08-18,"태국 감성 핫플레이스, 살라댕템플 성수 (주차, 예약, 워크인)",https://blog.naver.com/hi_jubilee/223187065123
2023-08-18,,https://blog.naver.com/lula9492
2023-08-18,성수동2030들의 핫플 명소 대취 성수맛집,https://blog.naver.com/lula9492/223186803746
2023-08-19,"뚝섬 고기집 셋째집, 주말 서울숲 데이트 코스에 삼겹살 꼭 넣자",https://blog.naver.com/minuit_j/223188099599
2023-08-19,,https://blog.naver.com/tesel790
2023-08-19,"디타워 돈의문, 친환경 건물의 최고 등급 플래티넘 인증 , 디타워 돈의문: 친환경 건축물의 최고 등급",https://blog.naver.com/tesel790/223188029781
2023-08-19,,https://blog.naver.com/harusomi
2023-08-19,[연남동카페] 커피 페어링 코스 ‘펠른’ 솔직한 후기,https://blog.naver.com/harusomi/223187983974
2023-08-19,,https://blog.naver.com/jsunyuraw15
2023-08-19,"퓨전 일식 맛집 “진작다이닝” 성수동맛집, 서울숲 데이트코스",https://blog.naver.com/jsunyuraw15/223187697504
2023-08-19,,https://blog.naver.com/pmlzzang
2023-08-19,서울 성수동 사진맛집 신상핫플 내돈내산 상세리뷰 <살라댕템플>,https://blog.naver.com/pmlzzang/223187691820
2023-08-19,,https://blog.naver.com/gaminon
2023-08-19,[일본여행] 오사카 3박4일 여행 4일차 | 우메다 한큐백화점 짐 보관 | 오코노미야끼 | 헵파이브 관람차 | 나카자키초 카페거리(우메다 역에서 간사이 공항 가는 법),https://blog.naver.com/gaminon/223187660602
2023-08-20,네번째 네이버 메인 @ 요즘여기,https://blog.naver.com/mung-mung-/223188655998
2023-08-20,,https://blog.naver.com/stonetemplepilot
2023-08-20,다녀와서 몸살걸린 타이완 여행기,https://blog.naver.com/stonetemplepilot/223188643364
2023-08-20,,https://blog.naver.com/res1258
2023-08-20,성동구 보더콜리 기본정보 행복은 함께해서 좋아요분양 입양 정보공유해요,https://blog.naver.com/res1258/223188559693
2023-08-20,,https://blog.naver.com/wldn5959
2023-08-20,성수동맛집 진작다이닝 데이트 필수코스예요 (with 춘하추동),https://blog.naver.com/wldn5959/223188332891
2023-08-20,,https://blog.naver.com/ca7054
2023-08-20,한식 안주가 맛있어서 술을 부르는 집 성수역 술집 대취,https://blog.naver.com/ca7054/223188232493
2023-08-20,,https://blog.naver.com/ppeomi-
2023-08-20,성수핫플 안주맛있는술집 성수모임장소추천 성수맛집 성수맛집 대취,https://blog.naver.com/ppeomi-/223188185988
2023-08-21,,https://blog.naver.com/hyejoy_30
2023-08-21,23년 7월 소소한 일상 기록 (1),https://blog.naver.com/hyejoy_30/223189832050
2023-08-21,,https://blog.naver.com/annaisland
2023-08-21,#안나철공방. 철재주문제작 전시용철재프레임 - 성수동전시공간 맞춤철재,https://blog.naver.com/annaisland/223189725952
2023-08-21,,https://blog.naver.com/i2dull
2023-08-21,여기에 주상복합 60층과 쇼핑몰이 세워진다하니 볼수록 기가 차다,https://blog.naver.com/i2dull/223189142135
2023-08-21,,https://blog.naver.com/gallongom
2023-08-21,[USA] 뉴욕 미트패킹 디스트릭트 & 뉴욕에서 가장 오래된 스테이크 하우스 The Old Homestead Steak House,https://blog.naver.com/gallongom/223189016892
2023-08-21,"[겔겔투어] ""제목은 'J'컨셉 여행으로 하겠습니다"" 도쿄 여행기 다이칸야마 & 롯폰기 편 (롯폰기 맛집/롯폰기 카페/츠루동탄/다이칸야마초)",https://blog.naver.com/ksy1327/223188945828
2023-08-22,,https://blog.naver.com/youngsunny0224
2023-08-22,"집순이의 핫플투어 (성수동 살라댕템플, 연무장, 텅)",https://blog.naver.com/youngsunny0224/223190762934
2023-08-22,,https://blog.naver.com/kimdh6817
2023-08-22,[요쇼쿠 성수] 경양식 돈까스와 소바가 너무 맛있는 성수동 맛집 | 뚝섬 돈까스 맛집 | 서울숲 소바 맛집,https://blog.naver.com/kimdh6817/223190595011
2023-08-22,,https://blog.naver.com/jeonsy0614
2023-08-22,2021 10-12월,https://blog.naver.com/jeonsy0614/223190233203
2023-08-22,,https://blog.naver.com/chilyounglee
2023-08-22,인연이란 ? 김범초회장을..,https://blog.naver.com/chilyounglee/223190097660
2023-08-22,,https://blog.naver.com/75cha
2023-08-22,[연수구 청량로/ 인천] 크로마이트 커피 (CHROMITE COFFEE),https://blog.naver.com/75cha/223190073403
2023-08-22,"[오늘의 맛집 소식] 23.08.22 [제천소식] 제천맛집 육성 아카데미 참여식당 모집 등 & '2tv 생생정보' 가격파괴 맛집…물회外 & '니트 맛집' LF 바쉬, 배우 노윤서",https://blog.naver.com/032gms/223190046591
2023-08-22,,https://blog.naver.com/yh__i_i
2023-08-22,분위기좋은 한식 안주가 맛있는 집 성수동 대취 집을 소개드려요~~!!,https://blog.naver.com/yh__i_i/223189965212
2023-08-22,,https://blog.naver.com/hooksanjang
2023-08-22,남아공 요한네스버그 감옥 즐기기,https://blog.naver.com/hooksanjang/223189916939
2023-08-23,,https://blog.naver.com/motif_1
2023-08-23,"산업, 예술 그리고 젠트리피케이션",https://blog.naver.com/motif_1/223191795895
2023-08-23,,https://blog.naver.com/mango______
2023-08-23,"[뚝섬역 맛집] 진작다이닝 : 후토마끼, 들깨 우니 파스타 생생후기, 데이트 코스 추천",https://blog.naver.com/mango______/223191785458
2023-08-23,,https://blog.naver.com/ekdwls3tkrhk
2023-08-23,2023. 8. 4주 차. 당일치기 예산 여행ㅣ스플라스 온천 워터파크 후기ㅣ골드 시즌 할인ㅣ마스터 블라스터ㅣ튜브 블라스터ㅣ스피드 슬라이드,https://blog.naver.com/ekdwls3tkrhk/223191594553
2023-08-23,,https://blog.naver.com/zpuxe
2023-08-23,성수 맛집 추천 성수명당 조용한 분위기의 데이트 코스 성수동 술집,https://blog.naver.com/zpuxe/223191572783
2023-08-23,,https://blog.naver.com/najinss_
2023-08-23,성수동 놀거리 이번달전시회 :: 썸머 디깅 페스티벌 포스터덤프,https://blog.naver.com/najinss_/223191565407
2023-08-23,,https://blog.naver.com/sunnnyad
2023-08-23,여의도 매체 더현대서울 디지털갤러리 광고로 MZ 세대 공략,https://blog.naver.com/sunnnyad/223190368246
2023-08-23,,https://blog.naver.com/tangerine989
2023-08-23,[성수 맛집] 스케줄성수 :: 데이트코스 추천! 분위기 좋은 애견동반 레스토랑 (예약/주차),https://blog.naver.com/tangerine989/223191315368
2023-08-23,,https://blog.naver.com/tbyvo2r8
2023-08-23,정성이 느껴지는 성수동2가양꼬치맛집 이가네양꼬치 성수직영점,https://blog.naver.com/tbyvo2r8/223191294495
2023-08-23,,https://blog.naver.com/mubianten1
2023-08-23,서울 여행을 다녀와서 성수동과 서울숲에 대한 후기와 경험 알려드리겠습니다.,https://blog.naver.com/mubianten1/223191285677
2023-08-23,,https://blog.naver.com/eddy201
2023-08-23,숨겨진 낙곱새 맛집 - 디종 여행,https://blog.naver.com/eddy201/223191190149
2023-08-23,[성수동맛집&카페] 연무장길 신상핫플레이스; 살라댕템플 예약/대기 & 호우주의보 레인리포트 크루아상 방문 후기,https://blog.naver.com/afterglow_rana/223191108663
2023-08-23,"[오늘의 맛집 소식] 23.08.23 SK스토아, 충무로 맛집 '필동함박' 메뉴 2종 단독 출시 & 트랜스베버리지 ""하이볼 맛집 한눈에""… 네이버 지도앱 공유 & CU, 빵 맛집",https://blog.naver.com/032gms/223191030527
2023-08-23,,https://blog.naver.com/2_3_5_7
2023-08-23,"국제커플의 3박 4일 여수 여행 (5) - 오동도, 순이네 밥상, 카페 포, 미남크루즈 선상 불꽃 투어, 헤이븐 치킨",https://blog.naver.com/2_3_5_7/223190987986
2023-08-23,,https://blog.naver.com/cebdor
2023-08-23,현시점 SNS에서 제일 HOT한 살라댕 템플 첫 방문이자 마지막 방문.,https://blog.naver.com/cebdor/223190786739
2023-08-23,,https://blog.naver.com/r-lin
2023-08-23,"서울 성수 : 태국감성 성수동 데이트 핫플레이스 맛집 추천 ""살라댕템플 (SALADAENG TEMPLE)""",https://blog.naver.com/r-lin/223190901799
2023-08-24,[뚝섬역 맛집] 도가니수육에 와인 조합 ‘민정식당 서울숲직영점’,https://blog.naver.com/min_ttoni/223192667614
2023-08-24,,https://blog.naver.com/seultories
2023-08-24,성수동데이트 코스 / 성수동 일식 맛집 진작다이닝,https://blog.naver.com/seultories/223192504351
2023-08-24,성수동맛집 무한리필 생맥주점 넛츠비어,https://blog.naver.com/rrwrwrw11/223192327343
2023-08-24,,https://blog.naver.com/ja012345
2023-08-24,성수맛집 안주로 배채우고 온 대취,https://blog.naver.com/ja012345/223192204829
2023-08-24,,https://blog.naver.com/icoos_blog
2023-08-24,"아이쿠스 유럽드리머즈 156, 157기 / #6 파리 다시보기",https://blog.naver.com/icoos_blog/223192172190
2023-08-24,성수동 핫플 데이트 코스 텐바 이자카야 분위기 힙한 술집 추천,https://blog.naver.com/supermandaddy/223192047429
2023-08-24,,https://blog.naver.com/oh1848
2023-08-24,[성동] 성수동 빌딩 매매 사례 23억 (2023년 8월),https://blog.naver.com/oh1848/223192017438
2023-08-25,성수 디저트 맛집 리틀바잇모어 데이트코스 성수동 놀거리,https://blog.naver.com/linda603/223193390640
2023-08-25,,https://blog.naver.com/tingple
2023-08-25,[서울숲맛집] 성수동맛집으로도 유명한 오감충만 진작다이닝,https://blog.naver.com/tingple/223193466498
2023-08-25,,https://blog.naver.com/wodmsje
2023-08-25,성수동 새로오픈 한 따끈한 쌀국수 맛집 '미분당' 내돈내산 맛집,https://blog.naver.com/wodmsje/223193448314
2023-08-25,,https://blog.naver.com/tot_av
2023-08-25,서울 가볼만한 이색 카페 ‘뮤직컴플렉스서울’ 인사동 LP 카페,https://blog.naver.com/tot_av/223193191551
2023-08-25,,https://blog.naver.com/heyjoinn
2023-08-25,성수 팝업 8월 9월 성수역 놀거리 전통주 시음 경기로운랜드,https://blog.naver.com/heyjoinn/223193122206
2023-08-25,서울 주말 나들이 성수동 서울숲 놀거리 2인용 자전거 대여소 위치 가격 후기,https://blog.naver.com/teddyprincess/223192972849
2023-08-25,,https://blog.naver.com/lsumok-123
2023-08-25,2030들의 핫플 명소 대취 성수맛집,https://blog.naver.com/lsumok-123/223192864090
2023-08-26,,https://blog.naver.com/suuny8485
2023-08-26,성수 레스토랑 와인 라인업도 좋아서 분위기 내기 좋은 타이거풀,https://blog.naver.com/suuny8485/223194204425
2023-08-26,,https://blog.naver.com/dailyyeeun
2023-08-26,성수동 핫플레이스 레인리포트 크루아상 비 내리는 신상 카페 강추,https://blog.naver.com/dailyyeeun/223194184211
2023-08-26,,https://blog.naver.com/oongoose
2023-08-26,남산타워가 보이는 서울 야경 출사지 추천 | 성수대교의 매직아워와 일몰 야경 | 니콘 24-120mm F4 S,https://blog.naver.com/oongoose/223194060982
2023-08-26,,https://blog.naver.com/0406hohoho
2023-08-26,성수맛집 대취 2030핫플 명소,https://blog.naver.com/0406hohoho/223193870566
2023-08-26,,https://blog.naver.com/wtja4rcs
2023-08-26,성수동 숨은 찐맛집~ 성수역양꼬치맛집 이가네양꼬치 성수직영점,https://blog.naver.com/wtja4rcs/223193800473
2023-08-26,,https://blog.naver.com/helpme1105
2023-08-26,"대취, 다양한 특색 안주들이 있어서 좋은 성수맛집",https://blog.naver.com/helpme1105/223193788819
2023-08-26,,https://blog.naver.com/jc2c0h6r
2023-08-26,"친구들과 모이기에 딱 좋은 곳, 이가네양꼬치 성수직영점에서 보낸 시간들 성수동회식장소",https://blog.naver.com/jc2c0h6r/223193786084
2023-08-27,,https://blog.naver.com/ameonna1
2023-08-27,종로 근현대 여행 서울 미래유산 보령약국 종로5가 약국 거리,https://blog.naver.com/ameonna1/223195053047
2023-08-27,,https://blog.naver.com/mimihop
2023-08-27,"[성수동 데이트 코스& 성수동 양식] 만족스러웠던 성수동 데이트 코스, 그리노 성수 후기",https://blog.naver.com/mimihop/223194936380
2023-08-27,,https://blog.naver.com/littlehany0515
2023-08-27,성수동 파스타맛집 노비아 에 노비오,https://blog.naver.com/littlehany0515/223194973988
2023-08-27,,https://blog.naver.com/ivbicoxc888293u
2023-08-27,성동구는 서울특별시의 중심 도심지로 유명한 지역입니다.,https://blog.naver.com/ivbicoxc888293u/223194923165
2023-08-27,,https://blog.naver.com/or4an7ge
2023-08-27,미국 서부 여행 DAY 14 아메바 뮤직 / 엘 캐피탄 극장 / 더 라스트 북스토어 / 애플 tower theatre / 타코 맛집 소노라 타운 / 베니스 비치,https://blog.naver.com/or4an7ge/223194871453
2023-08-27,,https://blog.naver.com/pying502
2023-08-27,"디타워 돈의문: 친환경 건축물 and 친환경 건축물, 디타워 돈의문의 LEED 플래티넘 인증",https://blog.naver.com/pying502/223194739190
2023-08-27,,https://blog.naver.com/flofactory
2023-08-27,플라비 성수점 : 수작업으로 팔찌와 향수를 만들 수 있는 성수동데이트코스,https://blog.naver.com/flofactory/223194017160
2023-08-28,,https://blog.naver.com/baruming
2023-08-28,"[호주여행] #2. 여행 3일차 (피츠로이, 세인트 킬다비치)",https://blog.naver.com/baruming/223196110103
2023-08-28,,https://blog.naver.com/re_simmani
2023-08-28,"[베이커리 카페/상가 급매매]인천 영종도 구읍뱃터 베이커리 카페, 오션뷰 카페,카페매도,바다뷰,수익률 좋은 구분상가,구읍뱃터,을왕리 해수욕장",https://blog.naver.com/re_simmani/223195758413
2023-08-28,,https://blog.naver.com/jireh_____
2023-08-28,작은 일상,https://blog.naver.com/jireh_____/223195665358
2023-08-28,,https://blog.naver.com/windnsea
2023-08-28,"이유 있는 능소화의 불심검문, 내님이 아니신가요?",https://blog.naver.com/windnsea/223195616727
2023-08-28,,https://blog.naver.com/pjp2oqp0
2023-08-28,맛집을 하나 찾았어요~ 성수동2가탕수육맛집추천 이가네양꼬치 성수직영점,https://blog.naver.com/pjp2oqp0/223195542919
2023-08-28,발리 여행 하면서 좋았던 예쁜 카페 BEST 5,https://blog.naver.com/bom25bom/223195379339
2023-08-28,신촌 프랭클린 스테이크 하우스 워터에이징 맛집 첫 경험,https://blog.naver.com/r2ders/223195361623
2023-08-28,,https://blog.naver.com/wngus0972
2023-08-28,성수 데이트코스 타코와 맥주 한 잔하기 좋은 타코튜즈데이,https://blog.naver.com/wngus0972/223194894153
2023-08-28,,https://blog.naver.com/inifie
2023-08-28,2023년 8월 28일 경제 신문 스크랩,https://blog.naver.com/inifie/223195245058
2023-08-28,,https://blog.naver.com/demiter33
2023-08-28,"성수맛집 안주가 훌륭한 요리주점 ""대취""",https://blog.naver.com/demiter33/223195178114
2023-08-29,,https://blog.naver.com/aisle5669
2023-08-29,"성수동 신상카페 하이라인 외 서울숲, 보마켓 구경",https://blog.naver.com/aisle5669/223197106100
2023-08-29,,https://blog.naver.com/antz2726
2023-08-29,서울숲 데이트 코스 뚝섬역 고기집 주차 가능 냉삼 맛집 성수동셋째집,https://blog.naver.com/antz2726/223197071107
2023-08-29,,https://blog.naver.com/bee39
2023-08-29,POINT of VIEW 서울 성수동 놀거리 포인트 오브 뷰 문구점 성수 핫플레이스,https://blog.naver.com/bee39/223197067928
2023-08-29,,https://blog.naver.com/enbnews
2023-08-29,2023년 모바일 스탬프 투어,https://blog.naver.com/enbnews/223196851734
2023-08-29,서울 성수동 데이트 코스 서울숲 산책과 초밥 맛집,https://blog.naver.com/jmusuri/223196420635
2023-08-29,,https://blog.naver.com/jeon898949
2023-08-29,"[거래완료][더미소부동산] 건대 중문 대로변, 소방시설 완비한 30평 지하1층 상가 [2천만/90만]",https://blog.naver.com/jeon898949/223196710673
2023-08-29,,https://blog.naver.com/dsfilove
2023-08-29,상수동 맛집 상수넙딱집 홍대 데이트코스,https://blog.naver.com/dsfilove/223196619453
2023-08-29,,https://blog.naver.com/owo_owo5
2023-08-29,[성수 팝업스토어 / 전시추천] 여행가고 싶을 때! 경기로운랜드,https://blog.naver.com/owo_owo5/223196490940
2023-08-29,버버리도 성수에 꽂혔다 10월 팝업스토어 오픈 예정 소식 입니다,https://blog.naver.com/everything_s/223196435557
2023-08-29,,https://blog.naver.com/ga_young94
2023-08-29,"성수동 신상카페 | 성수에도 새로 생긴 영종도 소금빵 맛집 추천, ‘자연도소금빵 in 성수’",https://blog.naver.com/ga_young94/223196404178
2023-08-29,,https://blog.naver.com/treetravel
2023-08-29,성수동맛집 특급 레스토랑 데이트코스로 좋은 스케줄성수,https://blog.naver.com/treetravel/223196318480
2023-08-29,,https://blog.naver.com/aquarius35
2023-08-29,서울숲 맛집 | 분위기 좋은 서울숲 예약 맛집 <비스트로 성수>,https://blog.naver.com/aquarius35/223196238973
2023-08-29,,https://blog.naver.com/jacqkey72
2023-08-29,성수동 핫플 맛집 대취로 오세요~,https://blog.naver.com/jacqkey72/223196167259
2023-08-30,,https://blog.naver.com/ehddnehddn14
2023-08-30,2023년 6월,https://blog.naver.com/ehddnehddn14/223197982515
2023-08-30,,https://blog.naver.com/hjs8756
2023-08-30,78. 소올투베이커리 | 대전 핫플 둔산동 대형카페 대전데이트 명소 추천,https://blog.naver.com/hjs8756/223197744072
2023-08-30,,https://blog.naver.com/t-bridge-
2023-08-30,킹메이커 유튜브 촬영일기 5 - 서울시 성동구 (1),https://blog.naver.com/t-bridge-/223197741282
2023-08-30,서울 매봉산공원 팔각정과 포토아일랜드 풍경!,https://blog.naver.com/koreanson7/223197736988
2023-08-30,,https://blog.naver.com/reasonmindset
2023-08-30,조선시대 다리 살곶이다리 [성동여행][성동구산책명소] (feat.조선왕조실록샐록),https://blog.naver.com/reasonmindset/223197714141
2023-08-30,살라댕템플 데이트장소 핫플 성수동 맛집,https://blog.naver.com/glgl2466/223197593688
2023-08-30,,https://blog.naver.com/gkrrywhddl09
2023-08-30,성수동맛집 데이트 장소로 최고인 오뜨로 성수,https://blog.naver.com/gkrrywhddl09/223197559183
2023-08-30,,https://blog.naver.com/do_e_ki
2023-08-30,성수맛집 _ 데이트맛집 201호,https://blog.naver.com/do_e_ki/223197433405
2023-08-30,스탬프 꾹 찍으면 선물이 팡! 지하철 타고 떠나는 서울 여행,https://blog.naver.com/chung0901/223197313030
2023-08-30,서울 성수동 노을 명소 서울숲 근처 숨은 일몰스팟,https://blog.naver.com/saeha01170/223197292854
2023-08-30,,https://blog.naver.com/mary9907
2023-08-30,프라하 일기 - 13,https://blog.naver.com/mary9907/223197123905
2023-08-31,,https://blog.naver.com/sm991004
2023-08-31,삼성컬처랩 | 나의 새로운 라이프스타일 루틴,https://blog.naver.com/sm991004/223199133884
2023-08-31,성수 오마카세 초밥 맛집 오사이초밥 성수점,https://blog.naver.com/youliyan/223199101132
2023-08-31,,https://blog.naver.com/threehhh6013
2023-08-31,[뜨리에이치 & 캠핑포차] 성수동 서울숲 뜨리에이치가 새롭게 변화하고 있습니다. 맛있는 변화에 감성을 더한 로 가치를 더합니다.,https://blog.naver.com/threehhh6013/223198903566
2023-08-31,,https://blog.naver.com/prime201
2023-08-31,"'생생정보' 서울 성수동 한우보양전골 맛집 위치는? 영양솥밥-특곰탕 外 ""전참시 그 곳""",https://blog.naver.com/prime201/223198856274
2023-08-31,,https://blog.naver.com/wgsq176s
2023-08-31,"""서울 도심의 힐링 오아시스, '숨도'에서의 아름다운 하루""",https://blog.naver.com/wgsq176s/223198626858
2023-08-31,,https://blog.naver.com/nwccic1
2023-08-31,스탬프 꾹 찍으면 선물이 팡! 지하철 타고 떠나는 서울 여행,https://blog.naver.com/nwccic1/223198415075
2023-08-31,,https://blog.naver.com/go78qj05
2023-08-31,서울에서 펼쳐지는 다채로운 핫플레이스 여행,https://blog.naver.com/go78qj05/223198329680
2023-08-31,더현대서울에서 만난 소박하고 작은 아이돌 스테이씨 팝업스토어,https://blog.naver.com/gagamal740718/223198269499
2023-09-01,,https://blog.naver.com/kimmj0129
2023-09-01,"[블루성수] 성수 와인바 |성수동 소개팅하기 좋은 와인바, 성수 카이막 파는곳, 데이트 장소",https://blog.naver.com/kimmj0129/223199999083
2023-09-01,,https://blog.naver.com/acmejh91
2023-09-01,성수 데이트코스 코치 : 성시경 먹을텐데 야키토리 오마카세,https://blog.naver.com/acmejh91/223199845559
2023-09-01,,https://blog.naver.com/brand_power
2023-09-01,인싸들이 선택한 친환경 서울투어 함께해요! 또타 스탬프 투어,https://blog.naver.com/brand_power/223199668844
2023-09-01,,https://blog.naver.com/summerbreeze___
2023-09-01,"오스트리아(19) - 모차르트 생가, 게트라이데거리, 묀히스베르크 전망대, 잘츠부르크 야경",https://blog.naver.com/summerbreeze___/223199664206
2023-09-01,,https://blog.naver.com/myca05
2023-09-01,"성수동 지식산업센터 파브릭 드 모네 성수, 2023년 하반기 신규 공급예정, 성수역 3번출구 도보 7분대,",https://blog.naver.com/myca05/223199644627
2023-09-01,쉬가이아 클렌징밤 공구 9.4~9.6,https://blog.naver.com/seokminjoo/223199644039
2023-09-01,,https://blog.naver.com/dpapfkfem02
2023-09-01,교환학생의 독일 베를린 여행(Feat. 인생 첫 혼여행),https://blog.naver.com/dpapfkfem02/223199493834
2023-09-01,,https://blog.naver.com/family__life
2023-09-01,포르투갈 리스본 1일차 3만보 걷는 워킹투어 하고 느낀 리스보아,https://blog.naver.com/family__life/223198510319
2023-09-01,,https://blog.naver.com/88trading
2023-09-01,"성수맛집, 쌓인 스트레스를 한방에 날려주는 대취 ^^",https://blog.naver.com/88trading/223199355640
2023-09-01,,https://blog.naver.com/punk79ska
2023-09-01,"트리마제 시세, 전세, 매매, 평면도, 입지분석 총정리 : 성수동의 랜드마크!",https://blog.naver.com/punk79ska/223199284471
2023-09-01,,https://blog.naver.com/bp3z0tbb
2023-09-01,서울에서 만난 빛나는 보석같은 여행지들,https://blog.naver.com/bp3z0tbb/223199256951
2023-09-01,,https://blog.naver.com/rmflsdustjr
2023-09-01,분위기에 취하고 맛에 취하는 핫플 대취 성수맛집,https://blog.naver.com/rmflsdustjr/223199238494
2023-09-01,,https://blog.naver.com/apis0000
2023-09-01,성수맛집 대취 푸짐하고 특색있는 술집 맛집,https://blog.naver.com/apis0000/223199222016
2023-09-01,서울 성수동 서울숲 길 가볼만한곳 BTS 벤치 피크닉 장소 주차정보까지,https://blog.naver.com/amlee74/223199167589
2023-09-02,,https://blog.naver.com/mmmm-05
2023-09-02,"성수동 놀거리 디올 카페 예약 방법, 아더에러, 아모레 전시 한방에 구경하는 코스",https://blog.naver.com/mmmm-05/223200760525
2023-09-02,EQL GROVE 이큐엘 그로브 팝업스토어 성수동 편집샵 새로운 핫플레이스 등장,https://blog.naver.com/hambak88/223200751385
2023-09-02,,https://blog.naver.com/ojoojo7
2023-09-02,성수동 핫플레이스/대림창고/성수아더스페이스/성수디올/옹근달/푸드갤러리빈,https://blog.naver.com/ojoojo7/223200748317
2023-09-02,성수동 데이트코스로 추천하는 성수맛집 브리비트,https://blog.naver.com/ail22nn/223200729682
2023-09-02,,https://blog.naver.com/dinzzzin
2023-09-02,성동구 도시개발계획,https://blog.naver.com/dinzzzin/223200625143
2023-09-02,"[오늘의 여행 소식] 23.09.02 한 총리 ""추석 6일 연휴 국내여행 적기…어민들에도 큰 도움"" & '황금연휴' 특수에 여행업계 '화색'… ""고금리·가계대출 발목 잡을 수도""",https://blog.naver.com/032gms/223200560839
2023-09-02,성수핫플 데이트 놀거리로 좋은 주르데크레프,https://blog.naver.com/davi-kim/223194719784
2023-09-02,,https://blog.naver.com/interval11566
2023-09-02,차분한 식사 분위기 오마카세 오사이초밥 성수점 성수동 초밥,https://blog.naver.com/interval11566/223200352233
2023-09-02,,https://blog.naver.com/luckiestone
2023-09-02,성수역 카페 어니언 성수,https://blog.naver.com/luckiestone/223200240034
2023-09-02,,https://blog.naver.com/alike12070
2023-09-02,성수동데이트코스 성수동맛집 타코튜즈데이 성수점,https://blog.naver.com/alike12070/223200185719
2023-09-03,,https://blog.naver.com/mizzz2
2023-09-03,"성수 핫플레이스 뵈르뵈르 버터 아이스크림 맛집(메뉴,사이즈,가격,포장)",https://blog.naver.com/mizzz2/223201448742
2023-09-03,,https://blog.naver.com/raspberrycream
2023-09-03,성수동 데이트코스 파스타 맛집 연남토마 성수점,https://blog.naver.com/raspberrycream/223201441695
2023-09-03,,https://blog.naver.com/likeflower-
2023-09-03,(추천)_옥탑방 성수_요즘 서울 회사들은 워크샵을 어디서 해?,https://blog.naver.com/likeflower-/223201315789
2023-09-03,,https://blog.naver.com/moonz
2023-09-03,서울야경명소 서울숲 성수구름다리 수도박물관 옆 / 뚝섬유수지 공영주차장,https://blog.naver.com/moonz/223201294950
2023-09-03,,https://blog.naver.com/tyltyl_
2023-09-03,"메모(36W): 시간 비일관성, 싱가포르투자청(GIC), BCP, 스타벅스 리저널 랜드마크 스토어, 무인양품, 부영, 래미안 신반포팰리스 상가, 크래프톤, 신한리츠운용",https://blog.naver.com/tyltyl_/223201018762
2023-09-03,,https://blog.naver.com/only_hschoi
2023-09-03,성수동 카페 개방형 어니언 스타일,https://blog.naver.com/only_hschoi/223200797494
2023-09-03,,https://blog.naver.com/sye0219
2023-09-03,[교환일기/D+0~7] 출국부터 적응기까지,https://blog.naver.com/sye0219/223200903160
2023-09-03,,https://blog.naver.com/wlsdls6
2023-09-03,연인과 데이트 코스로 추천 차만다 서울숲점 서울숲맛집,https://blog.naver.com/wlsdls6/223200892462
2023-09-04,,https://blog.naver.com/wkdthwjd1825
2023-09-04,[성수동스테이크] 성수동 픽픽 | 성수동데이트코스 | 성수동맛집추천 | 성수동돼지고기전문점,https://blog.naver.com/wkdthwjd1825/223202493392
2023-09-04,,https://blog.naver.com/dda_nii
2023-09-04,서울숲데이트코스 맛집 [207다이닝] 성수동와인바,https://blog.naver.com/dda_nii/223202471597
2023-09-04,,https://blog.naver.com/damawary
2023-09-04,다락방 컨셉으로 아기자기한 분위기 데이트 코스 성수다락 성수맛집 이네요~,https://blog.naver.com/damawary/223202471225
2023-09-04,,https://blog.naver.com/dndsu2023
2023-09-04,성수동 맛집 프렌치 퓨전과 와인의 조화 살라댕템플,https://blog.naver.com/dndsu2023/223202444830
2023-09-04,,https://blog.naver.com/se7enkin
2023-09-04,[서울/송파] 송리단길맛집 데이트코스 송리단길퓨전일식 전문점,https://blog.naver.com/se7enkin/223202427167
2023-09-04,,https://blog.naver.com/couldyousendme
2023-09-04,[강원도 횡성 카페] 계곡을 품고 있는 횡성 커피집 주말 가족 나들이 추천 코스! 커피마나코하 크로플맛집!,https://blog.naver.com/couldyousendme/223202415739
2023-09-04,,https://blog.naver.com/lovelyhr_7
2023-09-04,서울 성수 아더 에러 스페이스 편집샵 데이트 코스,https://blog.naver.com/lovelyhr_7/223202302004
2023-09-04,,https://blog.naver.com/hihihi0426
2023-09-04,성수맛집 대취 다양한 안주 맛집,https://blog.naver.com/hihihi0426/223202051566
2023-09-04,부산여행 해운대 가볼만한곳 해리단길 주차장 구남로 광장 야경 놀거리 먹거리,https://blog.naver.com/zinizio/223202023700
2023-09-04,,https://blog.naver.com/daniel2128
2023-09-04,[또타서포터즈 7기] 2023 서울교통공사 모바일 스탬프 투어!,https://blog.naver.com/daniel2128/223201983542
2023-09-04,서울 여행 코스 경동시장 금성전파사 새로고침센터 핫플레이스 실내 데이트 가볼만한곳!,https://blog.naver.com/everlsk/223201800729
2023-09-04,,https://blog.naver.com/newsmeter
2023-09-04,"그랜드 조선 부산, 나만의 가을 여행 위한 ‘어텀 아카이빙 (Autumn Archiving)’ 패키지 출시",https://blog.naver.com/newsmeter/223201790582
2023-09-04,,https://blog.naver.com/drawingdora
2023-09-04,인사동 로카인뉴욕 LOCA in NEWYORK,https://blog.naver.com/drawingdora/223201730695
2023-09-04,,https://blog.naver.com/anjangram
2023-09-04,230904 안장 출근길 뉴스클리핑,https://blog.naver.com/anjangram/223201668116
2023-09-05,"서울산책하기좋은곳 서울숲 주차 요금, 9월 맥문동 꽃밭 거울연못, 바닥분수(feat.9월 가을하늘이 반가운 서울나들이)",https://blog.naver.com/buzzerrbeate/223203513106
2023-09-05,,https://blog.naver.com/onlyunilee
2023-09-05,성수동맛집 초이다이닝 성수 연어후토마끼 통베이컨 매콤크림파스타 초이 뼈 돈가스 후기,https://blog.naver.com/onlyunilee/223203504038
2023-09-05,,https://blog.naver.com/yipi1000
2023-09-05,2023년1월~6월 상반기 풍경 사진 모음.zip,https://blog.naver.com/yipi1000/223203479933
2023-09-05,,https://blog.naver.com/anotherdayofseon
2023-09-05,심야주택 / 범계술집추천 / 범계안주맛집,https://blog.naver.com/anotherdayofseon/223203446957
2023-09-05,,https://blog.naver.com/hang_in_there_
2023-09-05,8말9초,https://blog.naver.com/hang_in_there_/223203253320
2023-09-05,"성수동 노아 noah 베이커리와 무료전시 마인드맵 mind map. 이번주 성수 데이트장소, 필라히로 filahiro 팝업까지 챙겨가요",https://blog.naver.com/kgg8308/223203242595
2023-09-05,,https://blog.naver.com/lapter6
2023-09-05,"링크정보 힐스테이트 관악센트씨엘, 앞으로가 더 기대되는 단지외 49건 [09.05 17:41]",https://blog.naver.com/lapter6/223203204808
2023-09-05,,https://blog.naver.com/jhksdjasd
2023-09-05,성수 맛집 어디? 푸짐하고 다채로운 요쇼쿠 성수에서!,https://blog.naver.com/jhksdjasd/223203148278
2023-09-05,,https://blog.naver.com/juuu414
2023-09-05,"[강화도] 데이트 코스 추천 & 갈만한 곳 정리 ( 동막해변 노을, 조양방직 주차 정보, 동막해변 맛집 및 카페, 당일치기 )",https://blog.naver.com/juuu414/223203040448
2023-09-05,,https://blog.naver.com/yongyong009
2023-09-05,"성수 맛집 호보식당 성수직영점, 마늘갈비의 향연",https://blog.naver.com/yongyong009/223202919838
2023-09-05,,https://blog.naver.com/lxxhxxming
2023-09-05,성수구름다리 서울숲 근처 노을명소,https://blog.naver.com/lxxhxxming/223202916658
2023-09-05,,https://blog.naver.com/nurikim92
2023-09-05,성수동초밥 스시도쿠 더성수 : 서울숲맛집 데이트코스 추천,https://blog.naver.com/nurikim92/223202787154
2023-09-05,노모어피자 서울숲점 : 성수동 서울숲산책 후 맛있는 피자먹고 포동푸딩까지~,https://blog.naver.com/flofactory/223201471272
2023-09-05,,https://blog.naver.com/seoulilgi
2023-09-05,성수 서울숲 카페 웨스턴챕터 성수동 데이트 코스 고민 끝,https://blog.naver.com/seoulilgi/223202609603
2023-09-05,2030 성수 핫플명소 맛집 ♣대취에 다녀왔어요,https://blog.naver.com/kooyt2580/223202576043
2023-09-05,,https://blog.naver.com/edu-emri
2023-09-05,하롱베이 카페 투어,https://blog.naver.com/edu-emri/223202552503
2023-09-06,성수 데이트 코스 성수 술집 성수명당 메뉴 추천,https://blog.naver.com/hdbd9497/223204391017
2023-09-06,,https://blog.naver.com/edr0106
2023-09-06,성수맛집 대취 추천합니다~!,https://blog.naver.com/edr0106/223204328414
2023-09-06,,https://blog.naver.com/gihh1010
2023-09-06,성수맛집 추천 대취에서 꼭 먹어보세요,https://blog.naver.com/gihh1010/223204321602
2023-09-06,,https://blog.naver.com/jh__1206
2023-09-06,문래 빵지순례들 카페 필수코스인 러스트 베이커리 다녀온 후기,https://blog.naver.com/jh__1206/223204261373
2023-09-06,,https://blog.naver.com/ksy450691
2023-09-06,성수맛집 대취 한식 안주 기반의 요리주점,https://blog.naver.com/ksy450691/223204213710
2023-09-06,"[서울명소맛집투어62] 청량리 경동시장 서울약령시 지하 안동집. 흑백요리사 이모카세 1호님. 배추전, 부추전, 예천선배와 막걸리. 오늘도 최선을 다한다. 카르페디엠 아모르파티",https://blog.naver.com/andresoo/223204120005
2023-09-06,링크정보 2024년 수능 디데이 일정 및 정보외 33건 [09.06 14:31],https://blog.naver.com/lapter6/223203986680
2023-09-06,,https://blog.naver.com/smile085
2023-09-06,"성수역 가볼만한 곳 : LCDC, heythey(헤이데이), 서울숲",https://blog.naver.com/smile085/223203956430
2023-09-06,,https://blog.naver.com/cherrylan01
2023-09-06,5살아이와 하와이 여행 힙한 플레이스 SALT At Our Kaka'ako,https://blog.naver.com/cherrylan01/223203939108
2023-09-06,,https://blog.naver.com/zzamong9
2023-09-06,인싸들이 선택한 친환경 서울투어! 2023 또타 스탬프 투어,https://blog.naver.com/zzamong9/223203735166
2023-09-06,2023. 9. 6. 패션 브리핑,https://blog.naver.com/fashon1/223203643482
2023-09-07,,https://blog.naver.com/sxznxx
2023-09-07,"Aug, 2023 | vol.1 《용산맛집도 가고 성수핫플도 구경하고 국중박 전시도 봤다.》",https://blog.naver.com/sxznxx/223205418332
2023-09-07,“이것만 봐도 데이트 코스 고수!” 서울 성수 맛집 BEST5,https://blog.naver.com/lymcall/223205352040
2023-09-07,서울숲 갤러리아포레 맛집 서울숲포도피자 성수동 데이트코스 추천,https://blog.naver.com/wkdgksk0605/223205195760
2023-09-07,,https://blog.naver.com/rjqpfk37
2023-09-07,성수동스테이크파스타맛집데이트코스추천! 오뜨로 성수,https://blog.naver.com/rjqpfk37/223205184355
2023-09-07,,https://blog.naver.com/giantfuture
2023-09-07,"산리단길 아세요? 노후 산단을 대개조 해서 제2의 성수, 판교가 된다",https://blog.naver.com/giantfuture/223205122897
2023-09-07,,https://blog.naver.com/qlql0010
2023-09-07,상수동 술집 서담해물 퀄리티 높은 해산물과 수육 데이트 코스로 최고,https://blog.naver.com/qlql0010/223204968971
2023-09-07,,https://blog.naver.com/eunicemin
2023-09-07,대가들의 작품들이 디올 백으로 변신 - LADY DIOR CELEBRATION 전 @디올 성수,https://blog.naver.com/eunicemin/223204751324
2023-09-07,,https://blog.naver.com/minam_-
2023-09-07,일 똑같은 맛집이 지겹다면 가봐야할 성수동 데이트 코스 서울숲포도피자,https://blog.naver.com/minam_-/223204610224
2023-09-07,2023. 9. 7. 패션 브리핑,https://blog.naver.com/fashon1/223204607771
2023-09-07,,https://blog.naver.com/blairnana_
2023-09-07,"아기와제주 Part21, (제주풀베개, 사계해변,명호마농갈비)",https://blog.naver.com/blairnana_/223204594703
2023-09-07,9월 서울 놀거리 성수 놀거리 카카오페이 팝업스토어 총정리,https://blog.naver.com/bravoeun/223194628979
2023-09-08,,https://blog.naver.com/zzoon831
2023-09-08,성수연방- 띵굴스토어(띵굴마켓) 성수동 가볼만한 곳 성수동 데이트 코스 성수동소품샵 띵굴스토어 성수점,https://blog.naver.com/zzoon831/223206354127
2023-09-08,,https://blog.naver.com/minderella55
2023-09-08,"성수동 카페 거리, 서울숲 근처 스케치 ‘하노이102’ ‘테디스 오븐’",https://blog.naver.com/minderella55/223206329390
2023-09-08,,https://blog.naver.com/x3vgmavw
2023-09-08,"성수동맛집 사위식당 성수점, 어머니와 아버지와 함께한 특별한 날",https://blog.naver.com/x3vgmavw/223206272632
2023-09-08,,https://blog.naver.com/kmr3659
2023-09-08,정선화암동굴 여행 필수코스 리얼월드 야외방탈출 도전해 보자,https://blog.naver.com/kmr3659/223205999486
2023-09-08,,https://blog.naver.com/playyul
2023-09-08,웨스턴챕터 : 서울숲 디저트 베이글인척하는 치즈케이크 성수동 카페,https://blog.naver.com/playyul/223205996862
2023-09-08,,https://blog.naver.com/naava_kr
2023-09-08,가을맞이 가볼 만한 곳 수목원 추천 BEST 5 (feat.나아바 직원 추천),https://blog.naver.com/naava_kr/223205781454
2023-09-09,,https://blog.naver.com/jessie1580
2023-09-09,"스위스, 독일 ep. 3 (이젤발트, 루체른, 취리히, 하이델베르크)",https://blog.naver.com/jessie1580/223207065710
2023-09-09,,https://blog.naver.com/polargompang2
2023-09-09,서울 로맨틱한 데이트 장소 추천/서울숲,https://blog.naver.com/polargompang2/223207013037
2023-09-09,,https://blog.naver.com/paju_meow
2023-09-09,성수맛집 성수 브리비트 스테이크맛집 데이트코스 추천,https://blog.naver.com/paju_meow/223207003534
2023-09-09,,https://blog.naver.com/qkrgus0096
2023-09-09,[감자씨][강릉 당일치기] J의 계획을 곁들인 원주에서 강릉으로 당일치기 데이트 코스.,https://blog.naver.com/qkrgus0096/223207000965
2023-09-09,,https://blog.naver.com/king6704
2023-09-09,"놀면뭐하니 놀뭐대행 주식회사, 완벽한 새로운 해석",https://blog.naver.com/king6704/223206934469
2023-09-09,,https://blog.naver.com/tour_with_taekong
2023-09-09,서울 3박 4일 여행 데이트코스 일정 추천,https://blog.naver.com/tour_with_taekong/223206930016
2023-09-09,,https://blog.naver.com/ydjobab
2023-09-09,성수동 조용한 신상카페 팬톤클래식 데이트코스로 추천,https://blog.naver.com/ydjobab/223206880832
2023-09-09,놀뭐대행주식회사 썸녀와 서울데이트코스 베테랑팀 남산 여의도 한강 종로 명동 레트로 경양식 집 덕수궁 돌담길 뽀시래기팀 코인노래방 놀면뭐하니 200회 촬영지 어디,https://blog.naver.com/hhwjh/223206821691
2023-09-09,,https://blog.naver.com/jonghwan1218
2023-09-09,피자도 맛있는 분위기좋은 성수동 레스토랑 노비아 에 노비오,https://blog.naver.com/jonghwan1218/223206493303
2023-09-09,,https://blog.naver.com/dytjqdk15
2023-09-09,"[화화담 성수] 성수데이트코스 추천, 쌀국수 찐맛집 ෆ",https://blog.naver.com/dytjqdk15/223206766348
2023-09-09,,https://blog.naver.com/fallua56
2023-09-09,서울숲 튤립: 아름다운 꽃들로 가득한 서울 꽃구경 명소,https://blog.naver.com/fallua56/223206299590
2023-09-09,,https://blog.naver.com/pinkdolphin_o0
2023-09-09,"북서울꿈의숲 데이트 코스 장위동 맛집 온량, 대표메뉴 주차정보",https://blog.naver.com/pinkdolphin_o0/223206711373
2023-09-09,재즈는 잘 팔리는 문화 컨탠츠가 아닙니다,https://blog.naver.com/yeol238/223206659673
2023-09-10,,https://blog.naver.com/dudwl40929
2023-09-10,강원도여행 강원관광재단과 함께하는 삼척 해상케이블카 야외방탈출,https://blog.naver.com/dudwl40929/223207755736
2023-09-10,,https://blog.naver.com/collecting_kisses_
2023-09-10,이번주말에 다녀온 따끈따끈한 신상 플레이스 #성수살라댕템플 #살라댕템플 #성수핫플레이스 #무라카미하루키팝업 #앙리마티스전시 #호우주의보,https://blog.naver.com/collecting_kisses_/223207751282
2023-09-10,,https://blog.naver.com/moonjh6735
2023-09-10,강원도여행 삼척놀거리 삼척 해상케이블카 야외방탈출,https://blog.naver.com/moonjh6735/223207558204
2023-09-10,성수 데이트 코스 분위기 좋은 맛집 스시도쿠 더성수,https://blog.naver.com/nicenet/223207546695
2023-09-10,,https://blog.naver.com/3is2short
2023-09-10,성수동 데이트 코스 지우관 대만식 요리와 홍콩식 딤섬 맛집,https://blog.naver.com/3is2short/223207543615
2023-09-10,,https://blog.naver.com/wsxedc7447
2023-09-10,서울 뚝섬 한강공원 능소화 명소 포토존 위치,https://blog.naver.com/wsxedc7447/223207496073
2023-09-10,,https://blog.naver.com/bellaluna_
2023-09-10,서울 어니언 성수 외국인관광명소가 된 성수동핫플 카페,https://blog.naver.com/bellaluna_/223207348662
2023-09-10,성수 새로 팝업스토어 <새로 02-57 동굴> 데이트 코스 추천,https://blog.naver.com/darkyoon85/223206919898
2023-09-10,,https://blog.naver.com/dreamzz00
2023-09-10,"‘두옥 카페’, 인스타그램 핫한 플레이스로 자리매김",https://blog.naver.com/dreamzz00/223207207994
2023-09-10,,https://blog.naver.com/hellomilo
2023-09-10,저녁노을 명소 노들섬 그리고 문래동 데이트,https://blog.naver.com/hellomilo/223207136764
2023-09-10,,https://blog.naver.com/cbohcoe6957
2023-09-10,"성수동 호텔, 직접 찾아가 보았습니다.",https://blog.naver.com/cbohcoe6957/223207117108
2023-09-10,,https://blog.naver.com/dbsdpals
2023-09-10,핫한 분위기 2030들의 핫플 명소 대취 성수맛집,https://blog.naver.com/dbsdpals/223207088467
2023-09-11,,https://blog.naver.com/brad-ha
2023-09-11,성수맛집 헬렐레,https://blog.naver.com/brad-ha/223208823232
2023-09-11,성수동 핫플레이스 분위기좋은 맛집 헬렐레,https://blog.naver.com/dleksql101807/223208791657
2023-09-11,,https://blog.naver.com/one220204
2023-09-11,넘 맛있는 성수맛집 헬렐레,https://blog.naver.com/one220204/223208784009
2023-09-11,,https://blog.naver.com/jyjyjjyy
2023-09-11,"성수동 데이트 장소로 추천하는 뚝다이닝 (막창 전골, 껍데기 후기)",https://blog.naver.com/jyjyjjyy/223208762810
2023-09-11,,https://blog.naver.com/happysong-271
2023-09-11,성수맛집 2030들의 핫플 헬렐레,https://blog.naver.com/happysong-271/223208595983
2023-09-11,,https://blog.naver.com/wishsb77
2023-09-11,"""성수맛집 분위기 좋은 술집에서 즐기는 다양한 안주와 하이볼, 헬렐레""",https://blog.naver.com/wishsb77/223208593618
2023-09-11,,https://blog.naver.com/66happy21
2023-09-11,인생사진 남길 수 있는 성수셀프사진관 포토그래피 성수핫플레이스 추천해요,https://blog.naver.com/66happy21/223208566906
2023-09-11,,https://blog.naver.com/eno27
2023-09-11,"조명디자인 074_럭셔리 카페 조명, 성수 바이러닉",https://blog.naver.com/eno27/223208441468
2023-09-11,,https://blog.naver.com/leecocacola2
2023-09-11,당산역 skv1 영등포 지식산업센터 분양공급,https://blog.naver.com/leecocacola2/223208253546
2023-09-11,,https://blog.naver.com/stella528
2023-09-11,"동에 번쩍 서에 번쩍, 내가 바로 송길동!!!",https://blog.naver.com/stella528/223208129825
2023-09-11,,https://blog.naver.com/aaem8b8c15
2023-09-11,사위식당 성수점 성수동맛집으로 유명한 명소 중 하나에요,https://blog.naver.com/aaem8b8c15/223208125436
2023-09-11,2023년09월11일 전국 법인사업자 디비 1514건,https://blog.naver.com/ozec-i7dv31lyk6d71/223208043824
2023-09-11,,https://blog.naver.com/buyshu
2023-09-11,[인왕산야경] - 인왕산 왕초보 코스 #등산 #트래킹 #야경 #노을맛집 #노을,https://blog.naver.com/buyshu/223208033204
2023-09-11,링크정보 영상 촬영 맡겨 주실 분?외 40건 [09.11 08:22],https://blog.naver.com/lapter6/223207976031
2023-09-11,,https://blog.naver.com/wkatnv
2023-09-11,"성수역 맛집 | 서울숲 맛집추천 성수동데이트 코스 뚝섬역스시 추천 , 스시도쿠 더성수",https://blog.naver.com/wkatnv/223207848043
2023-09-11,,https://blog.naver.com/yeji9012
2023-09-11,서울 성수동 가볼만한곳 서울숲 나들이 데이트 산책코스,https://blog.naver.com/yeji9012/223207940166
2023-09-11,,https://blog.naver.com/kim_train
2023-09-11,성수동2030핫플명소 안주찐맛집 대취 성수맛집 소개합니다,https://blog.naver.com/kim_train/223207869093
2023-09-12,,https://blog.naver.com/ss6267
2023-09-12,성수 방탈출 <리얼월드성수>::어디로든 버스[강원행]팝업 + unlocky!,https://blog.naver.com/ss6267/223209825109
2023-09-12,,https://blog.naver.com/juunlee
2023-09-12,종로3가 익선동 │ 기러기둥지 익선 │ 분위기 있는 와인바 완전 데이트 코스네..,https://blog.naver.com/juunlee/223209793077
2023-09-12,,https://blog.naver.com/hahahaha2426
2023-09-12,파리 여행 2일차 (루브르 박물관 예약 노트르담성당 파리시청사 마레지구 에펠타워 포토스팟 루브르 야경),https://blog.naver.com/hahahaha2426/223209537801
2023-09-12,,https://blog.naver.com/thebloon1819
2023-09-12,주말에 가기 좋은 가을에 꼭 가야하는 사진찍기 좋은 서울 공원 3곳,https://blog.naver.com/thebloon1819/223209344128
2023-09-12,,https://blog.naver.com/writer_yura
2023-09-12,"[뚝섬역] 아는 사람들은 이미 다 아는, 찐 서울숲 맛집 '민정식당 서울숲 직영점' 추천 후기",https://blog.naver.com/writer_yura/223209319460
2023-09-12,"성수맛집 , 가성비좋고 푸짐한 다양한 안주들 헬렐레",https://blog.naver.com/haaq2685/223209205888
2023-09-12,,https://blog.naver.com/m_125
2023-09-12,성수 퓨전 한식 와인바 도믹스 데이트코스 추천,https://blog.naver.com/m_125/223209097746
2023-09-12,,https://blog.naver.com/kvbw5wwh
2023-09-12,성수동맛집 사위식당 성수점에서 만나는 목사님과 장로님의 멋진 대화,https://blog.naver.com/kvbw5wwh/223209066990
2023-09-12,,https://blog.naver.com/enll65jy
2023-09-12,"성수동맛집 '사위식당 성수점', 고모와 함께 인스타 명소에서 특별한 시간",https://blog.naver.com/enll65jy/223209025105
2023-09-12,,https://blog.naver.com/skfskf0827
2023-09-12,"[성수/성수역] 성수에서 데이트 - 주차장과 주차비, 구경하는 코스 메인거리, 피치스도원 스포츠카 체험",https://blog.naver.com/skfskf0827/223208431634
2023-09-12,,https://blog.naver.com/uk21011
2023-09-12,성수맛집 헬렐레 모임 장소로 너무 좋아요.,https://blog.naver.com/uk21011/223208906170
2023-09-12,,https://blog.naver.com/jinj3k
2023-09-12,성수맛집 추천 헬렐레,https://blog.naver.com/jinj3k/223208898966
2023-09-12,,https://blog.naver.com/parkmin1223
2023-09-12,또 가고 싶은 헬렐레 성수맛집,https://blog.naver.com/parkmin1223/223208878266
2023-09-13,,https://blog.naver.com/dla756
2023-09-13,[서울/성수동]서울숲 루프탑 펍 숨은 맛집 #에디슨바이댄,https://blog.naver.com/dla756/223210787321
2023-09-13,"[오늘의 여행 소식] 23.09.13 해외여행 떠나고 손주 키우느라…은퇴 후 큰돈 쓰는 장노년층 & ""올해 추석엔 여행보다 고향 찾거나 '집콕'한다"" & 경주 여행 '스마트해진다",https://blog.naver.com/032gms/223210563557
2023-09-13,,https://blog.naver.com/4ifgm7kb
2023-09-13,"성수동 브랜딩의 매력: ABC 브랜딩, XYZ 디자인, DEF 브랜드",https://blog.naver.com/4ifgm7kb/223210379525
2023-09-13,,https://blog.naver.com/cf0dy5fh
2023-09-13,"""성수동의 브랜딩을 위한 디자이너를 찾아봅니다: 성공을 위한 핵심 요소들""",https://blog.naver.com/cf0dy5fh/223210373805
2023-09-13,,https://blog.naver.com/ksk2052_
2023-09-13,부우이 서울숲 맛집은서울숲과 성수동의 경치를 한눈에 볼수있는곳이에요,https://blog.naver.com/ksk2052_/223210343637
2023-09-13,"성수동데이트 : 분위기 좋은 뚝섬와인바, 문화공간 성수",https://blog.naver.com/yoou__me_/223210327304
2023-09-13,,https://blog.naver.com/dkny1245
2023-09-13,성수동맛집ㅣ데이트 장소로 좋은 진작다이닝,https://blog.naver.com/dkny1245/223210303046
2023-09-13,,https://blog.naver.com/slsksh77
2023-09-13,"[여수동백]-여수 삼겹살 맛집-여수 동백 여수 고기 맛집, 여수 수산시장 맛집, 여수 로컬 맛집",https://blog.naver.com/slsksh77/223210301797
2023-09-13,,https://blog.naver.com/rvrknudy
2023-09-13,"성수동맛집 사위식당 성수점, 애들과 함께 물놀이 후 명소로!",https://blog.naver.com/rvrknudy/223210243497
2023-09-13,,https://blog.naver.com/fanypink82
2023-09-13,성수 핫플 스케줄 성수 강추! 분위기 좋은 데이트 코스로 추천! (분위기 깡패),https://blog.naver.com/fanypink82/223209720869
2023-09-13,,https://blog.naver.com/lovesj1208
2023-09-13,성수 놀거리::성수동 공간 와디즈 팝업 스토어:서울 아이와 가볼만한 곳 . 실내 데이트 코스 추천,https://blog.naver.com/lovesj1208/223210025031
2023-09-13,,https://blog.naver.com/moong2296
2023-09-13,성수맛집 인생샷 포토존에 맛있는 다양한메뉴에 술자리 헬렐레,https://blog.naver.com/moong2296/223209999431
2023-09-13,[홍대/연남/여의도] 홍대 서울 놀거리 볼거리 갈거리 (더현대 디즈니),https://blog.naver.com/ssamfresh/223209972144
2023-09-13,,https://blog.naver.com/mjinchul1
2023-09-13,성수 노포 찐짜솥뚜껑삼겹살갈비 삼겹살은 안팔지만 부대찌개 맛집,https://blog.naver.com/mjinchul1/223202280195
2023-09-13,,https://blog.naver.com/codean345
2023-09-13,성수맛집 양도 많고 가성비 최고인 헬렐레,https://blog.naver.com/codean345/223209927507
2023-09-13,,https://blog.naver.com/jinjinjin7579
2023-09-13,헬렐레 성수맛집 핫플레이스,https://blog.naver.com/jinjinjin7579/223209915297
2023-09-13,,https://blog.naver.com/chaeeun012929
2023-09-13,성수동파스타 데이트코스로 좋은 파스타 리조또 맛집 하이앤리틀,https://blog.naver.com/chaeeun012929/223209913241
2023-09-13,,https://blog.naver.com/seule_e_
2023-09-13,8월 일기,https://blog.naver.com/seule_e_/223209850379
2023-09-14,,https://blog.naver.com/lkjhgaehvnejjsehwoho
2023-09-14,다양한 평화시장 외관 리모델링 구상안,https://blog.naver.com/lkjhgaehvnejjsehwoho/223211759366
2023-09-14,성수맛집 핫플 데이트코스 추천 초이다이닝성수점,https://blog.naver.com/paju_meow/223211723462
2023-09-14,,https://blog.naver.com/yja27
2023-09-14,성수맛집 분위기 좋은 헬렐레,https://blog.naver.com/yja27/223211047436
2023-09-14,,https://blog.naver.com/gopheritclarisa
2023-09-14,/ 인생이라는 무대 위에서,https://blog.naver.com/gopheritclarisa/223210975906
2023-09-14,,https://blog.naver.com/tjsdhr5254
2023-09-14,MZ세대의 핫플 헬렐레 성수맛집,https://blog.naver.com/tjsdhr5254/223210968411
2023-09-14,,https://blog.naver.com/kek0796
2023-09-14,주변이 조용하고 분위기가 좋은 헬렐레 성수맛집,https://blog.naver.com/kek0796/223210953783
2023-09-14,성수동 최신핫플 `살라댕템플` `레인리포트` 글로우서울 맛집카페 예약 주차,https://blog.naver.com/wodmsje/223210937725
2023-09-14,,https://blog.naver.com/thgus6014
2023-09-14,성수 콰티 X 밀리밀리 팝업스토어 성수핫플 인생샷 방문후기,https://blog.naver.com/thgus6014/223210896227
2023-09-14,,https://blog.naver.com/duswjd5105
2023-09-14,헬렐레 안주 순삭 당하는 성수맛집,https://blog.naver.com/duswjd5105/223210865476
2023-09-15,,https://blog.naver.com/ilouujsli
2023-09-15,거제 핫플 진정성이 느껴지는 커피를 맛보고싶다면 옥포 브라운필드로,https://blog.naver.com/ilouujsli/223212712512
2023-09-15,성수 데이트 코스 힙한 분위기의 스시도쿠 더성수,https://blog.naver.com/jinidag/223212707168
2023-09-15,성수 와인바 뱅글 / 성수 핫플 데이트 코스,https://blog.naver.com/belief87/223212679211
2023-09-15,,https://blog.naver.com/sd362oaq
2023-09-15,건대 가족모임 예담밥상 동네 명소로 인정받는 품격 있는 한식 맛집 소개요 ㅎㅎ,https://blog.naver.com/sd362oaq/223212474501
2023-09-15,"한강뷰 노을+야경 포토존, 서울숲 남단 성수대교 전망대 가을 주말 데이트 코스",https://blog.naver.com/andro3467/223212435421
2023-09-15,,https://blog.naver.com/hpc_branding
2023-09-15,"반가운 계절, 가을에 즐기는 < 9월 서울 팝업스토어 모음 Zip. >",https://blog.naver.com/hpc_branding/223212398015
2023-09-15,,https://blog.naver.com/jjooahn27
2023-09-15,성수 데이트코스 성수연방 맛집 성수동 피자 맛있다.,https://blog.naver.com/jjooahn27/223212202275
2023-09-15,,https://blog.naver.com/travelwishbeen
2023-09-15,요즘 핫한! 배 타고 들어가는 식당·카페 2곳,https://blog.naver.com/travelwishbeen/223212182974
2023-09-15,,https://blog.naver.com/goodi23
2023-09-15,성수 맛집 회식 장소 추천 헬렐레!,https://blog.naver.com/goodi23/223212122060
2023-09-15,,https://blog.naver.com/sedong321
2023-09-15,"[23.07.08~15] 런던 3일 차(애비로드, 러프트레이드이스트, ABBA ARENA)",https://blog.naver.com/sedong321/223212111893
2023-09-15,,https://blog.naver.com/assa474902
2023-09-15,부자의지도 ㅡ 다시쓰는 택리지 : 서울 영등포구,https://blog.naver.com/assa474902/223212080693
2023-09-15,,https://blog.naver.com/phy404
2023-09-15,"남산둘레길, N서울타워 전통문화 무료공연(사물놀이, 전통무예) 한양도성 유적전시관",https://blog.naver.com/phy404/223212056954
2023-09-15,,https://blog.naver.com/bje1250
2023-09-15,서울숲 카페투어/ 성수 디저트 찐맛집/ 뚝섬 카페추천/ 성수동 데이트코스추천/ 테디스오븐,https://blog.naver.com/bje1250/223212029899
2023-09-15,성수맛집 헬렐레 힙한분위기 속에 진하게 나는 술맛,https://blog.naver.com/zoou2_u/223212002412
2023-09-15,"[오늘의 맛집 소식] 23.09.15 ""독특·반가운 영화""…송강호·'투수정'까지, 개성 맛집 '거미집'(종합) & ""전국 맛집 메뉴를 추석 선물로"" 현대百, 이색 선물세트 선봬",https://blog.naver.com/032gms/223211993499
2023-09-15,,https://blog.naver.com/louismom
2023-09-15,시애틀 명소 아마존 본사 더 스피어스 The Spheres + 시애틀 맛집 스피어스 레스토랑 Willmott's Ghost,https://blog.naver.com/louismom/223211988157
2023-09-15,,https://blog.naver.com/soocess
2023-09-15,[성수동] 서울의 방콕 살라댕템플 평일 웨이팅 내돈내산 후기,https://blog.naver.com/soocess/223211961418
2023-09-15,성수맛집 추천 헬렐레에서 먹어보세요,https://blog.naver.com/gihh1010/223211920068
2023-09-15,,https://blog.naver.com/kjinie98
2023-09-15,[치앙마이 마지막날] 브루기닝커피 더티라떼 망고스티키라이스 센스마사지 밀리릿카페 카오카무 맛집 호텔 칵테일바,https://blog.naver.com/kjinie98/223211834895
2023-09-16,,https://blog.naver.com/zvx9ac39
2023-09-16,"성수 맛집 요쇼쿠 성수, 일본 요리의 아름다운 변신!",https://blog.naver.com/zvx9ac39/223213391321
2023-09-16,,https://blog.naver.com/hussey89
2023-09-16,#오늘의경제기사 <230916>,https://blog.naver.com/hussey89/223213317261
2023-09-16,,https://blog.naver.com/didtndudwn13
2023-09-16,[성수] 콰티X밀리밀리 팝업 스토어 | 서울 가볼만한 곳 !,https://blog.naver.com/didtndudwn13/223213227870
2023-09-16,,https://blog.naver.com/lifeisonce_
2023-09-16,성수맛집 성수동 파스타 맛집 데이트코스 - 성수다락,https://blog.naver.com/lifeisonce_/223213225156
2023-09-16,,https://blog.naver.com/zqeeqbbt
2023-09-16,성수동 맛집 헤비스테이크 성수점 아직 안 가신 분들을 위한 맛집 추천추천!,https://blog.naver.com/zqeeqbbt/223213224290
2023-09-16,,https://blog.naver.com/mwuk0728
2023-09-16,성수맛집 헬렐레 성수동 2030 핫플 명소 포토존 맛집,https://blog.naver.com/mwuk0728/223213118250
2023-09-16,서울 여행 코스 성수 lcdc 소품샵 방문 후기,https://blog.naver.com/mindcafe77/223213093582
2023-09-16,,https://blog.naver.com/sboman
2023-09-16,제주 어린이들의 서울 나들이에서 본 매력적인 서울 여행지,https://blog.naver.com/sboman/223213066893
2023-09-16,,https://blog.naver.com/hy222559
2023-09-16,"2030 핫플명소 헬렐레, 성수맛집이에요",https://blog.naver.com/hy222559/223213032501
2023-09-16,,https://blog.naver.com/ooowhjooo
2023-09-16,[체크인 챌린지] 성수 데이트 코스 추천 :: 성수역 카페 러프러프 / 자연도 소금빵 in 성수 / 더필름 투명필름 인생네컷 (내돈내산),https://blog.naver.com/ooowhjooo/223212959230
2023-09-16,,https://blog.naver.com/sw1023123
2023-09-16,소개팅 데이트코스 성수맛집 성수다락,https://blog.naver.com/sw1023123/223209767197
2023-09-16,,https://blog.naver.com/ggulunni
2023-09-16,디올 성수 팝업스토어 데이트코스 핫플 레이디 디올 전시회,https://blog.naver.com/ggulunni/223212777605
2023-09-16,"[강릉 원데이클래스] 강릉 여행코스를 만족하게 해준 강릉 향수공방, 메이드인유",https://blog.naver.com/cpath/223212863450
2023-09-16,,https://blog.naver.com/hyevely_u
2023-09-16,일본 오사카 4박5일 여행 일정 / 여행코스 / 가볼만한 곳 정리,https://blog.naver.com/hyevely_u/223212790368
2023-09-16,,https://blog.naver.com/whatchadoing
2023-09-16,[중국여행/북경] 공장이 사라지고 갤러리와 상점이 자리 잡은 예술과 동심의 거리 798 예술구,https://blog.naver.com/whatchadoing/223212787809
2023-09-16,"성수동 볼거리/ 넷플릭스 스페셜 팝업스토어 ""너의 시간 속으로""",https://blog.naver.com/gagamal740718/223212657354
2023-09-16,,https://blog.naver.com/srpz9837
2023-09-16,성수역놀거리 이것으로 해결,https://blog.naver.com/srpz9837/223212750689
2023-09-17,,https://blog.naver.com/jisoo831
2023-09-17,[성수동 팝업스토어 9월] 새로 02-57 팝업 끝나기 전 무조건 가봐야할 성수 데이트 코스 추천,https://blog.naver.com/jisoo831/223214168206
2023-09-17,,https://blog.naver.com/kbomb2000
2023-09-17,D+8. 230917. 희생.,https://blog.naver.com/kbomb2000/223214005070
2023-09-17,성수 데이트 코스 스시도쿠 더성수 - 신선한 초밥이 있는 성수맛집 추천,https://blog.naver.com/maroyuki/223213789712
2023-09-17,,https://blog.naver.com/didmskang325
2023-09-17,성수 핫플술집 헬렐레,https://blog.naver.com/didmskang325/223213747893
2023-09-17,,https://blog.naver.com/elise0405
2023-09-17,언제나여름,https://blog.naver.com/elise0405/223213661570
2023-09-17,,https://blog.naver.com/ehdrka2002
2023-09-17,성수 맛집 추천 스시도쿠 더성수 데이트 코스로 딱 좋아요,https://blog.naver.com/ehdrka2002/223213641626
2023-09-17,,https://blog.naver.com/kimjm1688
2023-09-17,I SEOUL U,https://blog.naver.com/kimjm1688/223213607236
2023-09-17,,https://blog.naver.com/lala_lala_____
2023-09-17,비주얼 보고 반하지 않을 수 없는 성수동 맛집 서울숲 포도피자,https://blog.naver.com/lala_lala_____/223213578113
2023-09-18,,https://blog.naver.com/qoqjffo
2023-09-18,강남 틴틴 강남역 신논현 역 주변 모임장소 추천 파스타 피자 스테이크 양식 맛집 청첩장 모임 장소 추천,https://blog.naver.com/qoqjffo/223215239094
2023-09-18,,https://blog.naver.com/ukuksu
2023-09-18,김포 현지인 맛집 컨텍스트카페,https://blog.naver.com/ukuksu/223215159843
2023-09-18,,https://blog.naver.com/dldmsrud5310
2023-09-18,[성수 팝업스토어] 리얼월드 : <어디로든 버스 강원행> 방문 후기 (리유저블컵 증정 및 다양한 추첨 상품),https://blog.naver.com/dldmsrud5310/223214998243
2023-09-18,,https://blog.naver.com/gmh9050
2023-09-18,성수동 파스타 트러플파스타까지 있어서 고급스러운 맛이 한층 업그레이드되었던 타이거풀,https://blog.naver.com/gmh9050/223214733179
2023-09-18,,https://blog.naver.com/dream777_1
2023-09-18,헬렐레 성수맛집 가볼만한 곳,https://blog.naver.com/dream777_1/223214646122
2023-09-18,,https://blog.naver.com/dccd486
2023-09-18,추천합니다. 헬렐레 성수맛집,https://blog.naver.com/dccd486/223214638227
2023-09-18,,https://blog.naver.com/sunsoora33
2023-09-18,성수맛집 헬렐레 !먹으러와서 배채우고 갈 정도의 안주 맛집~~~,https://blog.naver.com/sunsoora33/223214528481
2023-09-18,,https://blog.naver.com/sung1501
2023-09-18,헬렐레 감각적인 인테리어 센스까지 갖춘 성수맛집,https://blog.naver.com/sung1501/223214491623
2023-09-18,,https://blog.naver.com/wealthmanagement
2023-09-18,‘핫’한 팝업스토어는 모두 여기! MZ세대 인기 끊이질 않는 ‘성수’,https://blog.naver.com/wealthmanagement/223780200453
2023-09-18,리얼월드 성수: 어디로든 버스 - 강원행,https://blog.naver.com/eunicemin/223214437586
2023-09-18,,https://blog.naver.com/duddjq4xla
2023-09-18,성수 핫플레이스 맛집 창업정보 1탄,https://blog.naver.com/duddjq4xla/223214337478
2023-09-18,뚝섬 카페 브라우터 프레첼이 맛있는 성수동 카페,https://blog.naver.com/yeji9012/223214324906
2023-09-19,,https://blog.naver.com/xdust
2023-09-19,성수동 초밥 맛집 서울숲데이트 명소 추천 : 스시도쿠 더성수,https://blog.naver.com/xdust/223216186118
2023-09-19,"링크정보 93화 ""드라바덴"" - 리뷰 만물상외 48건 [09.19 20:27]",https://blog.naver.com/lapter6/223216061608
2023-09-19,,https://blog.naver.com/lapter4
2023-09-19,"링크정보 애플워치 SE2 애플 가성비 스마트워치 추천 하는 애플워치SE 2세대 가격, 스펙외 39건 [09.19 20:17]",https://blog.naver.com/lapter4/223216053865
2023-09-19,,https://blog.naver.com/ahn8384
2023-09-19,"[JJUNG in 평택] 신사동 하루 여행 코스(청수당 갤러리, 아르켓 세일, 빈티지샵, 딥티크, 아더에러, 악세서리들)",https://blog.naver.com/ahn8384/223215739472
2023-09-19,,https://blog.naver.com/ppy2023
2023-09-19,성수맛집 2030 핫플 명소 헬렐레,https://blog.naver.com/ppy2023/223215732899
2023-09-19,,https://blog.naver.com/applechip05
2023-09-19,2023.9 서울숲 뽈로 파스타-시그니처 메뉴인 THICK 베이컨이 인상적인 성수동 데이트코스,https://blog.naver.com/applechip05/223215699833
2023-09-19,,https://blog.naver.com/sosoma0816
2023-09-19,성수맛집 친구들과 방문하기 좋은 헬렐레,https://blog.naver.com/sosoma0816/223215629222
2023-09-19,,https://blog.naver.com/punsung16
2023-09-19,헬렐레 성수맛집,https://blog.naver.com/punsung16/223215601609
2023-09-19,성수동 데이트코스 프레즐 브레디포스트 성수 편집샵 까지,https://blog.naver.com/zaawoo/223215512888
2023-09-19,성수맛집 헬렐레 성수동핫플레이스,https://blog.naver.com/jacqkey72/223215393980
2023-09-19,,https://blog.naver.com/dhs_5258
2023-09-19,분위기도 좋은데 안주 맛집인 헬렐레 성수맛집,https://blog.naver.com/dhs_5258/223215388296
2023-09-19,,https://blog.naver.com/risingsun_sty
2023-09-19,[송정동 건물 매매] 서울 꼬마빌딩 소액투자,https://blog.naver.com/risingsun_sty/223214592177
2023-09-19,부동산뉴스 230919 : 소형주택 소유자도 생애최초 특공 가능,https://blog.naver.com/toi300s/223215360264
2023-09-19,경제뉴스 230919 : 59조 역대 최대 세수 펑크,https://blog.naver.com/toi300s/223215359094
2023-09-19,,https://blog.naver.com/wait4you365
2023-09-19,"성수맛집 헬렐레 !조명과 노래, 감각적인 인테리어까지 센스있는 술집~",https://blog.naver.com/wait4you365/223215351538
2023-09-20,,https://blog.naver.com/silhou__ette
2023-09-20,서울시 재건축-강남구 압구정동,https://blog.naver.com/silhou__ette/223217134360
2023-09-20,,https://blog.naver.com/yunistar3
2023-09-20,[성동구] 하이앤리틀 : 성수동 파스타 맛집 데이트 코스 추천,https://blog.naver.com/yunistar3/223216984328
2023-09-20,,https://blog.naver.com/kr000907
2023-09-20,펜 드로잉으로 떠나보는 서울도시건축여행 _1강 _ 2023.9.19,https://blog.naver.com/kr000907/223216704793
2023-09-20,,https://blog.naver.com/moonssunwith
2023-09-20,성수맛집으로 유명한 헬렐레 소개해요,https://blog.naver.com/moonssunwith/223216626365
2023-09-20,,https://blog.naver.com/sweetspo17
2023-09-20,헬렐레 성수맛집,https://blog.naver.com/sweetspo17/223216579312
2023-09-20,,https://blog.naver.com/youjoo54111_
2023-09-20,성수 후토마끼 맛집 데이트코스 필수 초이다이닝,https://blog.naver.com/youjoo54111_/223216098143
2023-09-20,,https://blog.naver.com/snowflower365
2023-09-20,핫플레이스 성수동,https://blog.naver.com/snowflower365/223216486930
2023-09-20,,https://blog.naver.com/5fingers-artmusic
2023-09-20,헬렐레 성수맛집 힙하게 한잔!,https://blog.naver.com/5fingers-artmusic/223216484683
2023-09-20,,https://blog.naver.com/hnspa1119hnspa
2023-09-20,외국인 서울 관광 아직도 고민하고 있다면?꼭 보세요,https://blog.naver.com/hnspa1119hnspa/223215948464
2023-09-20,,https://blog.naver.com/qnrppwjddldi
2023-09-20,헬렐레 성수맛집 친구들과 단체모임으로 제격,https://blog.naver.com/qnrppwjddldi/223216450216
2023-09-20,,https://blog.naver.com/flainx7
2023-09-20,"반려견 동반 가을여행 떠나요, 서울근교 단풍명소 추천!",https://blog.naver.com/flainx7/223215431291
2023-09-20,성수동 가볼만한곳 서울 여행 서울숲 산책 코스,https://blog.naver.com/overroad89/223215099303
2023-09-21,,https://blog.naver.com/dearhye_
2023-09-21,뚝섬역 성수맛집 브리비트 데이트코스 추천 서울숲맛집,https://blog.naver.com/dearhye_/223218182378
2023-09-21,,https://blog.naver.com/lilac7030
2023-09-21,디올 성수 (23.06.30.),https://blog.naver.com/lilac7030/223218041535
2023-09-21,,https://blog.naver.com/noon326
2023-09-21,23'9월 첫째주_달아달아 밝은달아,https://blog.naver.com/noon326/223217771011
2023-09-21,,https://blog.naver.com/gooddaybooks
2023-09-21,독특한 인테리어로 감성을 자극하는 성수맛집 헬렐레 ^^,https://blog.naver.com/gooddaybooks/223217737719
2023-09-21,,https://blog.naver.com/adorabledora_
2023-09-21,[노다람의 뉴욕뉴욕]덤보에서 브룩클린브릿지 가는길/회전카메라로 추억 영상찍기,https://blog.naver.com/adorabledora_/223217700873
2023-09-21,,https://blog.naver.com/danbihips
2023-09-21,2023년 가을 단풍시기 및 서울 근교 수도권 단풍명소 (feat. 화담숲 예약 또 실패),https://blog.naver.com/danbihips/223217653632
2023-09-21,,https://blog.naver.com/chang-dsw1975
2023-09-21,성수동 호텔에 대한 방문자의 감상.,https://blog.naver.com/chang-dsw1975/223217587220
2023-09-21,"성수우동/ 스시도쿠 더성수, 서울숲 데이트코스로 최고",https://blog.naver.com/gagamal740718/223217357250
2023-09-21,,https://blog.naver.com/dusfkr77
2023-09-21,성수맛집 유명한 성수동 핫플 명소 안주맛집 대취,https://blog.naver.com/dusfkr77/223217378314
2023-09-22,,https://blog.naver.com/jhtranslate
2023-09-22,SPUR 2023년 11월호 인터뷰 번역,https://blog.naver.com/jhtranslate/223219047330
2023-09-22,,https://blog.naver.com/crazyha6u
2023-09-22,2023.09.22 금,https://blog.naver.com/crazyha6u/223218747751
2023-09-22,,https://blog.naver.com/specialcleaning-
2023-09-22,2023년 단풍시기 서울근교 수도권 명소 알아보자,https://blog.naver.com/specialcleaning-/223218218345
2023-09-22,,https://blog.naver.com/rui984
2023-09-22,성수맛집 2030핫플명소 헬렐레,https://blog.naver.com/rui984/223218602406
2023-09-22,,https://blog.naver.com/wldud100457
2023-09-22,23. 上半期,https://blog.naver.com/wldud100457/223218573006
2023-09-22,성수맛집 헬렐레 분위기도 힙한 안주 맛집,https://blog.naver.com/hihihi0426/223218540640
2023-09-22,,https://blog.naver.com/bloom_hwa
2023-09-22,성수맛집 센스만점 인테리어와 맛좋은 안주가 가득 헬렐레,https://blog.naver.com/bloom_hwa/223218528651
2023-09-22,,https://blog.naver.com/sojh00
2023-09-22,성수맛집 헬렐레,https://blog.naver.com/sojh00/223218465994
2023-09-22,,https://blog.naver.com/gkartina
2023-09-22,"[연합뉴스] [K스토리] 다양성과 독특함의 상징, 성수에서 열린 첫 아트페어",https://blog.naver.com/gkartina/223218458087
2023-09-22,성수 맛집 주차하기 편한 초밥맛집 회식 데이트코스 스시도쿠 더성수,https://blog.naver.com/gkdlfn4500/223218454451
2023-09-22,[로컬 성수] 크리에이티브 성수 X 리멤버로컬 | 원주민 추천 성수동 진짜 명소 8곳 알아보기!!,https://blog.naver.com/remember_local/223218447322
2023-09-22,,https://blog.naver.com/synabk
2023-09-22,비 아시아 관광객 늘고 젊어져,https://blog.naver.com/synabk/223218434030
2023-09-22,,https://blog.naver.com/ohorazoara
2023-09-22,"분위기 좋고, 인테리어센스도 뛰어난! 헬렐레 성수맛집",https://blog.naver.com/ohorazoara/223218339311
2023-09-22,"성수 핫플레이스/ 도구리짤줍전 팝업스토어, 퇴근장려 퍼포먼스",https://blog.naver.com/gagamal740718/223218316372
2023-09-23,,https://blog.naver.com/mrson5050
2023-09-23,[싱가폴+발리 허니문]싱가폴 트래블틴 호텔2박 +소피텔 럭셔리룸2박+원베드룸 풀빌라2박(6박8일)발리 신혼여행,https://blog.naver.com/mrson5050/223219527470
2023-09-23,크리에이티브 성수 | 주말 성수동 어디서 놀지 고민이라면! (서울 로컬 축제),https://blog.naver.com/remember_local/223219374897
2023-09-23,,https://blog.naver.com/ri2k99_95f2
2023-09-23,일산 서구 맞춤 정장 사르베토 일산점 핏과 라인 두가지를 한꺼번에,https://blog.naver.com/ri2k99_95f2/223219280569
2023-09-23,,https://blog.naver.com/lapter5
2023-09-23,링크정보 미성년자강제추행 처벌 혐의 무죄대응은외 42건 [09.23 00:22],https://blog.naver.com/lapter5/223219171851
2023-09-24,,https://blog.naver.com/cstnim
2023-09-24,서울숲데이트코스 차만다 서울숲점,https://blog.naver.com/cstnim/223220570318
2023-09-24,,https://blog.naver.com/cjm1696
2023-09-24,성수맛집 헬렐레 핫플로 인기있는 명소 추천해요,https://blog.naver.com/cjm1696/223220568545
2023-09-24,,https://blog.naver.com/dorgore3
2023-09-24,서울숲데이트코스 차만다 서울숲점,https://blog.naver.com/dorgore3/223220565638
2023-09-24,,https://blog.naver.com/chlchl52
2023-09-24,헬렐레 성수역 분위기 좋은 술집- 성수 맛집 헬렐레,https://blog.naver.com/chlchl52/223220521183
2023-09-24,,https://blog.naver.com/hoho600628
2023-09-24,성수맛집 헬렐레 방문한 후기 !,https://blog.naver.com/hoho600628/223220507098
2023-09-24,,https://blog.naver.com/younga402
2023-09-24,서울숲 맛집 차만다 서울숲점 들려요,https://blog.naver.com/younga402/223220502330
2023-09-24,,https://blog.naver.com/kiki8966
2023-09-24,성수데이트 추천 성수맛집 헬렐레,https://blog.naver.com/kiki8966/223220499798
2023-09-24,,https://blog.naver.com/lhjstaci
2023-09-24,미국 여행 - 브루클린 가야할 곳 / 덤보 / 브루클린 사진 맛집 / 라떼 맛집,https://blog.naver.com/lhjstaci/223220499014
2023-09-24,,https://blog.naver.com/eeh0073
2023-09-24,성수맛집/ 성수맛집 헬렐레/ 헬렐레 성수/ 성수데이트/ 헬렐레 데이트 성수,https://blog.naver.com/eeh0073/223220458549
2023-09-24,,https://blog.naver.com/rosepretty121416
2023-09-24,성수맛집 힙한 고급진 술집 헬렐레,https://blog.naver.com/rosepretty121416/223220418588
2023-09-24,추석 성수동 서울숲 놀거리 데이트 가을명소 서울 자전거 코스,https://blog.naver.com/homibike/223220382465
2023-09-24,아차산 용마산 등산 featuring 역대급 날씨,https://blog.naver.com/comet00007/223220300482
2023-09-24,,https://blog.naver.com/racial19840
2023-09-24,서울의 자연과 도시가 어우러진 아름다운 뚝섬한강공원,https://blog.naver.com/racial19840/223220288350
2023-09-24,,https://blog.naver.com/mhr615
2023-09-24,장소대여 맛집을 찾는다면 옥탑방성수를 서울 바베큐 파티룸 옥탑방성수로 추천해 드려요,https://blog.naver.com/mhr615/223220262082
2023-09-24,,https://blog.naver.com/faroad
2023-09-24,서울 가을여행지 성수동 서울숲 가을 풍경 벌개미취 노랑어리연 명소,https://blog.naver.com/faroad/223220252620
2023-09-24,헬렐레 가볼만한인기 장소 성수맛집,https://blog.naver.com/0114jusoun/223220249315
2023-09-24,,https://blog.naver.com/wnghdmsgh100
2023-09-24,요즘 서울에서 뜨는 상권이 어디야,https://blog.naver.com/wnghdmsgh100/223220222202
2023-09-24,"옥외광고의 뉴노멀, 팝업스토어 성수동이라는 매력적인 필드",https://blog.naver.com/signmunhwa95/223773497275
2023-09-24,,https://blog.naver.com/pin123456
2023-09-24,서울 데이트 장소 & 벚꽃 명소추천 | 서울숲,https://blog.naver.com/pin123456/223220150421
2023-09-24,,https://blog.naver.com/sjyhappy711114
2023-09-24,성수맛집) 성수에서 유명한 헬렐레로 오세요.,https://blog.naver.com/sjyhappy711114/223220123498
2023-09-24,[로컬 성수] 성수동 단풍 명소 추천! #송정길 #송정제방길,https://blog.naver.com/remember_local/223218479979
2023-09-25,tvN월화드라마 반짝이는워터멜론촬영지 메타세콰이어길 마을 학교 비바뮤직 달팽이하숙 책방 미국뉴욕 기차역 공연장 캠핑,https://blog.naver.com/hsc660312/223221568067
2023-09-25,,https://blog.naver.com/h48j07
2023-09-25,2023년 가을 단풍시기 및 단풍절정시기 서울 단풍명소 best 5,https://blog.naver.com/h48j07/223221547163
2023-09-25,,https://blog.naver.com/peseaello
2023-09-25,서울 성수데이트 코스 추천 도우소사이어티 후기 (ft. 서울숲와인바),https://blog.naver.com/peseaello/223221546689
2023-09-25,,https://blog.naver.com/shanghai_44
2023-09-25,【상사사✈️】 상하이 프랑스 조계지 여행코스 추천! 콜롬비아 써클-우캉루-티엔즈팡,https://blog.naver.com/shanghai_44/223221336832
2023-09-25,"쿠시먼앤드웨이크필드 코리아 - [아주경제]황점상 쿠시먼코리아 대표 ""부동산 투자자문 수요 증가...저출산, 비대면, ESG 등 시대적 변화는 기회""",https://blog.naver.com/cushwakekor/223221265178
2023-09-25,"성수맛집 , 여러가지 폭넓은 푸짐한 안주맛집 헬렐레",https://blog.naver.com/dbrtlqdlf871/223221206658
2023-09-25,,https://blog.naver.com/momalgi
2023-09-25,2023년 한화 서울세계불꽃축제 여의도 한강공원에서,https://blog.naver.com/momalgi/223220966128
2023-09-25,갓세븐 유겸 성수동 스테이지35성수 & 기안84 태안여행,https://blog.naver.com/miyampuzzy/223220931527
2023-09-25,,https://blog.naver.com/vjsoinfjimer
2023-09-25,이쁜카페 추천! 서울에서 가장 아름다운 카페 TOP 10,https://blog.naver.com/vjsoinfjimer/223220929468
2023-09-25,,https://blog.naver.com/arts630
2023-09-25,국경절 맞아 몰려올 유커 공략,https://blog.naver.com/arts630/223220750688
2023-09-25,,https://blog.naver.com/wnam0988
2023-09-25,줄 서서 먹을 정도로 유명한 성수동 2030들의 핫플 명소 대취 성수맛집,https://blog.naver.com/wnam0988/223220731403
2023-09-25,,https://blog.naver.com/mjworld0110
2023-09-25,성수맛집 : 성수 데이트 코스로 추천하는 《성수다락》,https://blog.naver.com/mjworld0110/223220640473
2023-09-26,,https://blog.naver.com/canon1340
2023-09-26,크리에이티브 X성수,https://blog.naver.com/canon1340/223222579021
2023-09-26,,https://blog.naver.com/nonghoshanghai
2023-09-26,"#270. 상하이여행 신티엔디 코스 정리! 대한민국임시정부기념관, 나이차맛집, 딤섬 맛집, 상하이음식 맛집, 프렌치토스트 맛집 등등",https://blog.naver.com/nonghoshanghai/223222566452
2023-09-26,,https://blog.naver.com/gaeun1733
2023-09-26,성수동1가점심식사맛집: 서경도락 성수점의 매력에 빠져보세요!,https://blog.naver.com/gaeun1733/223222540994
2023-09-26,서울숲 놀거리 자전거 대여 놀이터 피크닉 장소 안내 성수동 가볼만한곳,https://blog.naver.com/yesun81/223222521166
2023-09-26,,https://blog.naver.com/oeo_coconut
2023-09-26,[비엔나1일차] 잘츠부르크에서 비엔나 OBB열차로 가기/이비스 빈 하우프트반호프/립스 오브 비엔나/슈테판 대성당/야경투어,https://blog.naver.com/oeo_coconut/223222491530
2023-09-26,,https://blog.naver.com/saeng6800-
2023-09-26,"서울숲카페, 성수데이트 코스로 추천[체다앤올리]",https://blog.naver.com/saeng6800-/223222315696
2023-09-26,성수 소품샵 편집샵 가볼만한곳 핫플레이스 EQL,https://blog.naver.com/davi-kim/223209258386
2023-09-26,,https://blog.naver.com/analog_g9
2023-09-26,"[43일 인도&네팔 배낭여행] 3일차-꾸뚭 미나르, 후마윤의 무덤, 칸마켓, 인디아 게이트, 코넛 플레이스",https://blog.naver.com/analog_g9/223222228317
2023-09-26,,https://blog.naver.com/jinjin__jinjin
2023-09-26,버버리 POP UP in 성수!,https://blog.naver.com/jinjin__jinjin/223222191214
2023-09-26,,https://blog.naver.com/2jenny
2023-09-26,앤아더 제대로 힐링하고 온 서울야간맛집,https://blog.naver.com/2jenny/223222029703
2023-09-26,,https://blog.naver.com/haramflash
2023-09-26,분위기 좋은 성수동 안주 맛집 헬렐레,https://blog.naver.com/haramflash/223222005138
2023-09-26,,https://blog.naver.com/onul_810
2023-09-26,"[맛집] 성수 데이트 맛집, 소개팅 맛집 분위기 좋은 레스토랑_봄의 정원 찐 후기",https://blog.naver.com/onul_810/223221795936
2023-09-26,,https://blog.naver.com/padori88
2023-09-26,성수맛집은 헬렐레죠.,https://blog.naver.com/padori88/223221886958
2023-09-26,성수동 데이트 코스 핫플 맛집 싱가포르 음식 락사 성수점,https://blog.naver.com/crispynote/223221426097
2023-09-26,,https://blog.naver.com/gyugyu1103
2023-09-26,"서울 성동구 | 이영자 새우버거?+ #제스티살룬, 와사비 새우버거(와사비 쉬림프) 사랑, 서울숲 맛집, 맛집, 데이트코스, 메뉴,",https://blog.naver.com/gyugyu1103/223221849332
2023-09-26,,https://blog.naver.com/kosan_0314
2023-09-26,"핫플 성수맛집 ""브리비트"" 데이트 코스로 추천",https://blog.naver.com/kosan_0314/223221419595
2023-09-26,"[로컬 성수] 성수동 노을맛집, 뷰맛집 성수구름다리전망대 (aka 뚝도정)",https://blog.naver.com/remember_local/223218494873
2023-09-26,29CM 큐레이션 쇼룸 이구성수 1년 성과,https://blog.naver.com/fashon1/223221798314
2023-09-26,성수동 가볼만한곳 핫플 데이트코스 맛집 놀거리 추천 일미락,https://blog.naver.com/lv5photo/223220492581
2023-09-26,,https://blog.naver.com/go_author
2023-09-26,성수동 데이트 코스로 제격인 솔직 후기 갓잇(GOD EAT),https://blog.naver.com/go_author/223221336361
2023-09-26,,https://blog.naver.com/mongsil_ko
2023-09-26,[일식] 성수동 맛집 :: 요쇼쿠 성수 :: 일식당 데이트코스,https://blog.naver.com/mongsil_ko/223221712706
2023-09-27,,https://blog.naver.com/jasonjjong48
2023-09-27,데이트코스로 딱인 분위기 좋은 상수역맛집 수지앤파스타:),https://blog.naver.com/jasonjjong48/223223427618
2023-09-27,,https://blog.naver.com/bjh37777
2023-09-27,"[성수] 장어덮밥 맛집, 성수동데이트코스 '스시도쿠더성수'",https://blog.naver.com/bjh37777/223223300409
2023-09-27,,https://blog.naver.com/choi4504-
2023-09-27,신박한 성수맛집 헬렐레!,https://blog.naver.com/choi4504-/223223255211
2023-09-27,,https://blog.naver.com/youngsook454
2023-09-27,헬렐레 성수룸술집 성수맛집,https://blog.naver.com/youngsook454/223223182291
2023-09-27,,https://blog.naver.com/han_h_jin
2023-09-27,"01. 타이페이, 암바타이베이종산 그리고 시먼딩",https://blog.naver.com/han_h_jin/223223139253
2023-09-27,,https://blog.naver.com/mrjo0558
2023-09-27,성수맛집 2030 핫플 테라스가 있는 헬렐레,https://blog.naver.com/mrjo0558/223223138304
2023-09-27,,https://blog.naver.com/sseossun
2023-09-27,서울 가을나들이 피크닉 장소 아이랑 가볼만한곳 추천 BEST4,https://blog.naver.com/sseossun/223223093235
2023-09-27,,https://blog.naver.com/leeda9697
2023-09-27,성수 데이트 방문하기 좋은 성수맛집 헬렐레,https://blog.naver.com/leeda9697/223223081309
2023-09-27,"성수맛집 , 풍부한 맛이 좋고 다양한 안주 주류 헬렐레",https://blog.naver.com/thdtkfl176/223223045302
2023-09-27,서울 전망대 전시 추천 강변 테크노마트 하늘공원 전망대 잠실롯데월드몰 보통의우리에게,https://blog.naver.com/zaawoo/223222839212
2023-09-27,,https://blog.naver.com/choje9098
2023-09-27,서울 성수동 데이트 코스 추천: 스탠드 오일▶행복한 식당▶카페거리▶뚝섬유원지▶Home sweet home ✨,https://blog.naver.com/choje9098/223222633562
2023-09-27,,https://blog.naver.com/binlove1122
2023-09-27,성수동 디저트 카페 villa.1990 유럽풍 인테리어의 데이트 장소,https://blog.naver.com/binlove1122/223222823492
2023-09-28,,https://blog.naver.com/modu-review
2023-09-28,데이트코스 성수동맛집 오스테리아파로 내돈내산 솔직후기,https://blog.naver.com/modu-review/223224081475
2023-09-28,,https://blog.naver.com/rnsckthd
2023-09-28,"성수맛집 , 여러종류가 다양한 안주 주류 술집 헬렐레",https://blog.naver.com/rnsckthd/223224030498
2023-09-28,서울 성수동 소품샵 데이트 코스 뚝섬 놀거리 캐릭터 문구 메이드바이 성수,https://blog.naver.com/mok5022/223223926378
2023-09-28,,https://blog.naver.com/ddunggl777
2023-09-28,서울숲 맛집 특별한 맛분위기의찐명소 부우이,https://blog.naver.com/ddunggl777/223223922866
2023-09-28,,https://blog.naver.com/mannic
2023-09-28,"성수의 핫플을 준비하는 송정동 리버뷰,파크뷰까지 송정동모아타운의 모든것",https://blog.naver.com/mannic/223223827181
2023-09-28,[성수동 핫플레이스/성수동 맛집] 웨이팅하는 소금빵 맛집 자연도소금빵in성수,https://blog.naver.com/skfskf0827/223223088779
2023-09-28,돈되는 개발호재 핵심정리(IGO빡시다 황성환),https://blog.naver.com/sprout_100/223223585036
2023-09-29,,https://blog.naver.com/4060888
2023-09-29,성수역술집 다모토리 혼,https://blog.naver.com/4060888/223224670383
2023-09-29,,https://blog.naver.com/hi_dada
2023-09-29,"[성수동맛집] 숨은 맛집의 향기, 포피나",https://blog.naver.com/hi_dada/223224653881
2023-09-29,서울 식물원 온실 야외 주제원과 하늘공원 억새 그리고 서울숲 가을 산책,https://blog.naver.com/roca-/223224610807
2023-09-29,[KOREA 2023] 한국여행기 3,https://blog.naver.com/sestosenso/223224557263
2023-09-29,,https://blog.naver.com/yoojinoi
2023-09-29,2023년 9월. 아주 잠깐 들른 방콕의 사진 일기,https://blog.naver.com/yoojinoi/223224531878
2023-09-29,,https://blog.naver.com/lovepeacecozy
2023-09-29,"[일상]예쁜 남산타워가 보이는 노을과 야경 맛집 ""성수구름다리"" 가는길",https://blog.naver.com/lovepeacecozy/223222355659
2023-09-29,"서울 따릉이 이용방법 반납,가격,이용권,추가요금,한강자전거대여 자전거 여행 코스",https://blog.naver.com/homibike/223224366175
2023-09-29,[성수 카페 맛집 코끼리베이글 성수] 베이글 성지에 다녀왔어요!,https://blog.naver.com/blk_lg_ryan/223224003652
2023-09-29,,https://blog.naver.com/henry105
2023-09-29,[성수동] 놀 거리 아이와 가 볼 만한 곳 #서울숲 주차정보,https://blog.naver.com/henry105/223224242855
2023-09-30,,https://blog.naver.com/sal-jagoyo_
2023-09-30,동해 바다 산책코스 추천 촛대바위(초곡 용굴촛대바위길) 가보자고 ㅋ,https://blog.naver.com/sal-jagoyo_/223225074800
2023-09-30,,https://blog.naver.com/helenlobin
2023-09-30,"[서울 성수] 서울숲맛집 뚝섬명소 데이릿, 줄서서 먹는 그린그린 맛집을 강추해요.",https://blog.naver.com/helenlobin/223224891643
2023-09-30,,https://blog.naver.com/pyu89
2023-09-30,서울숲 맛집 성수 데이트 코스 로 좋은 [스시도쿠 더성수],https://blog.naver.com/pyu89/223223528176
2023-09-30,,https://blog.naver.com/dkgkgk1988
2023-09-30,서울숲 맛집 추천 차만다 서울숲점 추천합니다,https://blog.naver.com/dkgkgk1988/223223366209
2023-10-01,,https://blog.naver.com/spill12893
2023-10-01,라쿠치나 영동소금구이 성수동 이가네양꼬치 스시카이 한가로이 은행골 커피스니퍼,https://blog.naver.com/spill12893/223225803117
2023-10-01,,https://blog.naver.com/minyoung2578
2023-10-01,서울숲 가을여행 성수동 가볼만한곳 놀거리 꽃구경 서울숲길나들이 + 뜨개 소품샵,https://blog.naver.com/minyoung2578/223225658553
2023-10-01,,https://blog.naver.com/jeong0477
2023-10-01,"""명동 바가지 잡는 묘수 법""",https://blog.naver.com/jeong0477/223225623695
2023-10-01,,https://blog.naver.com/judy1910
2023-10-01,"서울 성수동 서울숲 공영주차장, 한강 야경 산책코스",https://blog.naver.com/judy1910/223225609225
2023-10-01,건대 맛집 성수동 술집 만경상회 데이트 코스,https://blog.naver.com/lim___2/223225555625
2023-10-01,,https://blog.naver.com/kjk402
2023-10-01,"성수동 하루코스 주차장정보, 홍콩식 덮밥 hdd 판다",https://blog.naver.com/kjk402/223225496139
2023-10-01,,https://blog.naver.com/nohappy0
2023-10-01,"서울 나들이 - 성수동 외국인 핫플, 카페 맛집들",https://blog.naver.com/nohappy0/223225448716
2023-10-01,,https://blog.naver.com/yyyujj0242
2023-10-01,서울숲 한식집 데이트코스로 추천하는 뚝섬역 밥집 온류 성수동 소개팅 장소로 추천,https://blog.naver.com/yyyujj0242/223220577487
2023-10-01,,https://blog.naver.com/wjdfla5525
2023-10-01,서울 성동구 : 성수데이트코스로 좋은 성수카페 아쿠아산타 카페 후기,https://blog.naver.com/wjdfla5525/223225352025
2023-10-01,9월 서울 가볼만한곳 성수동 서울숲 놀거리 놀이터,https://blog.naver.com/suk4408/223225294883
2023-10-02,[서귀포 카페] 서울앵무새 제주점 중문 아크마을,https://blog.naver.com/bluebuskr/223226601752
2023-10-02,,https://blog.naver.com/allblf
2023-10-02,혹시 웃음에도 총량이 있나요?!,https://blog.naver.com/allblf/223226593116
2023-10-02,,https://blog.naver.com/joonii101
2023-10-02,"있는공간, 없는공간_231002",https://blog.naver.com/joonii101/223226481192
2023-10-02,,https://blog.naver.com/happpymg
2023-10-02,[맛집추천] 핫플 성수동보다 더 HOT한 도넛가게 (feat.밀키샵 성수점),https://blog.naver.com/happpymg/223226461256
2023-10-02,"성수맛집 , 양많고 다채로운 안주음식들 헬렐레",https://blog.naver.com/clzlsaos175/223226431842
2023-10-02,,https://blog.naver.com/dededede_
2023-10-02,"쌤쌤쌤 , 서울앵무새, 도토리 ,능동미나리 , 대림국수 , 버뮤다삼각지 웨이팅 용산역 데이트 맛집 친구랑",https://blog.naver.com/dededede_/223226418079
2023-10-02,,https://blog.naver.com/21newspring
2023-10-02,서울숲 성수 데이트 코스로 좋은 분위기 좋은 와인바 희릿,https://blog.naver.com/21newspring/223226406611
2023-10-02,,https://blog.naver.com/goldenkey_wise
2023-10-02,청담동 워너청담 분양 안내 [골든키부동산중개],https://blog.naver.com/goldenkey_wise/223226331832
2023-10-02,,https://blog.naver.com/juan78
2023-10-02,헬렐레 성수맛집 포토존맛집 2030명소 하이볼맛집,https://blog.naver.com/juan78/223226317360
2023-10-02,[주간 캐릭터 뉴스]10월 1주차 #호돌이 캐릭터 탄생 40주년 外,https://blog.naver.com/dorun_studio/223226257742
2023-10-02,,https://blog.naver.com/namuseung06
2023-10-02,헬렐레 가성비 좋고 맛있는 성수맛집,https://blog.naver.com/namuseung06/223226224324
2023-10-02,,https://blog.naver.com/kikim9055
2023-10-02,헬렐레 안주와 술과 함께 하는 성수맛집,https://blog.naver.com/kikim9055/223226197778
2023-10-02,성수맛집 가성비 안주맛집 헬렐레,https://blog.naver.com/lula9492/223226186740
2023-10-02,,https://blog.naver.com/orangesirena
2023-10-02,성수 코끼리베이글 성수점 평일 오픈런 웨이팅 성수 베이글 맛집,https://blog.naver.com/orangesirena/223226146563
2023-10-02,,https://blog.naver.com/jysu8805
2023-10-02,성수맛집 대취 /성수안주맛집 /성수역맛집 대취,https://blog.naver.com/jysu8805/223226118402
2023-10-02,,https://blog.naver.com/xhdtls119
2023-10-02,[서울데이트코스 을지로 카페] 세운나다방 레트로 감성 커피맛집,https://blog.naver.com/xhdtls119/223225671150
2023-10-02,,https://blog.naver.com/transducers
2023-10-02,서울 앵무새,https://blog.naver.com/transducers/223226109667
2023-10-02,,https://blog.naver.com/luckydatcom
2023-10-02,응봉1구역 한강 영구 조망 매력에 ‘흠뻑’···작지만 강한 성동 재건축 단지,https://blog.naver.com/luckydatcom/223225878076
2023-10-02,,https://blog.naver.com/bopslh4zbx
2023-10-02,현대모터스튜디오고양 맞춤 정장 사르베토 일산점 가성비 좋은 곳 추천드려요,https://blog.naver.com/bopslh4zbx/223226061986
2023-10-03,,https://blog.naver.com/wp2dmlcodus
2023-10-03,일상 아니고 거의 코수술 후기,https://blog.naver.com/wp2dmlcodus/223227274530
2023-10-03,,https://blog.naver.com/psoyun94
2023-10-03,광교카페 카페오십케이 베이글 밀크티 맛집,https://blog.naver.com/psoyun94/223227263255
2023-10-03,,https://blog.naver.com/kan9hzu
2023-10-03,"9-3, 분명 백수인데 생각보다 너무 바쁜 나",https://blog.naver.com/kan9hzu/223227196903
2023-10-03,,https://blog.naver.com/st3627st
2023-10-03,성수동 술집 성수맛집 헬렐레,https://blog.naver.com/st3627st/223227074499
2023-10-03,,https://blog.naver.com/dongyun9010
2023-10-03,매일 아침 장작불로 훈연한 신선한 바베큐가 있는 더블 해피니스 성수역 맛집,https://blog.naver.com/dongyun9010/223227037884
2023-10-03,,https://blog.naver.com/ehsqufkr0917
2023-10-03,성수 맛집 가성비 최고의 맛집 헬렐레,https://blog.naver.com/ehsqufkr0917/223227026396
2023-10-03,,https://blog.naver.com/mongle_monglan
2023-10-03,성수맛집 헬렐레 성수동핫플,https://blog.naver.com/mongle_monglan/223227014614
2023-10-03,,https://blog.naver.com/ghqkdaos5566
2023-10-03,"성수역 술집 , 안주음식과 하이볼들이 다양한 헬렐레",https://blog.naver.com/ghqkdaos5566/223227003517
2023-10-03,,https://blog.naver.com/starlight_e
2023-10-03,성수 맛집 도우소사이어티 : 데이트 코스 추천,https://blog.naver.com/starlight_e/223226983855
2023-10-03,"[성수/뚝섬맛]분위기 좋은 파스타 찐맛집 <팩피:FAGP>,프라이빗한 데이트코스로 추천!",https://blog.naver.com/titincoco/223226979412
2023-10-03,,https://blog.naver.com/drkdc
2023-10-03,서울숲 아이파크 리버포레 분양가 분양정보,https://blog.naver.com/drkdc/223226972085
2023-10-03,"[2023서울국제디자인포럼] 세계의 도시메이커들이 말하는 '공간, 그리고 경험의 미래'",https://blog.naver.com/realworld_official/223226926792
2023-10-03,,https://blog.naver.com/lovereading27
2023-10-03,성수맛집 고급진 포토존과 다양만 메뉴들이 있 헬렐레,https://blog.naver.com/lovereading27/223226906765
2023-10-03,,https://blog.naver.com/fif67ik
2023-10-03,"성수동 호텔 정보, 차근차근 정리해드립니다",https://blog.naver.com/fif67ik/223226895506
2023-10-03,아쿠아플라넷 일산 맞춤정장 사르베토 일산점 너무 편안한 느낌이에요,https://blog.naver.com/bopslh4zbx/223226777331
2023-10-03,,https://blog.naver.com/pjj7401
2023-10-03,"성수맛집 안주가좋은 술집 ""대취""",https://blog.naver.com/pjj7401/223226711249
2023-10-03,,https://blog.naver.com/leedomu
2023-10-03,MZ 취향저격…도심 속 양조장 _ 이색 데이트 코스 전국 양조장 순례,https://blog.naver.com/leedomu/223226654419
2023-10-04,성수 데이트 코스 분위기 좋은 스시도쿠 더성수 후기,https://blog.naver.com/lilyluvs/223228332390
2023-10-04,,https://blog.naver.com/jjss0514
2023-10-04,성수 이색 레스토랑 분위기 깡패 와인바 빌로위성수,https://blog.naver.com/jjss0514/223228300608
2023-10-04,,https://blog.naver.com/foreverdmswn
2023-10-04,하와이 현지인 추천 가볼만한곳 & 오아후 이색 액티비티 체험,https://blog.naver.com/foreverdmswn/223228265997
2023-10-04,,https://blog.naver.com/watercolor0303
2023-10-04,성수동 맛집 분위기 좋고 가성비 좋은 스테이크 오뜨로 성수,https://blog.naver.com/watercolor0303/223228224701
2023-10-04,,https://blog.naver.com/gussk2561
2023-10-04,2030 핫플 힙한 분위기가 넘치는 헬렐레 성수맛집,https://blog.naver.com/gussk2561/223228040876
2023-10-04,,https://blog.naver.com/love_ly0129
2023-10-04,2030 핫플 명소 헬렐레 성수맛집,https://blog.naver.com/love_ly0129/223228027171
2023-10-04,,https://blog.naver.com/flowersun-_
2023-10-04,헬렐레 성수맛집,https://blog.naver.com/flowersun-_/223227966945
2023-10-04,,https://blog.naver.com/suyoun4288
2023-10-04,성수맛집 헬렐레 - 성수의 신비로운 맛집,https://blog.naver.com/suyoun4288/223227940798
2023-10-04,,https://blog.naver.com/cbt1285
2023-10-04,"성수역맛집 , 비주얼좋고 감칠맛나는 안주음식 헬렐레",https://blog.naver.com/cbt1285/223227931510
2023-10-04,,https://blog.naver.com/cbr5964
2023-10-04,스시도쿠 더성수 :: 하이볼/장어덮밥과 함께 성수 데이트 코스로,https://blog.naver.com/cbr5964/223225527410
2023-10-04,,https://blog.naver.com/mangojulia16
2023-10-04,[방콕한달살기] 차이나타운 &딸랏너이 (산리오쇼핑과 마더로스트카페) 후기,https://blog.naver.com/mangojulia16/223227840230
2023-10-04,,https://blog.naver.com/iamkimseonil
2023-10-04,"서울, 서울 근교 단풍 여행 추천",https://blog.naver.com/iamkimseonil/223227777629
2023-10-04,,https://blog.naver.com/frangdas
2023-10-04,역사여행 청계천박물관/ 아이와 함께 실내 가볼만한 곳,https://blog.naver.com/frangdas/223227766302
2023-10-04,,https://blog.naver.com/yorr67280
2023-10-04,#추석연휴#잘보내셨지요^^,https://blog.naver.com/yorr67280/223227708607
2023-10-04,,https://blog.naver.com/dmsdud4439
2023-10-04,창원 가볼만한곳 창원 자전거 대여 용지호수 창원 가로수길 창원여행,https://blog.naver.com/dmsdud4439/223227694566
2023-10-04,,https://blog.naver.com/materia
2023-10-04,성수동 삼표레미콘 부지에 1만5000석 수용 ‘K팝 공연장’ 들어선다,https://blog.naver.com/materia/223227560384
2023-10-04,,https://blog.naver.com/52vn_7wg3sc
2023-10-04,일산 맞춤 정장 사르베토 일산점 귀티나네요,https://blog.naver.com/52vn_7wg3sc/223227520318
2023-10-04,,https://blog.naver.com/philatelia
2023-10-04,오늘의 인물과 역사 - 10/16,https://blog.naver.com/philatelia/223227451844
2023-10-05,,https://blog.naver.com/sunflower9090
2023-10-05,서울숲 신축아파트 아이파크리버포레 전매 지금 빨리 서둘러보세요,https://blog.naver.com/sunflower9090/223229280032
2023-10-05,,https://blog.naver.com/lovedldnt
2023-10-05,"성수동맛집 서울스트롤 : 라자냐, 에그베네딕트, 프랜치토스트",https://blog.naver.com/lovedldnt/223229237008
2023-10-05,,https://blog.naver.com/minky4love
2023-10-05,토론토 교환학생#25 - 토론토 가볼만한 곳 디스틸러리 디스트릭트(Distillery district) 2편 ! 여기 무조건 가세여,https://blog.naver.com/minky4love/223225384752
2023-10-05,,https://blog.naver.com/hyune94
2023-10-05,[춘천카페] 카페옥산 춘천 핫플레이스 카페추천 힙한 카페 인생샷 획득가능 데이트코스 추천,https://blog.naver.com/hyune94/223229054997
2023-10-05,,https://blog.naver.com/santtalki
2023-10-05,성수전략정비지구 재개발 급급매,https://blog.naver.com/santtalki/223228952397
2023-10-05,,https://blog.naver.com/ewqdsa2211
2023-10-05,"중국 관광객 핵심 유커 & 싼커, 따종디엔핑으로 새로운 마케팅 공략",https://blog.naver.com/ewqdsa2211/223228928262
2023-10-05,,https://blog.naver.com/581k
2023-10-05,오랜만에 쓰는 일상 블로그~ 성수동 나들이!,https://blog.naver.com/581k/223228905815
2023-10-05,,https://blog.naver.com/gpflsl0626
2023-10-05,성수동 2030의 핫플 명소 성수맛집 헬렐레,https://blog.naver.com/gpflsl0626/223228749447
2023-10-05,,https://blog.naver.com/phenom769
2023-10-05,"성수동 인싸 핫플!! MZ 총집합 ""헬렐레""",https://blog.naver.com/phenom769/223228697750
2023-10-05,조용한 분위기가 좋은 성수맛집 헬렐레 안주가 다양해요,https://blog.naver.com/jjkk2877/223228674749
2023-10-05,,https://blog.naver.com/rladnfka48
2023-10-05,조용하고 분위기 좋은 술집을 찾는다면 헬렐레가 제격이지,https://blog.naver.com/rladnfka48/223228656659
2023-10-05,호텔 침대매트리스의 중요성,https://blog.naver.com/rogerskorea/223228606922
2023-10-05,,https://blog.naver.com/flowerc25g32
2023-10-05,태국 방콕 여행 핫플 ★ 검프스 아리 포토존 & 인생 네 컷 가격,https://blog.naver.com/flowerc25g32/223212219420
2023-10-06,,https://blog.naver.com/rose23_s2
2023-10-06,쇼핑성지 후쿠오카 쇼핑리스트 총정리 | 텐진편 ② | 다이묘 거리,https://blog.naver.com/rose23_s2/223230146189
2023-10-06,,https://blog.naver.com/juhos0314
2023-10-06,성수 안주맛집 헬렐레,https://blog.naver.com/juhos0314/223230095140
2023-10-06,,https://blog.naver.com/chic3228
2023-10-06,"성수동 갈만한 곳 팝업스토어 데이트 추천 ""새로 02-57 팝업스토어""",https://blog.naver.com/chic3228/223229759860
2023-10-06,,https://blog.naver.com/3a24q5j0
2023-10-06,성수동의 픽컬러 브랜딩 센터 - 개인 매력의 미소를 찾아서,https://blog.naver.com/3a24q5j0/223229889420
2023-10-06,,https://blog.naver.com/m0k48671
2023-10-06,성수동의 픽컬러 브랜딩 센터: 창의적인 디자인과 브랜딩의 메카,https://blog.naver.com/m0k48671/223229817596
2023-10-06,[계약완료] 성수동 구길 신축형 외관 건물 스튜디오 쇼룸 사무실 전용50평 (2000/280만원),https://blog.naver.com/goldenplace59/223229779274
2023-10-06,,https://blog.naver.com/l98hyuu2
2023-10-06,서울에서의 완벽한 여행지 10선,https://blog.naver.com/l98hyuu2/223229776710
2023-10-06,,https://blog.naver.com/bella9489
2023-10-06,성수맛집 안주 양도 많고 가성비가 좋은곳 헬렐레,https://blog.naver.com/bella9489/223229726776
2023-10-06,,https://blog.naver.com/jinju1365
2023-10-06,헬렐레 사로잡는 안주들 성수맛집,https://blog.naver.com/jinju1365/223229705177
2023-10-06,서울 가을 단풍 명소 추천 베스트 5,https://blog.naver.com/emsya1/223229697292
2023-10-06,,https://blog.naver.com/9roridaa
2023-10-06,"성수동 브랜딩의 필수성과 그 해답, 그리고 꼭 읽어야 할 책",https://blog.naver.com/9roridaa/223229641975
2023-10-06,,https://blog.naver.com/theshineworld
2023-10-06,"캐나다 토론토 여행 디스틸러리 꼭 가봐야할 곳 5명소 (발작커피,디오디너리, 음식점)",https://blog.naver.com/theshineworld/223229535010
2023-10-06,,https://blog.naver.com/insuni8
2023-10-06,헬렐레 성수맛집 술한잔 하며 식사하기에도 안성맞춤인 공간,https://blog.naver.com/insuni8/223229529187
2023-10-06,,https://blog.naver.com/coco_mo7965
2023-10-06,다양한 안주로 고를 폭이 넓은 성수맛집 헬렐레,https://blog.naver.com/coco_mo7965/223229479753
2023-10-06,,https://blog.naver.com/qorrkdls90
2023-10-06,"성수역 칼국수의 새로운 기준, 조조칼국수 성수점에 다녀왔어요~!",https://blog.naver.com/qorrkdls90/223229461191
2023-10-06,,https://blog.naver.com/ybea12
2023-10-06,"주요기사와 인문학 ( 2023. 10. 6, 금 )",https://blog.naver.com/ybea12/223228551901
2023-10-06,,https://blog.naver.com/ssb28ccv8o4
2023-10-06,성수동 브랜딩 디렉터와 함께하는 지역의 변화,https://blog.naver.com/ssb28ccv8o4/223229360913
2023-10-07,"서울 나들이 ( 별마당 도서관, 롯데타워 전망대 서울스카이 )",https://blog.naver.com/m_l_93/223230821304
2023-10-07,,https://blog.naver.com/honeybearbell
2023-10-07,2023.10,https://blog.naver.com/honeybearbell/223230773034
2023-10-07,,https://blog.naver.com/dramadam
2023-10-07,"퀴즈온더블럭 퀴즈만 모음 - 35화, 36화, 37화, 38화 (주관식 포함)",https://blog.naver.com/dramadam/223230719896
2023-10-07,,https://blog.naver.com/jym7445
2023-10-07,데이트코스의 핫플레이스 서울숲맛집 체다앤올리,https://blog.naver.com/jym7445/223230694744
2023-10-07,,https://blog.naver.com/glorysoo_
2023-10-07,골든센트리 성수맛집 성수핫플레이스 성수중식,https://blog.naver.com/glorysoo_/223230676127
2023-10-07,,https://blog.naver.com/habasoon
2023-10-07,2030핫플은 바로여기 헬렐레 성수맛집,https://blog.naver.com/habasoon/223230621875
2023-10-07,"성수역맛집 , 다양하고 퀄리티높은 안주요리들을 헬렐레",https://blog.naver.com/chlwnsgur63/223230546803
2023-10-07,,https://blog.naver.com/ambo2628
2023-10-07,나 지하랑 후쿠오카 갔다왔당ㅋ Vol.2,https://blog.naver.com/ambo2628/223230525475
2023-10-07,,https://blog.naver.com/pyj7178
2023-10-07,"성수동 삼표레미콘 부지, 개발사업 착공전까지 '문화여가공간' 사용 & 여의도불꽃축제 & 서울시 가을나들이 행사",https://blog.naver.com/pyj7178/223230516394
2023-10-07,,https://blog.naver.com/gogodino1000
2023-10-07,서울근교 수도권 단풍명소 경기 인천 드라이브 산책 즐기기 좋은 코스 모음,https://blog.naver.com/gogodino1000/223229832458
2023-10-07,,https://blog.naver.com/emdakchemdgk
2023-10-07,헬렐레 성수맛집 하이볼과 안주가 다양한 힙한 술집,https://blog.naver.com/emdakchemdgk/223230412950
2023-10-07,,https://blog.naver.com/moonjji63
2023-10-07,2023년 10월 7일 부동산 경제 뉴스,https://blog.naver.com/moonjji63/223230352583
2023-10-07,,https://blog.naver.com/rrarri
2023-10-07,"서울 야경 명소 : 뚜벅이 응봉산 팔각정 야경보러 가는 방법 | 서울숲에서 응봉산 코스, 응봉역에서 응봉산 코스, 포토존, 일몰 시간",https://blog.naver.com/rrarri/223230337777
2023-10-07,,https://blog.naver.com/awy9960
2023-10-07,서울숲 실내 데이트 놀거리 성수 셀프사진관 오디티모드,https://blog.naver.com/awy9960/223230282146
2023-10-08,,https://blog.naver.com/kkhs96
2023-10-08,23 후쿠오카 여름휴가☀️,https://blog.naver.com/kkhs96/223231398527
2023-10-08,,https://blog.naver.com/ehguswl0128
2023-10-08,9-10월 일상,https://blog.naver.com/ehguswl0128/223231366997
2023-10-08,,https://blog.naver.com/jjinnii_
2023-10-08,[안성] 꽃구경과 동물체험이 가능한 한국관광100선 안성팜랜드 후기!,https://blog.naver.com/jjinnii_/223231362983
2023-10-08,,https://blog.naver.com/yygh-77
2023-10-08,성수맛집 헬렐레 안주도 맛있고 하이볼도 있어요,https://blog.naver.com/yygh-77/223231339548
2023-10-08,,https://blog.naver.com/wjddldml_blog33
2023-10-08,헬렐레 2030 핫플 명소로 유명한 성수맛집,https://blog.naver.com/wjddldml_blog33/223231284868
2023-10-08,,https://blog.naver.com/hanerrrjn
2023-10-08,"[팝업스토어/성수]10월 성수 가볼만한 곳, 페리페라 (peripera) 약과몰입 팝업스토어 후기",https://blog.naver.com/hanerrrjn/223231277737
2023-10-08,,https://blog.naver.com/4660317
2023-10-08,안주가 맛있는 핫플레이스 성수맛집 헬렐레,https://blog.naver.com/4660317/223231250872
2023-10-08,"성수역 안주 맛집 , 가성비있는 안주랑 퀄리티높은 음식 헬렐레",https://blog.naver.com/qorclftlqdh57/223231205005
2023-10-08,,https://blog.naver.com/sejeong921
2023-10-08,"성동구 / 성수동, 뚝섬역 추천 맛집 “스시도쿠 더 성수” 데이트장소로 제격 : 예약방법, 주차정보 공유",https://blog.naver.com/sejeong921/223231165635
2023-10-08,,https://blog.naver.com/chachaspace
2023-10-08,압구정카페/한남베르그/도산대로카페/압구정카페는 다 핫한듯 ㅎㅎㅎㅎ,https://blog.naver.com/chachaspace/223231077544
2023-10-08,서울 핫플 카페 성수동 가볼만한곳 성수동 카페거리 탐방,https://blog.naver.com/neweunha/223231050613
2023-10-08,,https://blog.naver.com/kukkas1234
2023-10-08,성수맛집 헬렐레 테라스에서는 야외 느낌을 느낄 수 있어요,https://blog.naver.com/kukkas1234/223231042049
2023-10-08,,https://blog.naver.com/mrsmanzae
2023-10-08,[추천] 서울숲 성수 데이트 코스 스시 맛집으로 완성! 스시도쿠 더성수,https://blog.naver.com/mrsmanzae/223230851446
2023-10-08,,https://blog.naver.com/choijy1618
2023-10-08,연남동/가좌역 카페 카멜커피 9호점 숨어있는 핫플레이스,https://blog.naver.com/choijy1618/223227684035
2023-10-08,,https://blog.naver.com/levert01
2023-10-08,르베르 추천 2023년 가을 수도권 단풍 명소 절정 시기는?,https://blog.naver.com/levert01/223231009286
2023-10-08,,https://blog.naver.com/red9house
2023-10-08,강남리포트-교통,https://blog.naver.com/red9house/223230956480
2023-10-08,,https://blog.naver.com/rhakqhal
2023-10-08,도쿄 쇼핑 여행기 EP.4 - 도쿄 다이칸야마 슈프림,https://blog.naver.com/rhakqhal/223230922411
2023-10-09,"왕십리역 맛집/ 갱생 한양대점, 독특한 스타일의 퓨전수제요리주점",https://blog.naver.com/gagamal740718/223232202086
2023-10-09,,https://blog.naver.com/hanam6500
2023-10-09,차만다 서울숲점 성수동 데이트장소로 딱이야!,https://blog.naver.com/hanam6500/223232179678
2023-10-09,,https://blog.naver.com/amoayhwh
2023-10-09,건축학/도시학/부동산학/사회학 용어 「젠트리피케이션 (gentrification) ⇒ 젠트리파이(gentrify)」 - 뜻(의미)/정의/어원(유래)/영어·프랑스어(불어) 발음,https://blog.naver.com/amoayhwh/223232050319
2023-10-09,,https://blog.naver.com/hiverlinge
2023-10-09,"[서울 성동구] 서울숲 지도 주차장 주차비, 서울숲 생태숲 꽃사슴 방사장 위치 가는법",https://blog.naver.com/hiverlinge/223232045809
2023-10-09,,https://blog.naver.com/lamiacasa_j
2023-10-09,명절 연휴 아이들과의 성수 데이트 코스로 스시도쿠 더 성수를 방문했습니다.,https://blog.naver.com/lamiacasa_j/223232010190
2023-10-09,성수 카페 핫플 맛집 브레디포스트 주차 성수동 놀거리 데이트 코스,https://blog.naver.com/linda603/223232002543
2023-10-09,,https://blog.naver.com/dolcong0119
2023-10-09,"나의 새 명소, 둘리뮤지엄 첫 입장",https://blog.naver.com/dolcong0119/223231893501
2023-10-09,,https://blog.naver.com/jmjm0507ss
2023-10-09,광주 기념품 상추튀김 부루 굿즈 캐릭터 넘 귀여워용,https://blog.naver.com/jmjm0507ss/223231891461
2023-10-09,,https://blog.naver.com/koia7
2023-10-09,성수맛집 힙한 분위기의 핫플 헬렐레,https://blog.naver.com/koia7/223231871374
2023-10-09,,https://blog.naver.com/lollollee2
2023-10-09,성수전략정비구역 한강과 연결된 수변문화 주거 단지로,https://blog.naver.com/lollollee2/223231796696
2023-10-09,,https://blog.naver.com/tulipe472
2023-10-09,감성적인 분위기 술집 성수맛집 헬렐레,https://blog.naver.com/tulipe472/223231767280
2023-10-09,성수맛집 헬렐레 아이들과 다녀온곳!!,https://blog.naver.com/samai4755/223231701228
2023-10-09,,https://blog.naver.com/love2014_
2023-10-09,붕어빵과 앙큐브 서울숲카페 묘사서울,https://blog.naver.com/love2014_/223231671073
2023-10-09,,https://blog.naver.com/jong313300
2023-10-09,성수 데이트 꼭 가야할 카페 루프 베이커리 카페 이색적인 분위기와 달달한 디저트,https://blog.naver.com/jong313300/223231649063
2023-10-09,,https://blog.naver.com/qpwlxj33
2023-10-09,헬렐레 차분한 분위기 성수맛집,https://blog.naver.com/qpwlxj33/223231592262
2023-10-09,,https://blog.naver.com/won1617
2023-10-09,"[서울숲 데이트 코스]‘서울 가을 나들이 추천’/ 가을 축제 / 서울숲 주차장 팁/ 놀거리, 볼거리",https://blog.naver.com/won1617/223231502274
2023-10-10,,https://blog.naver.com/kmg8076
2023-10-10,성수동 데이트 코스 맛집 퓨전 일식집 [초이다이닝 성수점],https://blog.naver.com/kmg8076/223233128313
2023-10-10,,https://blog.naver.com/c98z6tsz
2023-10-10,서울 핫플레이스: 도심 속 다채로운 매력을 만나다,https://blog.naver.com/c98z6tsz/223233034757
2023-10-10,,https://blog.naver.com/style-sign
2023-10-10,성수동 핫플레이스 벽면 스텐실 간판 작업,https://blog.naver.com/style-sign/223232947378
2023-10-10,,https://blog.naver.com/sj5954400
2023-10-10,반포주공1단지재건축아파트시세(제592호),https://blog.naver.com/sj5954400/223232866464
2023-10-10,,https://blog.naver.com/somecibe7ab1r
2023-10-10,2023년 가을 단풍 시기는 언제,https://blog.naver.com/somecibe7ab1r/223232818407
2023-10-10,,https://blog.naver.com/yjr27677
2023-10-10,성동구에 대해서 알아보자,https://blog.naver.com/yjr27677/223232728517
2023-10-10,,https://blog.naver.com/rose04532
2023-10-10,[성수맛집] 헬렐레 추천!!,https://blog.naver.com/rose04532/223232482328
2023-10-10,,https://blog.naver.com/qkrdbqls1234
2023-10-10,데이트 코스로 딱인 분위기 좋은 성수역 초밥 맛집 '스시도쿠 더성수',https://blog.naver.com/qkrdbqls1234/223232256172
2023-10-10,,https://blog.naver.com/kim2kiking
2023-10-10,가성비 최고의 핫플 명소 헬렐레 성수맛집,https://blog.naver.com/kim2kiking/223232458580
2023-10-10,,https://blog.naver.com/eseunseo12
2023-10-10,안주맛집 술집 성수맛집 헬렐레,https://blog.naver.com/eseunseo12/223232444057
2023-10-10,,https://blog.naver.com/dkffkqqlrqod
2023-10-10,[천안아산여행] 카페이숲/피나클랜드 :: 천안 핑크뮬리/가을꽃명소/국화축제,https://blog.naver.com/dkffkqqlrqod/223232424974
2023-10-10,성수전략정비구역과 성수동 상권,https://blog.naver.com/ottomino69/223232400270
2023-10-10,,https://blog.naver.com/chiching7
2023-10-10,포천카페 브런치가 존맛 카페아리 애견동반 가능해요,https://blog.naver.com/chiching7/223232296016
2023-10-11,아내와 재방문한 데이트 명소 브리비트 성수맛집,https://blog.naver.com/damawary/223234157430
2023-10-11,,https://blog.naver.com/kslcha00
2023-10-11,서울숲산책 나들이 동물원 주차장 성수동맛집,https://blog.naver.com/kslcha00/223234103549
2023-10-11,서울숲역 카페 :: 서울숲 피크닉 포장하기 딱 좋은 '인치스' 스퀘어 디저트샵 테이크아웃 후기,https://blog.naver.com/min_ttoni/223233970150
2023-10-11,서울숲길 10월 축제 놀거리 성수동 데이트 가을 명소 주말 나들이 가볼만한곳,https://blog.naver.com/yesun81/223233963461
2023-10-11,"서울 가을 단풍명소 | 서울숲, 남산 둘레길, 남이섬, 보라매공원 단풍",https://blog.naver.com/momentstudio_/223232607752
2023-10-11,,https://blog.naver.com/uundi8
2023-10-11,성수동 힙한 느낌 핫한 술집 헬렐레,https://blog.naver.com/uundi8/223233733953
2023-10-11,,https://blog.naver.com/ovbkal59
2023-10-11,성수역] 회식장소 추천 호보식당 성수직영점 기념일을 위한 굿 초이스 ~~,https://blog.naver.com/ovbkal59/223233710342
2023-10-11,,https://blog.naver.com/mirek2
2023-10-11,"도프제이슨~마틴골프, '롯데월드몰' 팝업 매장 눈길",https://blog.naver.com/mirek2/223233640588
2023-10-11,,https://blog.naver.com/choice797979
2023-10-11,성수 레스토랑 타이거풀 분위기 맛집이고 스테이크가 정말 맛있어요!!,https://blog.naver.com/choice797979/223233599041
2023-10-11,,https://blog.naver.com/yoj126
2023-10-11,성수맛집 들어갈때랑 나올때 180도 다른 헬렐레,https://blog.naver.com/yoj126/223233462573
2023-10-11,,https://blog.naver.com/babyleelee
2023-10-11,[2023단풍시기] 단풍 개화정보 단풍 시기,https://blog.naver.com/babyleelee/223233400994
2023-10-11,,https://blog.naver.com/wmj0607
2023-10-11,사진 찍기 좋은 서울 야경 명소 TOP3,https://blog.naver.com/wmj0607/223229208794
2023-10-11,,https://blog.naver.com/tla1470
2023-10-11,"서울 성수동 핫플 서울숲 산책 단풍 구경 데이트 피크닉 단풍 시기, 주차 팁",https://blog.naver.com/tla1470/223233354542
2023-10-11,,https://blog.naver.com/yougetwhatyougive
2023-10-11,소문난성수감자탕 서울 성동구 성수동 24시간 해장 감자탕 맛집,https://blog.naver.com/yougetwhatyougive/223229435893
2023-10-11,,https://blog.naver.com/cjw012233
2023-10-11,"성수 데이릿 ㅣ 맛있고 깔끔한 분위기의 서울숲 맛집, 뚝섬역 맛집, 성수동 맛집, 성수 데이트코스로 좋은 퓨전한식집",https://blog.naver.com/cjw012233/223233295779
2023-10-12,,https://blog.naver.com/daisy_day-
2023-10-12,"[서울/카페투어] 유럽의 호텔 커피숍에 놀러갔습니다! 100% 미국산 땅콩을 사용하는 성수동 디저트 맛집, ‘피넛버터바나나’",https://blog.naver.com/daisy_day-/223235124270
2023-10-12,,https://blog.naver.com/ahora__aqui
2023-10-12,"뉴욕 여행 #4-1｜뉴욕 파이브가이즈 먹어보기｜파이브가이즈, 베슬, 블루보틀, 하이라인, 첼시마켓, 스타벅스 리저브 로스터리 뉴욕",https://blog.naver.com/ahora__aqui/223235038636
2023-10-12,,https://blog.naver.com/travelever0
2023-10-12,서울 여행 팁: 현지인처럼 즐기는 데이트 코스,https://blog.naver.com/travelever0/223234954378
2023-10-12,,https://blog.naver.com/hmresort
2023-10-12,태국 푸켓VS코사무이 어디가 더 꿀잼일까?(추천 관광지&BEST 리조트),https://blog.naver.com/hmresort/223234880677
2023-10-12,,https://blog.naver.com/factory_66
2023-10-12,"성수동 나들이(세스크멘슬,소프트바,자연도 소금빵,유핑 오프라인)",https://blog.naver.com/factory_66/223234869918
2023-10-12,,https://blog.naver.com/jideogland
2023-10-12,신통기획 압구정 지구 2-5 구역 정비사업 본격화,https://blog.naver.com/jideogland/223234841340
2023-10-12,,https://blog.naver.com/sukiwiki
2023-10-12,23년 09월. 가을이 오고있다!,https://blog.naver.com/sukiwiki/223234788368
2023-10-12,,https://blog.naver.com/midascad
2023-10-12,"또 하나의 트렌드가 된, 폐공장 핫플레이스",https://blog.naver.com/midascad/223234725763
2023-10-12,,https://blog.naver.com/n688ryv9
2023-10-12,"서울, 부산, 대구에서 누릴 수 있는 아름다운 야경 명소",https://blog.naver.com/n688ryv9/223234708128
2023-10-12,,https://blog.naver.com/jinju1363
2023-10-12,헬렐레 가성비좋은 힙한 성수맛집,https://blog.naver.com/jinju1363/223234639235
2023-10-12,,https://blog.naver.com/sampyopr
2023-10-12,"사람과 자연의 완벽한 공존, 바이오필릭시티로의 전환을 꿈꾸다!",https://blog.naver.com/sampyopr/223234606623
2023-10-12,,https://blog.naver.com/wldusyi
2023-10-12,밀린 일상 빵빠레 불면서 시작,https://blog.naver.com/wldusyi/223234621085
2023-10-12,,https://blog.naver.com/having1510mr
2023-10-12,헬렐레안주 부자맛집... 성수맛집,https://blog.naver.com/having1510mr/223234442990
2023-10-12,,https://blog.naver.com/another010723
2023-10-12,서울 성수동 호텔 포코,https://blog.naver.com/another010723/223234301965
2023-10-12,,https://blog.naver.com/slsxpseh_
2023-10-12,"일본 교환학생 | 일본의 작은 이탈리아 베네치아 지유가오카, 라 비타 지유가오카, 지유가오카 카페거리",https://blog.naver.com/slsxpseh_/223234231145
2023-10-13,,https://blog.naver.com/ymy0988
2023-10-13,"[시애틀 여행 5] 시애틀 다운타운 대관람차 타기, 레이크 유니온에서 무료 보트 체험하기 (직접 노를 저어볼 수 있다고!)",https://blog.naver.com/ymy0988/223236119004
2023-10-13,,https://blog.naver.com/dkssyd0362
2023-10-13,락사 성수점 :: 성수동 데이트 코스 성수역 마라탕 이색음식 추천,https://blog.naver.com/dkssyd0362/223236108808
2023-10-13,,https://blog.naver.com/money1950
2023-10-13,"2023.10.13. 한양대학교,한양대,한양대병원,정문,교문,도서관,중앙도서관,교표,로고,슬로건,생활관,등록금, 캠퍼스 투어,탐방,여행,구경,둘러보기,가는길.",https://blog.naver.com/money1950/223236010932
2023-10-13,,https://blog.naver.com/zhalscjf
2023-10-13,<순간 반짝 였다가 흩어지는> - 서완호 개인전 (2023.10.04 - 10.29),https://blog.naver.com/zhalscjf/223235740620
2023-10-13,,https://blog.naver.com/maimu89
2023-10-13,성수맛집 헬렐레 2030들의 핫플 명소입니다.,https://blog.naver.com/maimu89/223235659394
2023-10-13,,https://blog.naver.com/y3010dsq
2023-10-13,성수맛집 대림국수 성수점: 다양한 메뉴와 친절한 서비스로 감동 받다!,https://blog.naver.com/y3010dsq/223235590920
2023-10-13,,https://blog.naver.com/sarras75
2023-10-13,분위기 좋은 안주 맛집 성수맛집 헬렐레~!!!,https://blog.naver.com/sarras75/223235510154
2023-10-13,,https://blog.naver.com/dms4613
2023-10-13,"성수동 데이트 코스_락사 (feat,서울이색맛집)",https://blog.naver.com/dms4613/223235456112
2023-10-13,,https://blog.naver.com/jenjenjen77
2023-10-13,"성수맛집 헬렐레, 분위기, 안주, 대관까지 모두 갖춘 완벽한 술집",https://blog.naver.com/jenjenjen77/223235426902
2023-10-13,,https://blog.naver.com/roha_3
2023-10-13,조명과 노래 모두 마음에 쏙 성수 헬렐레,https://blog.naver.com/roha_3/223235392083
2023-10-13,,https://blog.naver.com/uhee89
2023-10-13,성수맛집 헬렐레 집순이인 나도 가본 2030 핫플,https://blog.naver.com/uhee89/223235390596
2023-10-13,,https://blog.naver.com/valuewalk
2023-10-13,뚜벅이 서울 데이트 코스 –서울 단풍맛집 편-,https://blog.naver.com/valuewalk/223234522372
2023-10-13,[송정동 꼬마빌딩 매매] 성동구 전층 근생 건물,https://blog.naver.com/risingsun_sty/223234448320
2023-10-13,,https://blog.naver.com/hyunug11
2023-10-13,헬렐레 분위기좋은 성수맛집,https://blog.naver.com/hyunug11/223235234115
2023-10-13,,https://blog.naver.com/lapter3
2023-10-13,"링크정보 마블캐릭터 그녀의 사정, 영화 블랙위도우 정보외 39건 [10.13 00:47]",https://blog.naver.com/lapter3/223235212830
2023-10-14,,https://blog.naver.com/tweet-hee
2023-10-14,방콕 여행 왓아룬 뷰 호텔 ‘리바 아룬’ 리뷰 (Riva Arun),https://blog.naver.com/tweet-hee/223236828562
2023-10-14,,https://blog.naver.com/cyan8318
2023-10-14,[한국/서울/서울숲 먹거리] Mark69 마크69,https://blog.naver.com/cyan8318/223236643243
2023-10-14,,https://blog.naver.com/alltimegym
2023-10-14,서울 단풍 명소,https://blog.naver.com/alltimegym/223236563398
2023-10-14,,https://blog.naver.com/kiyeon34
2023-10-14,"신발덕후들의 성지, 카시나 성수동 편집샵 방문기",https://blog.naver.com/kiyeon34/223236533301
2023-10-14,,https://blog.naver.com/a_rummmmm
2023-10-14,"서울구경 (성수,성수카페,성수테디스오브카페,한남동,소소막창,ㅊa카페)",https://blog.naver.com/a_rummmmm/223236485374
2023-10-14,,https://blog.naver.com/kimsun6254
2023-10-14,헬렐레 성수맛집 젊은 세대의 핫플 명소,https://blog.naver.com/kimsun6254/223236465942
2023-10-14,,https://blog.naver.com/sidsung
2023-10-14,"성수동 상가임대, 갤러리아포레 상가 70평",https://blog.naver.com/sidsung/223235834498
2023-10-14,친절한성수역술집/성수역맛집 / 헬렐레 성수맛집,https://blog.naver.com/jysu8805/223236357862
2023-10-14,,https://blog.naver.com/rororo1234_
2023-10-14,MZ세대들의 성지 2030의 핫플 헬렐레 성수맛집,https://blog.naver.com/rororo1234_/223236310757
2023-10-14,"[오늘의 맛집 소식] 23.10.14 롯데웰푸드, 제주 디저트 맛집과 내놓은 '쁘띠몽쉘 제주 돌카롱' 2주만에 완판 & '생방송투데이 맛집' 흑돼지·면볶이 外 & [2TV 생생정",https://blog.naver.com/032gms/223236310704
2023-10-14,,https://blog.naver.com/dreameblog
2023-10-14,"가을날 아이들과 가볼 만한 곳, 가을단풍여행 명소!",https://blog.naver.com/dreameblog/223235680496
2023-10-14,,https://blog.naver.com/cyscyber64
2023-10-14,서울 가볼만한곳 가을명소 서울숲 방문기 (ft. 베스트 포토존),https://blog.naver.com/cyscyber64/223236285750
2023-10-14,,https://blog.naver.com/koriny_info
2023-10-14,"'이서진의 뉴욕뉴욕2' 가장 핫한 럭셔리 신축 콘도, One High Line 집중 탐구!(feat. 상세 가격)",https://blog.naver.com/koriny_info/223236254347
2023-10-14,,https://blog.naver.com/ej_1991
2023-10-14,:: 네번째집 :: 성수동 뚝섬역 7번출구 곱도리탕 맛집 네번째집,https://blog.naver.com/ej_1991/223236214841
2023-10-14,,https://blog.naver.com/soyung121
2023-10-14,성수 디저트 [자연도 소금빵] 빵지순례 필수코스 웨이팅팁,https://blog.naver.com/soyung121/223236202634
2023-10-14,,https://blog.naver.com/itiswhatitis0
2023-10-14,2023. 10. 13. 금,https://blog.naver.com/itiswhatitis0/223236197376
2023-10-15,,https://blog.naver.com/pro6270
2023-10-15,"23/10/15 춘천, 포천 투어",https://blog.naver.com/pro6270/223237528490
2023-10-15,,https://blog.naver.com/tjsduddl6020
2023-10-15,성수맛집 성수동 핫플맛집 헬렐레,https://blog.naver.com/tjsduddl6020/223237168034
2023-10-15,,https://blog.naver.com/chance815
2023-10-15,[강추] 서울 안산 자락길 산책 코스,https://blog.naver.com/chance815/223237164808
2023-10-15,,https://blog.naver.com/yeonioni0601
2023-10-15,"성수동 맛집 분위기 좋은 데이트코스, 성수 이로우 이자카야",https://blog.naver.com/yeonioni0601/223237142164
2023-10-15,,https://blog.naver.com/kimha9809
2023-10-15,성수맛집 + 성수 레스토랑 데이트코스 추천 : 스케줄성수,https://blog.naver.com/kimha9809/223237039331
2023-10-15,"[서울/성수] 더반 베를린, 핫플레이스 감성 베를린 로스터리 카페 추천",https://blog.naver.com/yonatimes/223237024032
2023-10-15,,https://blog.naver.com/seul__look
2023-10-15,성수 흑임자빙수 맛집 서울숲디저트카페 묘사서울,https://blog.naver.com/seul__look/223236819297
2023-10-15,"안국역 카페 어니언 안국, 베이커리가 있는 한옥카페",https://blog.naver.com/dalbit_daily/223234283608
2023-10-15,,https://blog.naver.com/w5r8kbmr
2023-10-15,인천 맞춤 정장 사르베토서울본점 진중한 멋 을 자랑하는,https://blog.naver.com/w5r8kbmr/223236961468
2023-10-15,영종도 맞춤정장 사르베토 기품과 전통이 있는,https://blog.naver.com/ri2k99_95f2/223236957867
2023-10-15,,https://blog.naver.com/tnwjd3729
2023-10-15,힙하고 포토존 맛집인 성수맛집 헬렐레,https://blog.naver.com/tnwjd3729/223236902001
2023-10-15,,https://blog.naver.com/dkim0210
2023-10-15,재재#1. 응봉1구역 (f. 뷰 맛집),https://blog.naver.com/dkim0210/223236898262
2023-10-15,[서울비평⑦] 건축혁신으로 관광대국 이루어야,https://blog.naver.com/5sensory/223236859832
2023-10-16,,https://blog.naver.com/ciceron
2023-10-16,악셀 식당 늦은 9월 후기,https://blog.naver.com/ciceron/223238481565
2023-10-16,뚝섬 한강공원 유원지 텐트 돗자리 당일 한강 피크닉 서울일몰 까지~,https://blog.naver.com/suk4408/223238424409
2023-10-16,,https://blog.naver.com/flat1049
2023-10-16,성수동데이트 맛집 타코튜즈데이 성수점,https://blog.naver.com/flat1049/223238409523
2023-10-16,,https://blog.naver.com/grin4
2023-10-16,성수동 맛집 스케줄성수 예약 주차 메뉴 분위기 테라스,https://blog.naver.com/grin4/223238326961
2023-10-16,,https://blog.naver.com/wonho6743
2023-10-16,2023년 하반기 현대백화점 신입사원 채용에 대한 첨언,https://blog.naver.com/wonho6743/223238323930
2023-10-16,성수동 전시 추천 “섬세이 테라리움” 데이트코스 / 놀거리 / 가볼만한곳 / 체험전시 / 예약 / 주차,https://blog.naver.com/eurim1002/223238272505
2023-10-16,,https://blog.naver.com/melove_7777
2023-10-16,[중장년 청춘문화공간] 중장년 탐방 인문 여행 청춘 문화 :: 프로그램 및 참가자 요건 정리해요,https://blog.naver.com/melove_7777/223238266958
2023-10-16,고양 맞춤 정장 사르베토 일산점 좋은 가격,https://blog.naver.com/w5r8kbmr/223238117413
2023-10-16,,https://blog.naver.com/limdam29
2023-10-16,송리단길 맛집 잠실데이트코스 이오로 송리단길점,https://blog.naver.com/limdam29/223238081141
2023-10-16,,https://blog.naver.com/minivc
2023-10-16,서울숲 가볼만한 곳 아이들과 산책하기 좋은 곳,https://blog.naver.com/minivc/223237969583
2023-10-16,2023 단풍시기 미리 보는 가을 여행 서울 단풍 명소 4곳,https://blog.naver.com/overroad89/223237912382
2023-10-16,성수 팝업스토어 피치스 도원에 펼쳐진 듀스 X 아디다스 오리지널<A THOUSAND BACK>,https://blog.naver.com/2jei8ht/223237726797
2023-10-16,[송정동 꼬마빌딩 매매] 서울 부동산 소액투자,https://blog.naver.com/risingsun_sty/223235455908
2023-10-16,,https://blog.naver.com/owha2020
2023-10-16,데이트 하기 좋은 서울 가을 단풍구경 명소 BEST 5,https://blog.naver.com/owha2020/223237590766
2023-10-16,,https://blog.naver.com/rlaguswls9018
2023-10-16,서울레코드 정리(2022~2023,https://blog.naver.com/rlaguswls9018/223237566390
2023-10-17,서울 데이트코스 요넥스 테니스팝업 볼거리가 많아 즐거워요!,https://blog.naver.com/heyum_j/223239237782
2023-10-17,,https://blog.naver.com/romaroo
2023-10-17,"방콕 여행_2편 (홍시엥콩, 딸랏노이, 아이콘씨암, 짜오프라야강)",https://blog.naver.com/romaroo/223239056349
2023-10-17,"""자연의 순리 배워요"" 서울숲 버려진 땅 가꾼 시민정원사들",https://blog.naver.com/120seoulcall/223239033063
2023-10-17,,https://blog.naver.com/newnewng
2023-10-17,"202309_미국 서부 여행_후기2(라스배가스,LA)",https://blog.naver.com/newnewng/223238799219
2023-10-17,[오늘의 맛집 소식] 23.10.17 진도군 20일 '씬나부네 맛나부네'…맛집자랑·먹거리야시장 & 100년 넘은 맛집 '이문설렁탕'서 화재…3시간여만 꺼져 & 100년 넘은 서울,https://blog.naver.com/032gms/223238765099
2023-10-17,,https://blog.naver.com/hikimo_
2023-10-17,조용한 분위기 술집 성수동 헬렐레,https://blog.naver.com/hikimo_/223238580899
2023-10-18,성수 핫플레이스 가볼만한곳 우주붕어 제1의맛집 팝업스토어,https://blog.naver.com/davi-kim/223240276435
2023-10-18,,https://blog.naver.com/khw00391
2023-10-18,"가산동 서부간선도로 일반화도로 교차로 코너 건물매매[리모델링, 신축 가능 부지, 대지 300평]",https://blog.naver.com/khw00391/223240117435
2023-10-18,,https://blog.naver.com/boco321
2023-10-18,"서울 가볼 만 한 곳 / 서울숲 (주차장, 주차요금, 안내도, 꽃사슴방사장, 보행가교, 포토스팟, 서울숲프로그램일정, 단풍)",https://blog.naver.com/boco321/223240036433
2023-10-18,,https://blog.naver.com/dear_diana_nov
2023-10-18,성수 크리스마스 트리 포인트오브뷰 감각적인 문구 편집샵,https://blog.naver.com/dear_diana_nov/223240029004
2023-10-18,"[전국명소맛집투어79] 성수동 현대자동차 그룹, 해양대학교 강의 협의 후 투어. 버버리, 상상마당 플래닛, 아모레퍼시픽 등. 오늘도 최선을 다한다. 카르페디엠. 아모르파티",https://blog.naver.com/andresoo/223239976609
2023-10-18,,https://blog.naver.com/8fn2lukl
2023-10-18,성수동의 트렌디한 브랜딩 회사들 - 디자이너와 함께하는 브랜딩의 세계,https://blog.naver.com/8fn2lukl/223239941821
2023-10-18,,https://blog.naver.com/shimwife
2023-10-18,"서울 피크닉 장소 추천, 꽃사슴 보러! feat. 서울숲",https://blog.naver.com/shimwife/223237326884
2023-10-18,,https://blog.naver.com/hlhhash77
2023-10-18,"서울 야경, 노을 감상 ""서울숲 한강 전망대""",https://blog.naver.com/hlhhash77/223236686296
2023-10-18,,https://blog.naver.com/no1seoul
2023-10-18,[두물머리 만추] 서울 근교 가을 나들이 숨은 명소 팔당빵집,https://blog.naver.com/no1seoul/223239675568
2023-10-18,,https://blog.naver.com/ein6909
2023-10-18,넷플릭스 '돈 버는 리모델링'에서 배우는 펜션 사업의 비결!,https://blog.naver.com/ein6909/223239561254
2023-10-19,,https://blog.naver.com/malaymo2jo
2023-10-19,말레이시아 쿠알라룸푸르 갬성 카페 103 coffee,https://blog.naver.com/malaymo2jo/223241243154
2023-10-19,반포주공1단지재건축아파트시세(제601호),https://blog.naver.com/sj5954400/223241120079
2023-10-19,,https://blog.naver.com/taenni0602
2023-10-19,[튀빙겐 교환학생] 체코 프라하 2박 3일,https://blog.naver.com/taenni0602/223240668993
2023-10-19,,https://blog.naver.com/bd0111
2023-10-19,[일상] 10월 #1 사랑가득한 계절이 와따요,https://blog.naver.com/bd0111/223240514841
2023-10-20,,https://blog.naver.com/kittyparty70
2023-10-20,"핀란드 탐페레, 헬싱키 시벨리우스 공원, 암석교회, 헬싱키 대성당, 원로원 광장, 마켓 광장, 우스펜스키 대성당 [북유럽 4개국 & 크로아티아 외 38일 여행] D+12",https://blog.naver.com/kittyparty70/223242325608
2023-10-20,,https://blog.naver.com/ilikepotatopizza
2023-10-20,[인사동맛집] 마당이 예쁜 한식집 <최대감네> 어른들 모시고 가기 좋은 한정식집 추천,https://blog.naver.com/ilikepotatopizza/223242279941
2023-10-20,,https://blog.naver.com/chajin78
2023-10-20,"[미국 뉴욕] 첼시 & 미트패킹 디스트릭트, 피비린내 나던 지역에서 향수와 와인향 가득한 곳으로.",https://blog.naver.com/chajin78/223242151746
2023-10-20,,https://blog.naver.com/kinofman
2023-10-20,"토지거래허가 완화, 내달부터 ;원베일리상가 ‘12억 웃돈’ 얹어 사갔다;압구정2구역 70억 재건축대장주 신고가; 강남재건축상가로 몰리는 뭉칫돈;서여의도 고도제한 추가완화...",https://blog.naver.com/kinofman/223242043830
2023-10-20,,https://blog.naver.com/megamart6318
2023-10-20,직장인 가족단위 캠핑 분위기 회식 공간 서울 바베큐 파티룸 옥탑방성수,https://blog.naver.com/megamart6318/223242034204
2023-10-20,,https://blog.naver.com/aspaceneue
2023-10-20,[서울 / 성수맛집] 성수 데이트 코스로 좋은 성수연방 속 성수동 피자 맛집 피자시즌,https://blog.naver.com/aspaceneue/223241883572
2023-10-20,,https://blog.naver.com/green7499
2023-10-20,"서울 근교 가을 꽃 축제 ,천만송이 천일홍 축제가 펼쳐지는 양주 나리공원(나리농원) 실시간 개화 상황 | 당일치기 가을 여행",https://blog.naver.com/green7499/223241757374
2023-10-20,,https://blog.naver.com/todaygetideug
2023-10-20,리테일/오피스 뉴스(2023.10.20),https://blog.naver.com/todaygetideug/223241743394
2023-10-20,,https://blog.naver.com/diyonging
2023-10-20,서촌 여행정보 - 2일차 (에디션덴마크쇼룸/봉피양/국립고궁박물관 기념품 매장/경복궁/블루보틀),https://blog.naver.com/diyonging/223241724783
2023-10-20,,https://blog.naver.com/onmy_a3ec
2023-10-20,"기념일에 성수동 파스타 맛집 데려가주는 남친이면 매일 업고다닐 수도 있을 것 같아요, 타이거풀",https://blog.naver.com/onmy_a3ec/223238054256
2023-10-20,,https://blog.naver.com/cewalldam
2023-10-20,[책] 트렌드 코리아 2024,https://blog.naver.com/cewalldam/223241427355
2023-10-21,,https://blog.naver.com/jiya_v3
2023-10-21,성수 데이트 코스 성수맛집으로 유명한 '미쁘동' 다녀왔어요,https://blog.naver.com/jiya_v3/223242974342
2023-10-21,,https://blog.naver.com/yamujincampus
2023-10-21,K-컬쳐 앞세운 뉴욕 제네시스 하우스...화장실 휴지가 한지...?,https://blog.naver.com/yamujincampus/223241884431
2023-10-21,,https://blog.naver.com/kdizcho
2023-10-21,"성수동 재개발 성수전략정비 50층 규제풀림 수변공원 계획, '12년만에 재개' 보도자료",https://blog.naver.com/kdizcho/223242746255
2023-10-21,,https://blog.naver.com/fly_bssee
2023-10-21,[트렌드 코리아 2024] 요약하기 #9. 리퀴드폴리탄,https://blog.naver.com/fly_bssee/223242720246
2023-10-21,성수동 핫플레이스 엡손 빔프로젝터 팝업스토어,https://blog.naver.com/davi-kim/223242246545
2023-10-21,일산 맞춤 정장 사르베토 일산점 남자의 품격을 만드는 곳,https://blog.naver.com/bopslh4zbx/223242469494
2023-10-22,성수동 빵집 박세리 소금빵 맛집으로 유명한 성수 신상 빵집 자연도소금빵,https://blog.naver.com/hjinnyk71/223243636111
2023-10-22,,https://blog.naver.com/cofl2150101
2023-10-22,성수 소문난성수감자탕_성수 감자탕 맛집 소문난성수감자탕✨,https://blog.naver.com/cofl2150101/223243625399
2023-10-22,성수동에서 만나는 디자인&아트페어 디자인&디파인 서울 2023 전시행사,https://blog.naver.com/dudwl40929/223243548462
2023-10-22,"""고백 성공률 100%""...연인과 데이트하기 좋은 서울의 숨겨진 장소 BEST 5",https://blog.naver.com/hun4339/223243527265
2023-10-22,,https://blog.naver.com/sunjoy0902
2023-10-22,조지아 여행 트빌리시 가볼만한 곳 정리(구글맵 첨부),https://blog.naver.com/sunjoy0902/223243507627
2023-10-22,,https://blog.naver.com/darkaskaya
2023-10-22,성수동 데이트 감칠맛 도는 음식들과 잘 어울리는 와인까지 세트로 뱅글,https://blog.naver.com/darkaskaya/223243480271
2023-10-22,"[오늘의 여행 소식] 23.10.22 ""연말, 겨울여행 수요 잡아라"" 유통업계, 특가 프로모션은 & 인생에 한 번쯤 기차타고 유럽여행 꿈꾼다면 가볼만한 4곳(feat. 꿀팁4)",https://blog.naver.com/032gms/223243452755
2023-10-22,"남동공단떡볶이, 문학투썸, 미우미우안경, 자크뮈스성수",https://blog.naver.com/csh202/223243418852
2023-10-22,"서울숲 데이트 코스, 인상깊던 이아래 수제 하이볼바",https://blog.naver.com/al_dente/223243344721
2023-10-22,,https://blog.naver.com/goldax_
2023-10-22,성수동 상가 서울숲 아이파크 리버포레 모델하우스 상업시설 분양가 살펴보기,https://blog.naver.com/goldax_/223243316451
2023-10-23,,https://blog.naver.com/drc0328
2023-10-23,덕정 카페 덕정역 카페 덕정동 카페 덕정 애견동반 덕정 맛집 애견동반카페 수제쿠키 맛집 음료수맛집 인스타 맛집몽다르크,https://blog.naver.com/drc0328/223244705393
2023-10-23,"[공주한옥카페] 공주여행의 백미, 공주카페 - 도자카페",https://blog.naver.com/cpath/223244676196
2023-10-23,,https://blog.naver.com/wowoa3
2023-10-23,담양 수비니어 국수거리 초대형카페 전시회느낌 가득한 대형카페,https://blog.naver.com/wowoa3/223244662852
2023-10-23,,https://blog.naver.com/minigenie96
2023-10-23,"뚜두의 일상기록, 성수동 뚝섬역 카페 프레즐 맛집 브레디포스트",https://blog.naver.com/minigenie96/223244622131
2023-10-23,,https://blog.naver.com/syge2588
2023-10-23,"서울숲 바로 옆, 성수 맛집 '부우이'에서 특별한 파스타를 맛보세요!",https://blog.naver.com/syge2588/223244473996
2023-10-23,,https://blog.naver.com/jo_min_gyeong
2023-10-23,[성수 가볼만한 곳] 스탠드오일 Stand oil 플래그십 스토어 방문후기,https://blog.naver.com/jo_min_gyeong/223244462785
2023-10-23,,https://blog.naver.com/terra-forming
2023-10-23,가을에 가볼만한 드라이브 코스 추천 TOP5,https://blog.naver.com/terra-forming/223244364000
2023-10-23,,https://blog.naver.com/kimbo0322
2023-10-23,[성수/서울숲]서울숲 갈비골목 수원원조갈비 내돈내산,https://blog.naver.com/kimbo0322/223244323149
2023-10-23,,https://blog.naver.com/jiihyoniii
2023-10-23,"[성수 나들이] 성수 데이트코스 따라해보세우 :) (디올성수, 텅플래닛, 아더데러, 뚝도농원)+한강 불꽃놀이",https://blog.naver.com/jiihyoniii/223244195874
2023-10-23,,https://blog.naver.com/kbc1220kk
2023-10-23,서울숲 아이파크 리버포레 성수동 상가 정보,https://blog.naver.com/kbc1220kk/223244126279
2023-10-23,,https://blog.naver.com/nanha22
2023-10-23,"[서울-광진] 서울숲, 가을에도 멋진 만인의 공원, 무지개가 살고 있는 곳",https://blog.naver.com/nanha22/223243894200
2023-10-23,일산 호수공원 가로수길 맞춤정장 사르베토 일산점 우아함을 보여주는,https://blog.naver.com/52vn_7wg3sc/223243852413
2023-10-23,2023.10.23. 주요 신문 기사 정리,https://blog.naver.com/wonho6743/223243847074
2023-10-24,,https://blog.naver.com/minorityoffice
2023-10-24,성수 와인바 | 오이노스 OINOS & LCDC바스크립트 (분위기 있는 와인바/ 데이트코스),https://blog.naver.com/minorityoffice/223245623975
2023-10-24,,https://blog.naver.com/21champ
2023-10-24,수원맛집/수원카이센동/행궁동카이센동/행궁동맛집 - 마츠리동,https://blog.naver.com/21champ/223245541561
2023-10-24,,https://blog.naver.com/taebokplanning2
2023-10-24,서울숲 아이파크 리버포레 분양가 상가 상업시설 매물,https://blog.naver.com/taebokplanning2/223245537903
2023-10-24,,https://blog.naver.com/nopeanut94
2023-10-24,오사카 교토 3박4일 자유여행 3일차 - 교토에서 오사카 (기요미즈데라맛집/청수사맛집/우메다맛집/도톤보리스티커사진/오사카야경/하루카스300),https://blog.naver.com/nopeanut94/223245486375
2023-10-24,,https://blog.naver.com/prettylje96
2023-10-24,"NCT127 팝업 | 불가사의 (不可思議) 목동 현대백화점 | 네컷사진, MD 온라인 구매 링크",https://blog.naver.com/prettylje96/223245465914
2023-10-24,하남스타필드에서 만나본 선데이플래닛47 식물 팝업스토어,https://blog.naver.com/kindlech/223245455004
2023-10-24,,https://blog.naver.com/ssue101
2023-10-24,"10월의 독서 및 문화생활: <프랭크 브루니: 상실의 기쁨> , <밀란 쿤데라: 참을 수 없는 존재의 가벼움> , <브라이언 헤어: 다정한 것이 살아남는다> / <호페쉬 쉑터>",https://blog.naver.com/ssue101/223245252234
2023-10-24,,https://blog.naver.com/yeni_blog
2023-10-24,"[동탄] 데이트코스 추천, 호수공원 분위기 좋은 칵테일바 밸런스키친",https://blog.naver.com/yeni_blog/223245220350
2023-10-24,[성수 카페] 유럽풍 인테리어와 포토존이 있는 프레즐 맛집 ‘브레디포스트 성수’,https://blog.naver.com/glowforever96/223245192404
2023-10-24,10월 11월 서울 핫플 데이트 가볼만한곳 엽기떡볶이 성수 팝업스토어 사전예약 위치 일정 운영시간 주차,https://blog.naver.com/gaogaiga2000/223245012379
2023-10-24,,https://blog.naver.com/kloehodge
2023-10-24,성수동 꼬치 맛집 데이트하기 좋은 밤토리,https://blog.naver.com/kloehodge/223245008983
2023-10-24,,https://blog.naver.com/debora_world
2023-10-24,성수역 브런치 맛집 - 37.5 시그니처 성수 (분위기 좋은 데이트 장소),https://blog.naver.com/debora_world/223236190551
2023-10-24,"[오늘의 맛집 소식] 23.10.24 ""어린이 손님 환영합니다""…성동구 '아이사랑 맛집' 늘린다 & ‘애니팡4’ 경쟁 이벤트 ‘도전! 맛집왕’ 신설…29일까지 진행 & 스트레이",https://blog.naver.com/032gms/223244932036
2023-10-24,,https://blog.naver.com/mjeeeee
2023-10-24,"성수 데이트 코스 총정리(맛집, 카페, 쇼룸) 성수 가볼만한곳 가득!",https://blog.naver.com/mjeeeee/223244761220
2023-10-24,,https://blog.naver.com/inja5608
2023-10-24,접근성이 좋아서 찾아가기 쉬운 건대 맛집 뽕사부,https://blog.naver.com/inja5608/223242483242
2023-10-24,서울 여행지 추천 서울 핫플 명소 성수동 서울숲 데이트 놀거리 숲길 산책,https://blog.naver.com/parangusl_/223244705182
2023-10-25,성수동 데이트코스 맛집 소품샵 가볼만한 곳,https://blog.naver.com/happysnk012/223246659864
2023-10-25,,https://blog.naver.com/gpdus508500
2023-10-25,"장소공유하고 앱테크 하자!, 브리핑 어플",https://blog.naver.com/gpdus508500/223246231173
2023-10-25,,https://blog.naver.com/moerae_clotho
2023-10-25,"[일상] 아파트 커뮤니티 카페, 성수생활 맛집, 캡슐커피 버츄오, 좌대낚시 등등 소소한...",https://blog.naver.com/moerae_clotho/223246124339
2023-10-25,10월 서울단풍구경 서울 핫플 명소 성수동 서울숲 산책 데이트코스 서울 가을 가볼만한곳,https://blog.naver.com/juhyun9909/223246456526
2023-10-25,,https://blog.naver.com/flat11880
2023-10-25,"성동저신용자아파트담보대출최대한도로 생활자금과 사업자금, 전세퇴거자금으로 활용! 왕십리동 마장동 사근동 행당동 응봉동 금호동 용답동 도선동 옥수동 캐피탈, 저축은행",https://blog.naver.com/flat11880/223246382083
2023-10-25,,https://blog.naver.com/jkl576
2023-10-25,日·中 이어 동남아서도 몰려온다…한국 新관광명소 뜬 이곳,https://blog.naver.com/jkl576/223246301445
2023-10-25,,https://blog.naver.com/imitate4280
2023-10-25,신설동역 개인회생 선택 전 필수 참고사항,https://blog.naver.com/imitate4280/223246300049
2023-10-25,일산 호수공원 맞춤 정장 사르베토 일산점 고민이된다면 이곳으로,https://blog.naver.com/bopslh4zbx/223246125900
2023-10-25,,https://blog.naver.com/ddobi_i
2023-10-25,서울의 대표 생태공원이자 성수동의 랜드마크 :: 서울숲,https://blog.naver.com/ddobi_i/223246109789
2023-10-25,,https://blog.naver.com/gmlakd_347
2023-10-25,데이트 장소로 좋은 성수 맛집 무색,https://blog.naver.com/gmlakd_347/223246081721
2023-10-25,,https://blog.naver.com/hastimisa
2023-10-25,성수동 한바퀴(feat. 미사 인센스 부자 ◡̈),https://blog.naver.com/hastimisa/223246043396
2023-10-25,,https://blog.naver.com/jihyunisthebest
2023-10-25,11월 단풍 명소,https://blog.naver.com/jihyunisthebest/223246037810
2023-10-25,,https://blog.naver.com/jungookson
2023-10-25,전국 은행나무 단풍 명소,https://blog.naver.com/jungookson/223245970967
2023-10-25,,https://blog.naver.com/flatn_
2023-10-25,Paris,https://blog.naver.com/flatn_/223245870195
2023-10-26,,https://blog.naver.com/sptoday
2023-10-26,사인이 있는 풍경 – 전남 순천 ‘브루웍스’,https://blog.naver.com/sptoday/223247637099
2023-10-26,,https://blog.naver.com/kamdak
2023-10-26,서울 성수동 투어와 뚝섬한강공원 드론쇼 직관,https://blog.naver.com/kamdak/223247494026
2023-10-26,,https://blog.naver.com/az7zndyn
2023-10-26,성수동 맛집 핵밥 성수본점 사람들이 추천하는 동네 명소 저도 다녀왔어요 ㅎㅎㅎ,https://blog.naver.com/az7zndyn/223247444466
2023-10-26,서울숲단풍 피크닉 은행나무숲 성수데이트,https://blog.naver.com/emclair/223247428592
2023-10-26,,https://blog.naver.com/roomofjini
2023-10-26,Day1 in NY : 뉴욕 맨해튼 셀프 워킹투어로 한바퀴 돌아보기,https://blog.naver.com/roomofjini/223247319649
2023-10-26,,https://blog.naver.com/jjinews2580
2023-10-26,"남해군 대표관광지 독일마을, 제2의 도약 ‘순항’",https://blog.naver.com/jjinews2580/223247247179
2023-10-26,,https://blog.naver.com/fd345fv
2023-10-26,샷시로 만나는 성동구의 아름다움,https://blog.naver.com/fd345fv/223247113085
2023-10-26,,https://blog.naver.com/ksv98
2023-10-26,"가을 바람이 솔솔 불어오는 10월, 지하철 무료 재승차 15분을 활용한 ‘스탬프 투어’ 함께 떠나 보실래요?",https://blog.naver.com/ksv98/223247096270
2023-10-26,"[오늘의 맛집 소식] 23.10.26 '2tv 생생정보 맛집'…홍게 무한리필 外 & 지역 맛집 판로확대 방법, 홈쇼핑 말고 ‘배민’도 있다? & '저평가' 배당 맛집...주목받는",https://blog.naver.com/032gms/223246895360
2023-10-26,,https://blog.naver.com/rene1596
2023-10-26,[서울볼거리]한양도성 2코스 낙산에서 바라본 서울 야경과 도성길,https://blog.naver.com/rene1596/223246887686
2023-10-26,"'생방송투데이' 서울 성수동 뚝섬역 역주행 맛집, 뼈구이·꽃삼겹 고깃집 vs 토마호크포크커틀렛 레스토랑 위치는?",https://blog.naver.com/prime201/223246842589
2023-10-27,서울 여행지 성수동 명소 서울숲 언제 가도 편한 곳,https://blog.naver.com/chingu_yh/223248607706
2023-10-27,"[서울 가볼만한 곳]성수동 핫플 <동대문 엽떡 팝업 스토어> : 현장대기, 굿즈, 신메뉴 마라로제 콘치즈, 체험 후기",https://blog.naver.com/titincoco/223248590376
2023-10-27,,https://blog.naver.com/e_dicu
2023-10-27,입구부터 독특한 핫플레이스 성수맛집 성수다락,https://blog.naver.com/e_dicu/223248585101
2023-10-27,,https://blog.naver.com/hoisinsauce
2023-10-27,성수동 팝업투어2. 동대문엽기떡볶이 팝업스토어,https://blog.naver.com/hoisinsauce/223248423207
2023-10-27,,https://blog.naver.com/inhasung95
2023-10-27,성수전략정비구역 및 성수동 상권,https://blog.naver.com/inhasung95/223248360360
2023-10-27,,https://blog.naver.com/dlcommunication
2023-10-27,[댓글이벤트] DL이앤씨가 소개하는 2023년 가을 나들이 명소,https://blog.naver.com/dlcommunication/223248358966
2023-10-27,,https://blog.naver.com/purewitc
2023-10-27,재태크책: 김경민-부동산 트렌드 2023,https://blog.naver.com/purewitc/223248263838
2023-10-27,,https://blog.naver.com/u600g
2023-10-27,"건축, 핫플레이스, 있는 공간 없는 공간 (유정수, 플로우 서울)",https://blog.naver.com/u600g/223248235330
2023-10-27,,https://blog.naver.com/choixhyun
2023-10-27,드디어 여기가 그곳이네,https://blog.naver.com/choixhyun/223248185979
2023-10-27,"한옥 카페, 2019년 성수동 카페 어니언은 지금 어떻게 변했을까?",https://blog.naver.com/woosun5308/223247831438
2023-10-27,,https://blog.naver.com/vgt0901
2023-10-27,"[참좋은 영상] 성수동의 과거와 현재, 작가와 함께 하는 도슨트 투어",https://blog.naver.com/vgt0901/223247144814
2023-10-27,,https://blog.naver.com/yks5263
2023-10-27,"2023년 10월 대만 타이베이 여행 3편 - 용산사, 송산 문창 원구, 상견니 투어",https://blog.naver.com/yks5263/223247898560
2023-10-27,서울 단풍 명소 서울숲길 단풍구경 시기 성수동 데이트 가볼만한곳,https://blog.naver.com/yesun81/223247896582
2023-10-27,눈도 즐겁고 입도 즐거운…서울서 즐기는 단풍 맛집[편식쟁이 주바리의 내돈내먹 찐리뷰],https://blog.naver.com/prime201/223247867778
2023-10-27,"[서울 가을 여행지] “카페 텅”, “창덕궁”, 서촌 핫플 “스태픽스”, 명동 “몰또 이탈리안 에스프레소바”, “해방촌”, “서울숲”, “송정제방길”, “양회대교와 양화한강공원”",https://blog.naver.com/cinnabar0/223247791297
2023-10-27,,https://blog.naver.com/jieun8846
2023-10-27,왜 팝업스토어는 성수에 생길까?,https://blog.naver.com/jieun8846/223247724889
2023-10-28,,https://blog.naver.com/chaepool
2023-10-28,성수동 일본에 온 듯한 분위기 좋은 이자카야 - 타치노미바이토라,https://blog.naver.com/chaepool/223249283678
2023-10-28,,https://blog.naver.com/hjcmen
2023-10-28,"성수 맛집 | 자연도소금빵in 성수 | 성수 골목에서 이 빵냄새 참을 수 있기? 없기? / 성수 소금빵맛집 (매장, 메뉴, 가격, 포장 후기)",https://blog.naver.com/hjcmen/223249256632
2023-10-28,,https://blog.naver.com/callmediana
2023-10-28,"시흥 감성 카페 추천, 카페 홀리 ☕️ 바스크치즈케이크 맛집이었다!",https://blog.naver.com/callmediana/223249211917
2023-10-28,,https://blog.naver.com/sayheeze
2023-10-28,"강원도 여행 2 (태백 가볼만한 곳 바람의 언덕, 구문소, 함백산 은하수 별 구경 출사)",https://blog.naver.com/sayheeze/223249203548
2023-10-28,,https://blog.naver.com/eun_yon
2023-10-28,서울 성수동 데이트 서울숲 단풍 주차장 돗자리 피크닉 놀거리 사슴 맛집 카페,https://blog.naver.com/eun_yon/223249167736
2023-10-28,[오늘의 여행 소식] 23.10.28 모두투어 관광객 사망 3일 만에 또…자유여행 한국인 1명 사망 & MZ가 ‘픽’한 해외 여행지 몽골…비수기에도 ‘핫’하네 & [국제포토] 크,https://blog.naver.com/032gms/223249074034
2023-10-28,,https://blog.naver.com/snr829
2023-10-28,서울 야경 노을 명소 한강 남산타워 서울 가볼만한곳 성수구름다리 용양봉저정공원 남산서울타워 달맞이봉공원 응봉산 눕카페&피자펍 녹사평육교 한강초교앞육교 무지개분수 서래섬...,https://blog.naver.com/snr829/223248932356
2023-10-28,,https://blog.naver.com/cocokiki0704
2023-10-28,서울 루프탑 파티룸 옥탑방성수 바베큐 파티를 즐길 수 있는 캠핑 감성 장소,https://blog.naver.com/cocokiki0704/223248863032
2023-10-28,"[오늘의 맛집 소식] 23.10.28 “사장처럼 일했더니 사장 됐네요”…‘디저트 맛집’ 만드는 황금손 & 맛집골목 '썰렁'…""매출 반토막"" 핼러윈 악몽에 떠는 이태원 [르포] &",https://blog.naver.com/032gms/223248778643
2023-10-28,,https://blog.naver.com/moontao
2023-10-28,건물 외벽 대형 현수막 거치대 구조물 금속프레임 틀 설치 시공 현장,https://blog.naver.com/moontao/223248776266
2023-10-28,,https://blog.naver.com/m_friend
2023-10-28,서울의 아름다운 단풍 명소 BEST 10,https://blog.naver.com/m_friend/223248722384
2023-10-29,,https://blog.naver.com/airlight22
2023-10-29,성수동레스토랑 브런치하기 좋은 오스테리아 파로,https://blog.naver.com/airlight22/223249876481
2023-10-29,,https://blog.naver.com/sm8778
2023-10-29,서울을 걷다(서울숲 그리고 한강공원),https://blog.naver.com/sm8778/223249825083
2023-10-29,,https://blog.naver.com/twinkle0401
2023-10-29,라프레 플루트 서울숲뷰 무화과 디저트 성수동카페 RAFRE FRUIT 국내 단풍 구경,https://blog.naver.com/twinkle0401/223249740755
2023-10-29,,https://blog.naver.com/limrich_
2023-10-29,이태원 참사 1주기 추모,https://blog.naver.com/limrich_/223249679167
2023-10-29,위스위츠 서울숲 푸딩 맛집 마시멜로 라떼 카페 성수동데이트 가을 단풍 명소,https://blog.naver.com/twinkle0401/223249670217
2023-10-29,,https://blog.naver.com/dub2
2023-10-29,"서울숲역 맛집_육육면관, 곱빼기 무료! 중국 현지인의 요리를 맛보는 곳~ 서울숲역 데이트코스로 추천",https://blog.naver.com/dub2/223249650273
2023-10-29,,https://blog.naver.com/eunmeechoi9508
2023-10-29,소월 아트홀에서 한 어반 스케치 전시회 관람/ 성수동 거리 산책,https://blog.naver.com/eunmeechoi9508/223249648982
2023-10-29,,https://blog.naver.com/jihong88
2023-10-29,10월의 어느 멋지고 벅찬 날들: 10월 결산 일상기록,https://blog.naver.com/jihong88/223249622626
2023-10-29,,https://blog.naver.com/kjslove21
2023-10-29,성수동 맛집 살라댕템플 성수 핫플 등극 디올성수 데이트코스,https://blog.naver.com/kjslove21/223249591352
2023-10-29,서울 단풍 명소 6 선유도공원 양재시민의숲 남산둘레길,https://blog.naver.com/mixsun/223249562151
2023-10-29,,https://blog.naver.com/creativeodyssey
2023-10-29,성수동 핫한 카페 누데이크 성수,https://blog.naver.com/creativeodyssey/223249525419
2023-10-29,,https://blog.naver.com/seongsu_manim
2023-10-29,성수 강진군 초록믿음 강진테이블 팝업스토어 방문기,https://blog.naver.com/seongsu_manim/223249520855
2023-10-29,tvN드라마 무인도의디바 촬영지배경장소 제주필지도황우치해변 상주춘삼도경천섬 맥문동소나무숲 학전망대 남해송정 통영연화도 캠핑장 LP뮤직바 엔터사 콘서트장여행,https://blog.naver.com/hsc660312/223249433100
2023-10-30,올리브영 다이어트 식후필수템 메타그린 아모레 성수 팝업스토어 후기,https://blog.naver.com/lhy9024/223250783137
2023-10-30,,https://blog.naver.com/yooniii_k
2023-10-30,"[서울숲]5 to 7, 서울숲카페거리 예쁜 카페 추천, 성수동 수플레 맛집",https://blog.naver.com/yooniii_k/223250764636
2023-10-30,,https://blog.naver.com/painted_02
2023-10-30,"서울 응봉산 팔각정 야경, 등산 최단코스로 간 후기!",https://blog.naver.com/painted_02/223250481828
2023-10-30,,https://blog.naver.com/nowherenowhere_
2023-10-30,[서울카페] 성수동 카페 TEAROOM 내돈내산 후기! 장단점과 맛 평가는?,https://blog.naver.com/nowherenowhere_/223250052093
2023-10-31,,https://blog.naver.com/isquared
2023-10-31,성수동 데이트 팬톤클래식 기막힌 프렌치토스트 맛집,https://blog.naver.com/isquared/223252075220
2023-10-31,,https://blog.naver.com/serry222
2023-10-31,성수 데이트 코스 성수맛집 미쁘동,https://blog.naver.com/serry222/223252046860
2023-10-31,,https://blog.naver.com/luvinnerpeace
2023-10-31,서울숲맛집 고우성수 정갈한 반찬과 스테이크솥밥 성수동데이트코스,https://blog.naver.com/luvinnerpeace/223252037089
2023-10-31,서울숲 성수데이트 코스 빵지순례 퍼먼트 베이커리카페,https://blog.naver.com/badasarang85/223252016965
2023-10-31,,https://blog.naver.com/yunisunny0703
2023-10-31,서울숲 브런치 카페 37.5시그니처 성수역 분위기 데이트 코스,https://blog.naver.com/yunisunny0703/223251997006
2023-10-31,,https://blog.naver.com/hana_one_
2023-10-31,성수동 가볼 만한 곳 놀 거리 무인 팝업스토어 타월로지스트,https://blog.naver.com/hana_one_/223251994496
2023-10-31,,https://blog.naver.com/bnv5823
2023-10-31,성수동 맛집 신선한 해산물들이 어우러져 맛있는 요리로 유명한 부우이,https://blog.naver.com/bnv5823/223251868835
2023-10-31,,https://blog.naver.com/juncc0628
2023-10-31,서울숲 맛집 인테리어가 멋진 부우이,https://blog.naver.com/juncc0628/223251858843
2023-10-31,성수동 서울숲 단풍 보러 가볼만한곳 11월 가을 명소 은행나무길 위치,https://blog.naver.com/0307khy/223251829356
2023-10-31,,https://blog.naver.com/tjsgpwl22
2023-10-31,부우이 지중해컨셉의 서울숲 맛집,https://blog.naver.com/tjsgpwl22/223251803461
2023-10-31,,https://blog.naver.com/alfks4040
2023-10-31,서울 단풍명소 성수동 데이트 코스 서울숲 단풍 자전거 페달카트 대여,https://blog.naver.com/alfks4040/223251645550
2023-10-31,[계약완료] 성수동 동일로 대로변 가로로 넓은 상가 통창 겸비한 1층 상가 18평 (5000/250만원),https://blog.naver.com/goldenplace59/223251602776
2023-10-31,서울 단풍구경 서울숲 가을단풍이 아름다운 서울숲에 다녀왔어요,https://blog.naver.com/bellaluna_/223251556823
2023-10-31,,https://blog.naver.com/hamster0_
2023-10-31,성수 디저트 ㅣ 과일모찌ㅣ한정선 ㅣ 고급 디저트 선물 ㅣ 성수과일모찌 맛집이지롱,https://blog.naver.com/hamster0_/223251338227
2023-10-31,성수 소품샵 가볼만한곳 소브티하우스 핫플 데이트 코스 산리오 짱구 굿즈 가득,https://blog.naver.com/pang_doo/223250638255
2023-10-31,,https://blog.naver.com/byt0108
2023-10-31,서울 이색 명소 / 성동구 ‘서울숲’,https://blog.naver.com/byt0108/223251281885
2023-10-31,,https://blog.naver.com/lovekvks
2023-10-31,그리워했던 가을이 반가울 새도 없이 가 버리고,https://blog.naver.com/lovekvks/223251261027
2023-10-31,"스타벅스 경동1960점 찹쌀도너츠, 이천농장 육고기등 즐거운 전통시장 경동시장 나들이 !!",https://blog.naver.com/camper111/223243479309
2023-10-31,서울숲 단풍 시기 성수동 데이트 서울 가을나들이 피크닉,https://blog.naver.com/bomnarigom/223251141920
2023-10-31,서울 여행지 추천 성수동 핫플 카페거리 데이트 소품샵,https://blog.naver.com/suk4408/223250904721
2023-11-01,,https://blog.naver.com/qazqazsd11
2023-11-01,성수 파스타 지중해 요리와 유럽 요리맛집 부우이,https://blog.naver.com/qazqazsd11/223253135277
2023-11-01,,https://blog.naver.com/seung2435
2023-11-01,"[경북/경주] 2박3일 가을여행, 1일차 일정 : 경주천년숲정원-통일전-황리단길-월정교 (10월 마지막 주)",https://blog.naver.com/seung2435/223253057647
2023-11-01,성수동 데이트코스 추천 서울숲 뷰맛집 부우이,https://blog.naver.com/dleksql101807/223253049310
2023-11-01,서울숲 단풍 절정시기 성수동 핫플 명소 야간 데이트 사진찍기 좋은곳,https://blog.naver.com/yesun81/223253041803
2023-11-01,,https://blog.naver.com/luvddang9
2023-11-01,라이프 | 최근의 기록들.,https://blog.naver.com/luvddang9/223253041121
2023-11-01,,https://blog.naver.com/29power7
2023-11-01,서울 가을 여행지 추천 서울 단풍 명소 핫~플 성수동 서울숲 주차정보,https://blog.naver.com/29power7/223252946193
2023-11-01,성수 파스타 데이트 장소로 좋은 부우이,https://blog.naver.com/dream777_1/223252939535
2023-11-01,,https://blog.naver.com/aldusl79
2023-11-01,성수 비스트로 부우이 추천해요,https://blog.naver.com/aldusl79/223252919136
2023-11-01,,https://blog.naver.com/taehunkkm
2023-11-01,뚝섬 맛집 부우이 서울숲 데이트하기 좋은 맛집,https://blog.naver.com/taehunkkm/223252828154
2023-11-01,,https://blog.naver.com/parkbh2015
2023-11-01,숲속뷰 성수 해산물 맛집 추천 ♣부우이,https://blog.naver.com/parkbh2015/223252793487
2023-11-01,,https://blog.naver.com/minjeongk1
2023-11-01,10/29 서울 단풍구경 백범공원(남산) 주말 현황. 더 유명해지기 전에 다녀오세요!,https://blog.naver.com/minjeongk1/223252753269
2023-11-01,,https://blog.naver.com/hajueun5
2023-11-01,2024 트렌드코리아 : 2023년회고2 책리뷰3] 주사위는 던져졌다! 루비콘강 너머 새로운 세계를 넘어선다!,https://blog.naver.com/hajueun5/223252710830
2023-11-01,,https://blog.naver.com/bora900109
2023-11-01,핫플레이스 : 성수동 버버리 팝업스토어 후기 (사은품 머그컵),https://blog.naver.com/bora900109/223252595071
2023-11-01,,https://blog.naver.com/pyj0225
2023-11-01,"서울 은행나무 명소 (국립민속박물관, 국립고궁박물관,서촌 은행나무길)",https://blog.naver.com/pyj0225/223252475204
2023-11-01,,https://blog.naver.com/dbsl7531
2023-11-01,서울숲 가을 단풍 서울숲 은행나무숲 위치 포토존,https://blog.naver.com/dbsl7531/223252375158
2023-11-01,"[현재 서울숲 단풍소식~] 서울숲 단풍 코스 성수동 서울 숲길 은행나무 단풍길 서울숲 주차장 정보,입장료",https://blog.naver.com/ysr3789/223252359125
2023-11-01,,https://blog.naver.com/heommjj
2023-11-01,왜 쪽쪽이를 끊으셨나요...21개월 쪽쪽이 끊기,https://blog.naver.com/heommjj/223252350099
2023-11-01,,https://blog.naver.com/groadbelle
2023-11-01,"서울 성수동 맛집,' 저녁 회식 추천",https://blog.naver.com/groadbelle/223246024702
2023-11-01,일산라페스타 맞춤 정장 사르베토 일산점 지금 준비해 보세요,https://blog.naver.com/bopslh4zbx/223252262547
2023-11-01,,https://blog.naver.com/upxubgi282
2023-11-01,실제로 방문해본 뒤에 올려드리는 성수동 호텔 방문 리뷰,https://blog.naver.com/upxubgi282/223252209356
2023-11-01,제주동쪽카페 펍 야간 가볼만한 곳 구좌읍 종달리 보롬창고 힙해요!,https://blog.naver.com/alwayslike21/223252142658
2023-11-02,부우이 성수 파스타 추천 데이트하기 좋은,https://blog.naver.com/wlsdls6/223254109291
2023-11-02,,https://blog.naver.com/woojuin1208
2023-11-02,데이트장소로 좋은 성수 파스타 맛집 부우이,https://blog.naver.com/woojuin1208/223254074257
2023-11-02,,https://blog.naver.com/kjh532945
2023-11-02,[하노이] 롯데몰 웨스트레이크 맛집 테이블 스타 탐방 후기,https://blog.naver.com/kjh532945/223254019345
2023-11-02,,https://blog.naver.com/0517bokki
2023-11-02,성수가볼만한곳 성수 파스타 추천 부우이,https://blog.naver.com/0517bokki/223254001979
2023-11-02,,https://blog.naver.com/kc706869
2023-11-02,부우이 소개팅하기 좋은 곳,https://blog.naver.com/kc706869/223253988399
2023-11-02,,https://blog.naver.com/eho0404
2023-11-02,성수동 맛집 [부우이] 지중해 컨셉의 다양한 해산물 요리와 유럽 요리 맛집,https://blog.naver.com/eho0404/223253969296
2023-11-02,,https://blog.naver.com/starjji826
2023-11-02,서울 단풍 명소 서울숲으로 단풍 구경 다녀왔어요!,https://blog.naver.com/starjji826/223253927113
2023-11-02,,https://blog.naver.com/ju665757
2023-11-02,특별한 맛이 있는 부우이 성수동 맛집 추천,https://blog.naver.com/ju665757/223253921073
2023-11-02,,https://blog.naver.com/snoopy7513
2023-11-02,성수동 맛집 부우이 해산물요리맛집,https://blog.naver.com/snoopy7513/223253879030
2023-11-02,,https://blog.naver.com/design_mag
2023-11-02,삼양라운드스퀘어 CI,https://blog.naver.com/design_mag/223721230384
2023-11-02,,https://blog.naver.com/julia4970
2023-11-02,[23살]#17; 돌아온 시험기간 블로그_성수 소문난 감자탕/신촌 삼미마라탕/광화문 스파게티가 있는 풍경/종각 엄용백돼지국밥/성수 크림라벨/성수 쵸리상경/신촌 고삼이,https://blog.naver.com/julia4970/223253716414
2023-11-02,92호: 살아 움직이는 공연장이 있다?,https://blog.naver.com/designpress2016/223719945592
2023-11-02,,https://blog.naver.com/songrea88
2023-11-02,성수동 반바퀴(성동50플러스) 야외수업3-1(서울숲),https://blog.naver.com/songrea88/223253410626
2023-11-02,"기아, '더 뉴 K5' 페이스리프트 출시 - 더 진화한 디자인과 실내 편의 사양, 고객 선호도 반영해 최적화된 트림별 구성",https://blog.naver.com/racer_r1/223253161218
2023-11-02,"[국내 크리스마스트리 명소] 일찍 시작되는 “현대백화점 더현대 서울” 트리는 이제 스타트, 명동 트리 맛집 “롯데백화점 본점”, 회현역 “신세계백화점 본점”, “디올성수”",https://blog.naver.com/cinnabar0/223253279337
2023-11-02,,https://blog.naver.com/dpfla0619
2023-11-02,"가을에 꼭 가야하는 서울가을억새, 서울단풍명소 추천 (경복궁은행나무, 덕수궁, 하늘공원, 은행나무)",https://blog.naver.com/dpfla0619/223253185658
2023-11-03,,https://blog.naver.com/daisy_tea
2023-11-03,항정살 스테이크가 맛있는 성수 픽픽(PICKPIG) 후기 / 성수스테이크 데이트 맛집,https://blog.naver.com/daisy_tea/223255098725
2023-11-03,성수동 루프탑바 바 포스트스크립트 Bar Postscrip 분위기 좋은 데이트 장소 추천,https://blog.naver.com/ingenuehee/223255075187
2023-11-03,,https://blog.naver.com/mas0328
2023-11-03,인테리어와 뷰 그리고 음식 맛집인 서울숲 맛집 부우이,https://blog.naver.com/mas0328/223255050712
2023-11-03,,https://blog.naver.com/armn1201
2023-11-03,성수맛집 성수다락 평일 웨이팅 | 오므라이스 로제파스타 가츠산도,https://blog.naver.com/armn1201/223255033900
2023-11-03,,https://blog.naver.com/sxvczms
2023-11-03,서울여행 성수동 핫플투어 난포|뵈르뵈르|헤븐센스|네이키드몰트|버버리|대흥양다리바베큐|나누리잡화점,https://blog.naver.com/sxvczms/223255028559
2023-11-03,,https://blog.naver.com/sswq1r
2023-11-03,성수 파스타 성수가볼만한곳 부우이,https://blog.naver.com/sswq1r/223255003199
2023-11-03,,https://blog.naver.com/pj111kr
2023-11-03,부우이 부모님과 함께 외식하기 좋은 장소,https://blog.naver.com/pj111kr/223254917921
2023-11-03,,https://blog.naver.com/gamja8504
2023-11-03,성수 서울숲 감성적인 비스트로 부우이,https://blog.naver.com/gamja8504/223254900663
2023-11-03,성수동 핫플레이스 실내데이트로 좋은 미디어아트 카페 모리노키세츠,https://blog.naver.com/davi-kim/223249920604
2023-11-03,서울숲맛집 포피나 파스타 짱맛탱 데이트추천 장소 애견동반도 가능해요,https://blog.naver.com/foren00n/223254876825
2023-11-03,,https://blog.naver.com/yeonaa22
2023-11-03,성수동 맛집 추천 부우이,https://blog.naver.com/yeonaa22/223254874718
2023-11-03,,https://blog.naver.com/euni1914
2023-11-03,"서울숲 파스타 맛집 뽈로파스타, 데이트코스로 좋은 곳",https://blog.naver.com/euni1914/223254858815
2023-11-03,,https://blog.naver.com/chayb03
2023-11-03,미디어 아트로 '달리 & 가우디' 보기; '빛의 시어터 서울' 몰입형 아트 전시를 보고,https://blog.naver.com/chayb03/223254840816
2023-11-03,,https://blog.naver.com/jesusko
2023-11-03,서울 가을 나들이 명소 성수동 서울숲 은행나무숲 단풍길,https://blog.naver.com/jesusko/223254745305
2023-11-03,,https://blog.naver.com/firstling1
2023-11-03,"성수 오꼬노미야끼 맛집, 일본 감성 철판요리 “죠죠”",https://blog.naver.com/firstling1/223254717989
2023-11-03,,https://blog.naver.com/chooyaa
2023-11-03,행궁동맛집 초이다이닝수원행궁점 데이트 코스로 추천해요,https://blog.naver.com/chooyaa/223254703534
2023-11-03,,https://blog.naver.com/mastern_official
2023-11-03,"마스턴투자운용, ‘한국의 브루클린’ 성수권역에서 오피스 선매입 확정 - 무신사 캠퍼스 E1에 이어 성수에서 연이어 오피스 확보",https://blog.naver.com/mastern_official/223254700044
2023-11-03,,https://blog.naver.com/fitkwang
2023-11-03,성수맛집 / 분위기와 맛 전부 다 잡은 성수데이트코스 [ 솔솥 성수점 ],https://blog.naver.com/fitkwang/223254661521
2023-11-03,,https://blog.naver.com/cuteyay
2023-11-03,성수 도치피자 서울3대 화덕피자 성수동 피자맛집 데이트코스 추천,https://blog.naver.com/cuteyay/223254637253
2023-11-03,[부우이] 성수동 맛집 추천!,https://blog.naver.com/saeng6800-/223254583557
2023-11-03,,https://blog.naver.com/hospiuse
2023-11-03,부우이 지중해 컨셉이 잘느껴지는 분위기맛집 성수 파스타 추천,https://blog.naver.com/hospiuse/223254532171
2023-11-03,서울 은행나무 명소 포토스팟 서울숲 은행나무숲 단풍 만끽하기,https://blog.naver.com/sunsun1890/223254516475
2023-11-03,,https://blog.naver.com/babyloshon
2023-11-03,서울가을나들이 서울숲 단풍현황 은행나무길 위치,https://blog.naver.com/babyloshon/223254474089
2023-11-03,,https://blog.naver.com/prayer5011
2023-11-03,성수 파스타 회식이나 가족모임에 좋은맛집 부우이,https://blog.naver.com/prayer5011/223254461859
2023-11-03,"성수 글렌피딕 팝업의 모든 것 :: 글렌피딕 페스티벌 2023 (서울 유명 칵테일바 총출동,사전예약,현장등록,웨이팅 정보)",https://blog.naver.com/min_ttoni/223254434492
2023-11-03,,https://blog.naver.com/ch00nh22
2023-11-03,리오프닝 이후의 공간 전략,https://blog.naver.com/ch00nh22/223254308206
2023-11-03,,https://blog.naver.com/lemoncream0215
2023-11-03,"[ 매일 독서 챌린지 ] 2024 소비 트렌드 전망 ""트렌드 코리아 2024""(~68P)",https://blog.naver.com/lemoncream0215/223254269048
2023-11-03,,https://blog.naver.com/i8ifh86u
2023-11-03,한국의 다양한 이색 카페와 관광명소를 소개하는 블로그 포스팅을 위해 다음과 같이 글을 작성,https://blog.naver.com/i8ifh86u/223254262847
2023-11-04,,https://blog.naver.com/table8764
2023-11-04,답십리역개인회생 소멸 기간이 있다? 채권소멸시효 알아보기!,https://blog.naver.com/table8764/223255796391
2023-11-04,,https://blog.naver.com/shinyi2022
2023-11-04,서울숲 뷰를 즐기는 해산물 요리로 유명한 부우이 성수 맛집 추천,https://blog.naver.com/shinyi2022/223255706605
2023-11-04,[23.11.04 | 스시도쿠 더성수] 성수동데이트코스 로 좋은 서울숲맛집 성수동 초밥,https://blog.naver.com/onlywonand/223255640462
2023-11-04,,https://blog.naver.com/hongdoong2_
2023-11-04,부평맛집 부평구청맛집 부평데이트코스 추천 :: 키치키치타이닝 완전 부평파스맛집이네,https://blog.naver.com/hongdoong2_/223255617503
2023-11-04,,https://blog.naver.com/hush2357
2023-11-04,가을 여행지 서울 가볼만한 곳 서울숲 은행나무 단풍 명소 추천,https://blog.naver.com/hush2357/223255606230
2023-11-04,,https://blog.naver.com/p2977
2023-11-04,성수 파스타 추천 부우이 매력적인 공간과 맛을 느낄수 있는 식당,https://blog.naver.com/p2977/223255596080
2023-11-04,서울숲 맛집 부우이 아름다운 경치와 풍성한 지중해 컨셉 메뉴들이 다양한 곳,https://blog.naver.com/ksy450691/223255566383
2023-11-04,,https://blog.naver.com/dkxprtm-
2023-11-04,서울 성수동 서울숲 맛집-부우이,https://blog.naver.com/dkxprtm-/223255555180
2023-11-04,성수 맛집 멋진 지중해 컨셉과 풍부한 와인리스트로 애호가들이 많은 부우이,https://blog.naver.com/uhee89/223255542751
2023-11-04,,https://blog.naver.com/tjgywjd15
2023-11-04,성수 파스타 추천 양식 맛집 부우이,https://blog.naver.com/tjgywjd15/223255513564
2023-11-04,,https://blog.naver.com/gty001014
2023-11-04,성수맛집 [아파스타먼] 메뉴 추천 | 서울숲 반려동물 동반가능 | 서울숲파스타맛집,https://blog.naver.com/gty001014/223255507677
2023-11-04,,https://blog.naver.com/todays_lora
2023-11-04,성수데이트코스 맛집 양식 미도인 성수(스테이크 덮밥),https://blog.naver.com/todays_lora/223255502901
2023-11-04,,https://blog.naver.com/islay_
2023-11-04,여수 만끽 힙한 신상 맛집 여수여행 코스,https://blog.naver.com/islay_/223254576532
2023-11-04,,https://blog.naver.com/paxleesoo
2023-11-04,"백수의 세상 - 2470. <선망의 도시에서 본 미래, ‘서울 활용법’을 점검하라>",https://blog.naver.com/paxleesoo/223255230533
2023-11-05,,https://blog.naver.com/pangtoriya
2023-11-05,서울 아이와 가볼만한 곳 ｢한국 나들이 명소 추천：서울숲｣ 거울연못 숲속놀이터 물놀이터,https://blog.naver.com/pangtoriya/223256580900
2023-11-05,,https://blog.naver.com/qooodbooop
2023-11-05,2개월만에 재방문한 티비에도 방영된 퓨전떡으로 유명한 서울 성수동 “오복떡집”,https://blog.naver.com/qooodbooop/223256459788
2023-11-05,성수역 카페 맥코이 MCCOYS 성수동 카페거리 핫플레이스 놀거리 서울 주말 데이트코스 나들이 가볼만한곳,https://blog.naver.com/wansojun/223256325300
2023-11-05,수능 끝나고 친구와 주말에 가면 '인생샷' 마구 찍을 수 있는 여행지 베스트 4곳,https://blog.naver.com/insightmedia/223718181171
2023-11-05,,https://blog.naver.com/jurrrrrr
2023-11-05,"성수 가볼만한 곳, 오롬의 첫번째 팝업스토어 LONG PLAYING in 성수아트태그",https://blog.naver.com/jurrrrrr/223256292579
2023-11-05,,https://blog.naver.com/neymar2000
2023-11-05,힐링하며 먹을 수 있는 레스토랑 부우이,https://blog.naver.com/neymar2000/223256200910
2023-11-05,,https://blog.naver.com/dhzldhzl1212
2023-11-05,《부우이》지중해 분위기의 서울숲 뷰 느낄 수있는 뚝섬 맛집입니다,https://blog.naver.com/dhzldhzl1212/223256199413
2023-11-05,,https://blog.naver.com/rnjsalswl2468
2023-11-05,성수동 맛집 서울숲 뷰가 끝내주는 부우이,https://blog.naver.com/rnjsalswl2468/223256184127
2023-11-05,성수 파스타 추천 서울숲 데이트하기 좋은 부우이,https://blog.naver.com/gussk2561/223256183810
2023-11-05,,https://blog.naver.com/glare1107
2023-11-05,서울숲 데이트 타코튜즈데이에서 타코와 맥주 성수동 핫플,https://blog.naver.com/glare1107/223256181733
2023-11-05,,https://blog.naver.com/yoondimarket
2023-11-05,[성동] 포맨스 :: 성수쌀국수맛집 양많은 도가니쌀국수추천 서울숲데이트코스,https://blog.naver.com/yoondimarket/223256169040
2023-11-05,,https://blog.naver.com/asdf-0423
2023-11-05,성수 파스타 추천 부우이 알리오뽈뽀가 맛있는곳,https://blog.naver.com/asdf-0423/223256165152
2023-11-05,,https://blog.naver.com/ruddls2055
2023-11-05,"분위기 깡패- 성수동 밤 늦게까지 하는 칵테일 바 ""조디악""",https://blog.naver.com/ruddls2055/223256163769
2023-11-05,,https://blog.naver.com/thdus589-
2023-11-05,"성수 맛집 부우이 지중해 분위기의 멋진 공간과 맛있는 해산물 요리, 파스타 등 유럽 요리가 일품!",https://blog.naver.com/thdus589-/223256158409
2023-11-05,,https://blog.naver.com/skl2535
2023-11-05,"서울 가을 나들이하기 좋은 곳 - 뚝섬 한강 공원, 서울숲 | 아이폰으로 인생샷 건지기 | 이번 주 일몰 시간",https://blog.naver.com/skl2535/223256146156
2023-11-05,,https://blog.naver.com/92lmk_
2023-11-05,성수 맛집후기 부우이,https://blog.naver.com/92lmk_/223256144472
2023-11-05,,https://blog.naver.com/haryu_
2023-11-05,서울숲 더스페이스 지식산업센터 모델하우스 분양가,https://blog.naver.com/haryu_/223256136839
2023-11-05,,https://blog.naver.com/kimgl0727
2023-11-05,[서울 강남] 오디티모드 강남 | 강남 사진관 강남역 흑백 셀프사진관 데이트코스 오디티모드,https://blog.naver.com/kimgl0727/223256046010
2023-11-05,서울숲 성수 핫플레이스 맛집 데이트코스 추천 엘릿,https://blog.naver.com/on3674_/223230438476
2023-11-05,,https://blog.naver.com/bnbn3480
2023-11-05,"루프 베이커리 카페, 성수동의 숨은 디저트 천국 발견!친구들이랑 가봐야할곳!",https://blog.naver.com/bnbn3480/223255965618
2023-11-05,덕이동 맞춤정장 사르베토 일산점 갈때마다 만족스럽던,https://blog.naver.com/w5r8kbmr/223255948660
2023-11-06,서울 광장시장 먹자골목 먹거리부터 주차장까지 총정리,https://blog.naver.com/virginia07/223257616859
2023-11-06,,https://blog.naver.com/supia0701
2023-11-06,깊어가는 어느 가을날의 서울숲과 성수동 카페골목,https://blog.naver.com/supia0701/223257505239
2023-11-06,,https://blog.naver.com/081972
2023-11-06,"부우이, 맛있는 성수 파스타 추천",https://blog.naver.com/081972/223257490679
2023-11-06,,https://blog.naver.com/lovellly0121
2023-11-06,서울숲 뷰 성수동 맛집 부우이,https://blog.naver.com/lovellly0121/223257422270
2023-11-06,,https://blog.naver.com/hj486y
2023-11-06,서울숲 맛집 부우이 분위기 쩔어~,https://blog.naver.com/hj486y/223257383226
2023-11-06,,https://blog.naver.com/molela
2023-11-06,순천_브루윅스,https://blog.naver.com/molela/223257377600
2023-11-06,,https://blog.naver.com/rbehd8001
2023-11-06,"[상권 분석] MZ세대들이 북적북적하며, 선택한 핫플레이스 ""성수동"" 대표적인 젠트리피케이션 동네",https://blog.naver.com/rbehd8001/223257302069
2023-11-06,,https://blog.naver.com/freesia7747
2023-11-06,성수 파스타 추천 부우이 성수동맛집 데이트 장소로 인기좋은 곳 추천해요,https://blog.naver.com/freesia7747/223257268919
2023-11-06,,https://blog.naver.com/smlmj0424
2023-11-06,부우이 성수 맛집 추천 애견동반 가능한 뷰맛집,https://blog.naver.com/smlmj0424/223257193699
2023-11-06,,https://blog.naver.com/smartbird_jung
2023-11-06,"[멋 따라] 성수, 서울숲 브런치 맛집 '포도피자'",https://blog.naver.com/smartbird_jung/223257032392
2023-11-06,,https://blog.naver.com/dowan1221
2023-11-06,성수동 분위기 좋은 와인바 칠칠칠chillchillchill,https://blog.naver.com/dowan1221/223256950215
2023-11-06,리테일/오피스 뉴스(2023.11.06),https://blog.naver.com/todaygetideug/223256914712
2023-11-06,,https://blog.naver.com/nani030v
2023-11-06,서울가볼만한곳 단풍 명소 절정맞이한 서울숲 구경가기,https://blog.naver.com/nani030v/223256794231
2023-11-06,,https://blog.naver.com/gosemvhs1978
2023-11-06,성수동 서울숲 단풍 은행나무 길 포토스팟 아이와 나들이 코스,https://blog.naver.com/gosemvhs1978/223256773267
2023-11-06,,https://blog.naver.com/dlwnghks159
2023-11-06,서울앵무새 카페맛집입니다 많이 찾아주세요,https://blog.naver.com/dlwnghks159/223256739307
2023-11-06,서울 단풍 명소 (부제 : 부동산 임장과 함께 하는 단풍 여행),https://blog.naver.com/jedpark/223256713590
2023-11-06,LG OLED Art Wave: Long Dream 팝업과 전시 - 성수동 쎈느,https://blog.naver.com/eunicemin/223256431070
2023-11-06,,https://blog.naver.com/chorock8
2023-11-06,"후쿠오카 여행 1일차 l 레이센공원, 캐들시티, 코멘트커피, 텐진, 나카스거리(정보성X,기록용O)",https://blog.naver.com/chorock8/223256652988
2023-11-06,,https://blog.naver.com/educate4046
2023-11-06,성수동 하이볼 마셨던 밤토리,https://blog.naver.com/educate4046/223256619156
2023-11-07,,https://blog.naver.com/alsdud1402
2023-11-07,성수맛집 고우성수 서울가볼만한곳 성수동데이트코스,https://blog.naver.com/alsdud1402/223258558753
2023-11-07,,https://blog.naver.com/naysjc7e
2023-11-07,"코로나19로 인해 해외여행길이 막히면, 세계의 도심 공원에서 휴식하세요",https://blog.naver.com/naysjc7e/223258429929
2023-11-07,,https://blog.naver.com/kings-rea
2023-11-07,[11932] 자연 속 쉼터로 자리 잡은 서울과 가장 인접한 구리 아치울마을 아르카디아,https://blog.naver.com/kings-rea/223258366316
2023-11-07,,https://blog.naver.com/stretch9549
2023-11-07,성수 데이트 코스 - 훈연 과정으로 맛깔난 스테이크솥밥 & 성수동 우리마키,https://blog.naver.com/stretch9549/223258335291
2023-11-07,서울 가을 브롬톤 자전거 라이딩 서울숲 단풍 구경 나들이 은행나무숲,https://blog.naver.com/yeepi01/223258164232
2023-11-07,,https://blog.naver.com/tessverymuch
2023-11-07,"[가을데이트코스_03] 이번주 꼭 가야할 <서울숲피크닉 > 11월 가을여행지, 야외요가 페이스필라테스 페이스핏 클래스 (얼굴붓기빼는법)",https://blog.naver.com/tessverymuch/223258101827
2023-11-07,,https://blog.naver.com/candy30736
2023-11-07,"부동산 뉴스 클리핑 11월 2주차 (2) / 성수동 팝업천국, 더현대 인증샷명소, 위워크의 몰락",https://blog.naver.com/candy30736/223258057380
2023-11-07,서울숲 맛집으로 유명한 성수동 맛집 추천 부우이,https://blog.naver.com/sntongil0415/223258054726
2023-11-07,,https://blog.naver.com/redwingggg
2023-11-07,한 뼘의 계절에서 배운 것,https://blog.naver.com/redwingggg/223258007406
2023-11-07,서울숲역 브런치 벨라스가든 서울숲점,https://blog.naver.com/vudod1/223257299234
2023-11-07,,https://blog.naver.com/mfybj
2023-11-07,부우이 성수 맛집 추천 지중해 감성가득,https://blog.naver.com/mfybj/223257979412
2023-11-07,,https://blog.naver.com/plus45pm
2023-11-07,부우이 성수 비스트로 지중해 컨셉,https://blog.naver.com/plus45pm/223257979463
2023-11-07,,https://blog.naver.com/lkk1011
2023-11-07,부우이 성수동 맛집 데이트하기 좋아요,https://blog.naver.com/lkk1011/223257899088
2023-11-07,,https://blog.naver.com/xuanxin1106
2023-11-07,서울숲 맛집 /부우이 /데이트코스추천/와인맛집,https://blog.naver.com/xuanxin1106/223257847489
2023-11-07,,https://blog.naver.com/didmskang19
2023-11-07,성수 비스트로 서울숲 뷰 멋진 부우이,https://blog.naver.com/didmskang19/223257844846
2023-11-07,,https://blog.naver.com/vhdpqj48
2023-11-07,뚝섬 맛집 서울숲 뷰가 환상인 부우이,https://blog.naver.com/vhdpqj48/223257836780
2023-11-07,,https://blog.naver.com/hhs9283
2023-11-07,"이곳, 즐기기에 부족함이 없다. 서울단풍 명소 서울숲 공원 주차장",https://blog.naver.com/hhs9283/223257832947
2023-11-07,,https://blog.naver.com/terryhappy_
2023-11-07,부우이 성수동 맛집이예요,https://blog.naver.com/terryhappy_/223257799365
2023-11-07,,https://blog.naver.com/eettyy1234
2023-11-07,부우이 성수 파스타 추천 서울숲이 보이는 루프탑 뷰,https://blog.naver.com/eettyy1234/223257778676
2023-11-07,김포시 맞춤 정장 사르베토 일산점 핏과 라인 두가지를 한꺼번에,https://blog.naver.com/52vn_7wg3sc/223257750020
2023-11-07,"뉴욕 맨하탄 2일차: 1) Wall Street, Trinity Church, 911 Memorial Park, Dumbo 그리고 Brooklin Bridge",https://blog.naver.com/nusnos1/223257670321
2023-11-08,,https://blog.naver.com/komaof1004
2023-11-08,"팝업스토어 구경하고 꼭 가봐야하는 성수데이트코스, 성수핫플맛집 미도인 성수",https://blog.naver.com/komaof1004/223259582194
2023-11-08,"부산여행코스 야경도 멋진 용두산공원, 도구리 팝업 운영(~11/11)",https://blog.naver.com/sunhea0729/223259579549
2023-11-08,성수데이트코스 성수핫플맛집 미도인,https://blog.naver.com/nimoforever/223259558058
2023-11-08,,https://blog.naver.com/enzoha
2023-11-08,성수동맛집 부우이,https://blog.naver.com/enzoha/223259516549
2023-11-08,,https://blog.naver.com/wowphk99
2023-11-08,♥분위기 깡패 서울 연말모임장소 추천 [옥탑방성수],https://blog.naver.com/wowphk99/223259509960
2023-11-08,,https://blog.naver.com/didmskang17
2023-11-08,성수 맛집 지중해 분위기 좋은 부우이,https://blog.naver.com/didmskang17/223259445521
2023-11-08,성수 파스타 맛집 부우이,https://blog.naver.com/jenjenjen77/223259406488
2023-11-08,,https://blog.naver.com/hahaha1105
2023-11-08,"[도날드의 맛집추천]4.두부가 참 맛있는 집, 푸드갤러리빈 in 성수동",https://blog.naver.com/hahaha1105/223259372135
2023-11-08,,https://blog.naver.com/bborii2
2023-11-08,성수 라면 맛집 라무라 데이트 코스 추천합니다,https://blog.naver.com/bborii2/223259369652
2023-11-08,,https://blog.naver.com/t_auction
2023-11-08,"서울숲, 외국인 관광객 위해 영어로 안내하는 전통놀이 운영",https://blog.naver.com/t_auction/223259320387
2023-11-08,,https://blog.naver.com/junseo6020
2023-11-08,부우이 성수 파스타 루프탑 야경맛집,https://blog.naver.com/junseo6020/223259241893
2023-11-08,,https://blog.naver.com/5s9r4at1
2023-11-08,성수동에서 배우는 퍼스널 브랜딩의 중요성,https://blog.naver.com/5s9r4at1/223259181073
2023-11-08,,https://blog.naver.com/mihing93
2023-11-08,"서울숲 뷰 성수 맛집 추천, 부우이",https://blog.naver.com/mihing93/223259156199
2023-11-08,,https://blog.naver.com/nayahklee
2023-11-08,서울단풍 명소 -서울숲 만추의 서정,https://blog.naver.com/nayahklee/223259121020
2023-11-08,11월 제주도 가볼만한곳 가을 억새 제주 볼거리,https://blog.naver.com/findjeju/223259071930
2023-11-08,"""평당 150만원"" 리모델링의 마법…36년 된 모텔 MZ세대 명소된 비결",https://blog.naver.com/realty_go/223259070150
2023-11-08,,https://blog.naver.com/ryusangpil
2023-11-08,사진관 스튜디오 준공청소 전문업체 뉴클린,https://blog.naver.com/ryusangpil/223259018069
2023-11-08,,https://blog.naver.com/jheeya2
2023-11-08,"[성수동 핫플레이스] tongue ""텅 성수 스페이스"" 힙 충전하고 가세요~",https://blog.naver.com/jheeya2/223257309657
2023-11-08,,https://blog.naver.com/heoijeong
2023-11-08,"[10月] October Record | 아워글래스 쓰릴&앤티스 | 중앙공원 연등축제 | 대부도 맛집 (사또횟집, 플로레도커피 선재점) | 스키즈 언베일 콘서트 | 성수 당도",https://blog.naver.com/heoijeong/223255551015
2023-11-08,,https://blog.naver.com/shirity0012
2023-11-08,맛의 비밀을 찾다 성수동필수코스 서울숲 포도피자,https://blog.naver.com/shirity0012/223258889009
2023-11-08,,https://blog.naver.com/shirity
2023-11-08,성수동 필수 코스 서울숲 포도피자의 매력 속으로,https://blog.naver.com/shirity/223258884968
2023-11-08,,https://blog.naver.com/jelkajelka
2023-11-08,23.11.08 뉴스정리 (아침),https://blog.naver.com/jelkajelka/223258848599
2023-11-08,,https://blog.naver.com/hlhhash777
2023-11-08,"[서울 가볼만한곳] 서울 단풍 명소, 데이트 코스, 산책하기 좋은 곳, 성수동 서울숲 단풍 구경 나들이",https://blog.naver.com/hlhhash777/223258452522
2023-11-08,서울 성수 편집샵 토우드 리빙 인테리어 아이템 유니크한 소품샵 데이트 코스 추천,https://blog.naver.com/pang_doo/223253454875
2023-11-08,,https://blog.naver.com/378star
2023-11-08,20231107 기록루틴 [355일](ft.수원 행궁동 나들이),https://blog.naver.com/378star/223258677813
2023-11-09,,https://blog.naver.com/gaeulholic1
2023-11-09,특별한분위기를 느낄수있는성수 맛집 추천할곳인 부우이로~~,https://blog.naver.com/gaeulholic1/223260591656
2023-11-09,"서울 성수향수공방 레트르성수, 성수동 놀거리 원데이클래스 실내 데이트코스",https://blog.naver.com/sohee_819/223260573514
2023-11-09,,https://blog.naver.com/choisk7849
2023-11-09,스시도쿠 더성수 / 성수동 맛집 / 성수일식집 / 서울숲맛집 / 성수동 데이트코스 / 성수역 초밥데이트 / 초밥맛집,https://blog.naver.com/choisk7849/223260540857
2023-11-09,,https://blog.naver.com/realestatekjs4493
2023-11-09,"70층 성수 재개발 '속도'…""내년 재정비안 제출""",https://blog.naver.com/realestatekjs4493/223260439282
2023-11-09,,https://blog.naver.com/msk9828
2023-11-09,부우이 성수 맛집 추천 식사를 즐기 수 있는 곳,https://blog.naver.com/msk9828/223260426611
2023-11-09,,https://blog.naver.com/ceoyj0218
2023-11-09,서울숲 맛집 다양한 해산물 요리와 유럽 요리 부우이,https://blog.naver.com/ceoyj0218/223260377191
2023-11-09,,https://blog.naver.com/tmdcjf77777
2023-11-09,성수 맛집 요쇼쿠 성수 밖은 겨울 안에는 봄이었던,https://blog.naver.com/tmdcjf77777/223260235063
2023-11-09,,https://blog.naver.com/rladmsrud8282
2023-11-09,서울숲에서 야끼소바를 즐길 수 있는 맛집 - 성동구야끼소바맛집 핫쵸 성수점,https://blog.naver.com/rladmsrud8282/223260191591
2023-11-09,,https://blog.naver.com/justhappy81
2023-11-09,묵호항카페 카라멜스테이션,https://blog.naver.com/justhappy81/223260092870
2023-11-09,,https://blog.naver.com/lovejph0517
2023-11-09,데이트하기좋은 맛집 부우이 성수 파스타 추천,https://blog.naver.com/lovejph0517/223260089811
2023-11-09,,https://blog.naver.com/sunha3892
2023-11-09,"성수전략정비구역, 서울의 새로운 명소로 거듭나다!",https://blog.naver.com/sunha3892/223260047576
2023-11-09,성수전략정비구역 정비계획 변경 입안 돌입. 성수지구 조합장 공석및 서울숲 3대장 최근 실거래가,https://blog.naver.com/kkulmd96/223260016841
2023-11-09,,https://blog.naver.com/feel2youym
2023-11-09,핫플레이스스 성수동 맛집 부우이,https://blog.naver.com/feel2youym/223259970872
2023-11-09,,https://blog.naver.com/yeonziiii
2023-11-09,부우이 성수 맛집 추천 데이트하기좋은곳,https://blog.naver.com/yeonziiii/223259967049
2023-11-09,서울숲 단풍 구경 현황 성수동 데이트코스 사슴 위치 은행나무길 놀이터,https://blog.naver.com/yesun81/223259958493
2023-11-09,,https://blog.naver.com/warmest_regards
2023-11-09,멜버른 1탄 23.10.28-11.03,https://blog.naver.com/warmest_regards/223259896862
2023-11-09,,https://blog.naver.com/wldnjsans104
2023-11-09,팩트: 블로그도 밀리면 귀찮아지는건 똑같다,https://blog.naver.com/wldnjsans104/223259844573
2023-11-09,,https://blog.naver.com/amkey33
2023-11-09,서울과 경기도에 가 볼만한 가을 단풍 명소,https://blog.naver.com/amkey33/223244015726
2023-11-10,,https://blog.naver.com/lina_daily_
2023-11-10,성수동 데이트 코스 싱가폴 음식 맛집 락사 성수점,https://blog.naver.com/lina_daily_/223261552520
2023-11-10,,https://blog.naver.com/kma161202-
2023-11-10,서울숲 맛집 부우이 와인 애호가라면 가볼만합니다,https://blog.naver.com/kma161202-/223261532217
2023-11-10,,https://blog.naver.com/ss0716_
2023-11-10,성수동 AMP 후기,https://blog.naver.com/ss0716_/223261506274
2023-11-10,성수옥상 후기!,https://blog.naver.com/ss0716_/223261503284
2023-11-10,,https://blog.naver.com/hair8500
2023-11-10,"9월 뉴욕여행 , 9월 뉴욕날씨 , 브루클린투어버스, 모마미술관 , 탑 오브 더 락, 뉴욕전망대, 탑뷰 버스",https://blog.naver.com/hair8500/223261496137
2023-11-10,,https://blog.naver.com/rhsas8585
2023-11-10,차만다 서울숲점 영국의 맛을 한국에서,https://blog.naver.com/rhsas8585/223261463748
2023-11-10,(대구 중구 / 향촌동 수제화골목) 1970년대에 조성된 제화 장인들의 터전. 새로운 모습으로 단장하고 도약을 기대하는 수제화거리,https://blog.naver.com/dickprod/223207726909
2023-11-10,,https://blog.naver.com/jinstarland
2023-11-10,[서울숲] 가을에 가기 좋은 단풍명소 은행나무 숲 / 이영자 맛집 제스티살룬 포장,https://blog.naver.com/jinstarland/223261420028
2023-11-10,,https://blog.naver.com/kooyeongtae0325
2023-11-10,부우이 ★힐링하는 뚝섬 루프탑 맛집,https://blog.naver.com/kooyeongtae0325/223261398476
2023-11-10,,https://blog.naver.com/tom7046601
2023-11-10,유명한 부우이 성수동 맛집,https://blog.naver.com/tom7046601/223261385435
2023-11-10,,https://blog.naver.com/multifreego
2023-11-10,"[개발]성수전략정비구역, G밸리 준공지역, 노량진 1구역",https://blog.naver.com/multifreego/223261032352
2023-11-10,,https://blog.naver.com/jiecai
2023-11-10,성수역맛집 뚝섬 맛집 부우이,https://blog.naver.com/jiecai/223261321823
2023-11-10,"[오늘의 여행 소식] 23.11.10 SPC, 장애어린이 가족에 제주여행 지원 & 이-팔 전쟁에 해외여행 수요 '뚝'…중동행 항공편은 26%↓ & 패딩꺼내 입은 여행객들 & '태",https://blog.naver.com/032gms/223261313196
2023-11-10,,https://blog.naver.com/labsdesign15
2023-11-10,크리스마스 팝업스토어 제작 회사 SNS에서 난리난 그곳,https://blog.naver.com/labsdesign15/223261229000
2023-11-10,,https://blog.naver.com/tlaquf__5
2023-11-10,부우이 성수 비스트로 지중해 컨셉이 잘 느껴지는 곳,https://blog.naver.com/tlaquf__5/223261202414
2023-11-10,,https://blog.naver.com/manong72
2023-11-10,"70층 성수 재개발 '속도'…""내년 재정비안 제출""",https://blog.naver.com/manong72/223261165112
2023-11-10,,https://blog.naver.com/kkiojzje
2023-11-10,성수 데이트 꼭 가야할 카페 루프 베이커리 카페에서 즐기는 맛있는 시간 ~,https://blog.naver.com/kkiojzje/223261159754
2023-11-10,,https://blog.naver.com/gidm0203
2023-11-10,방콕 가볼만한곳 꼼꼼하게 둘러보기,https://blog.naver.com/gidm0203/223261130952
2023-11-10,"성수동 핫플 나들이 - 성수동 수제화 거리, 성수티룸, ADER",https://blog.naver.com/djmanul/223261081276
2023-11-10,,https://blog.naver.com/geojeon12
2023-11-10,"서울: 성수 서울숲 가을 단풍, 은행나무숲",https://blog.naver.com/geojeon12/223260985516
2023-11-10,,https://blog.naver.com/quan140220
2023-11-10,성수동 데이트코스 맛집 뱅글 파스타와 양갈비 야무진 솔직후기!,https://blog.naver.com/quan140220/223260878526
2023-11-10,일산 웨스턴돔 맞춤정장 사르베토 일산점 변화된 내 모습,https://blog.naver.com/52vn_7wg3sc/223260768433
2023-11-10,,https://blog.naver.com/heartlatte_glory
2023-11-10,"[성수동 문츠 바베큐]디올팝업스토어 옆 연말 모임, 연초 모임, 데이트 맛집! 예약 방법 및 주차 가능 여부",https://blog.naver.com/heartlatte_glory/223260755171
2023-11-10,,https://blog.naver.com/taewon2525
2023-11-10,"성동구 ""성수전략정비구역"" 재개발 재정비안 이르면 3월 제출···""70층 이상 재개발 본격 시동 9000가구""",https://blog.naver.com/taewon2525/223260732040
2023-11-10,,https://blog.naver.com/shaynine11
2023-11-10,"배타고 들어가는 분위기 굿~태국요리 살라댕템플 오픈런으로 다녀 온 후기! (좌석,예약,웨이팅,메뉴추천)",https://blog.naver.com/shaynine11/223260642720
2023-11-10,,https://blog.naver.com/kimsy7946
2023-11-10,mz 세대 핫플 데이트를 즐겨보자 [성수동/ 뚝섬/ 서울숲/가을 데이트],https://blog.naver.com/kimsy7946/223256426912
2023-11-11,,https://blog.naver.com/with__sunshine
2023-11-11,주간일기 전국 출장과 크리스마스 준비하기,https://blog.naver.com/with__sunshine/223262230526
2023-11-11,,https://blog.naver.com/oygommap
2023-11-11,성수 와인바 - 루프탑 데이트 코스 성수 옥상,https://blog.naver.com/oygommap/223262199407
2023-11-11,,https://blog.naver.com/fresh04502
2023-11-11,서울숲역카페 이색 디저트 살라미초콜릿이 있는 Dyi Workshop,https://blog.naver.com/fresh04502/223262192599
2023-11-11,,https://blog.naver.com/ehgusdk0202
2023-11-11,10월 일상 | 서울 맛집 카페,https://blog.naver.com/ehgusdk0202/223262060516
2023-11-11,,https://blog.naver.com/jivelog
2023-11-11,[성수] 성수동 핫플레이스! 시그니처 슈페너와 특이한 케이크가 있는 Y704,https://blog.naver.com/jivelog/223262046064
2023-11-11,,https://blog.naver.com/chlwnstj1107
2023-11-11,데이트하기 좋은 분위기 맛집 부우이 뚝섬 맛집,https://blog.naver.com/chlwnstj1107/223262000571
2023-11-11,,https://blog.naver.com/musicmosaic9821
2023-11-11,성수 맛집 여행: 대낚식당의 맛있는 덮밥 향연,https://blog.naver.com/musicmosaic9821/223261972083
2023-11-11,,https://blog.naver.com/eunho131109
2023-11-11,요리가 맛있고 데이트하기 좋은 성수 부우이,https://blog.naver.com/eunho131109/223261964374
2023-11-11,,https://blog.naver.com/broun_edu
2023-11-11,서울 크리스마스 명소 총정리 했습니다!!,https://blog.naver.com/broun_edu/223261954053
2023-11-11,,https://blog.naver.com/cart11731
2023-11-11,뚝섬한강공원: 자연과 도시의 조화를 만나다,https://blog.naver.com/cart11731/223261934594
2023-11-11,,https://blog.naver.com/xcv4809
2023-11-11,성수동 맛집 추천 부우이 음식의 다양성과 특별함을 느낄 수 있습니다.,https://blog.naver.com/xcv4809/223261900722
2023-11-11,,https://blog.naver.com/owkkra
2023-11-11,가을 산책길 뚝섬역~서울숲~한강변~뚝도시장~성수동카페거리~성수역 트래킹 (2023.11.7),https://blog.naver.com/owkkra/223261880990
2023-11-11,,https://blog.naver.com/miribul66
2023-11-11,뚝섬 맛집으로 유럽 지중해 분위기를 연출하고 있는 부우이,https://blog.naver.com/miribul66/223261880925
2023-11-11,,https://blog.naver.com/minwk22
2023-11-11,"[타이베이를 소개합니다] - 타이베이 여행코스, 타이베이 3박 4일, 타이베이 가볼만한곳, 타이베이, 타이베이 야시장, 타이베이 온천, 타이베이 지우펀",https://blog.naver.com/minwk22/223261780725
2023-11-11,,https://blog.naver.com/shkim1457
2023-11-11,"8박10일 유럽여행_day 6_part1ㅣ안녕 빠리! (유로스타, 플로르민박, 몽마르트르 공원, 사랑해 벽, 오페라 가르니에, 라파예트 백화점)",https://blog.naver.com/shkim1457/223261756386
2023-11-11,,https://blog.naver.com/innovate2023
2023-11-11,"성수전략정비구역 재개발, 9000가구 대단지 들어선다",https://blog.naver.com/innovate2023/223261405423
2023-11-11,서울 아이와 가볼만한곳 가을 성수동 서울숲 피크닉 놀거리 데이트,https://blog.naver.com/everlsk/223261703346
2023-11-11,,https://blog.naver.com/songfor_u_blog
2023-11-11,성수동을 가니 이와자루에 가고싶었다,https://blog.naver.com/songfor_u_blog/223261172840
2023-11-11,일산 백화점 맞춤정장 사르베토 일산점 깔끔했던 작업방식,https://blog.naver.com/ri2k99_95f2/223261673322
2023-11-11,,https://blog.naver.com/elinandhodu
2023-11-11,2023.09.28~2023.10.03 대만 (카오슝+타이베이) 4편,https://blog.naver.com/elinandhodu/223261656581
2023-11-11,,https://blog.naver.com/cautioncare
2023-11-11,성수동1가맛집 감각적인 일식전문점 핫쵸 성수점,https://blog.naver.com/cautioncare/223261590027
2023-11-12,,https://blog.naver.com/samchuc
2023-11-12,2023년 11월 12일.,https://blog.naver.com/samchuc/223262923013
2023-11-12,,https://blog.naver.com/im__mee
2023-11-12,[서울/성수] 성수 핫플레이스 '마이페이보릿띵스' - 터프팅 원데이클래스 (도안 고르는 팁),https://blog.naver.com/im__mee/223262897134
2023-11-12,,https://blog.naver.com/mustar_
2023-11-12,"[11.11] 공연 기사 ""성수동 재개발 본격 시동…성동구, ‘한강변 뮤지컬 하우스’ 건의""",https://blog.naver.com/mustar_/223262879881
2023-11-12,,https://blog.naver.com/space_consumer
2023-11-12,"[임신일기] 31주,32주-심해지는 임산부 증상, 두드러기 간지럼증 처방",https://blog.naver.com/space_consumer/223262776902
2023-11-12,,https://blog.naver.com/loveeunzi
2023-11-12,"광흥창역 카페 ㅣ스파이스 바닐라빈 라떼 한 잔, 신수동 커피 맛집 <에토라>",https://blog.naver.com/loveeunzi/223262757427
2023-11-12,,https://blog.naver.com/zofh_89
2023-11-12,성수역 서울숲 맛집 '부우이',https://blog.naver.com/zofh_89/223262735504
2023-11-12,,https://blog.naver.com/3342109
2023-11-12,지중해 컨셉의 다양한 해산물 요리 성수동 맛집 부우이 추천,https://blog.naver.com/3342109/223262649498
2023-11-12,,https://blog.naver.com/ysy6912-
2023-11-12,뚝섬 맛집 - 부우이,https://blog.naver.com/ysy6912-/223262638648
2023-11-12,,https://blog.naver.com/stst5192
2023-11-12,서울 호캉스가서 같이 들릴 곳들 모음 강남&연남&성수동 팝업,https://blog.naver.com/stst5192/223262573664
2023-11-12,,https://blog.naver.com/a110116
2023-11-12,데이트코스로 좋은 성수 파스타 추천맛집 부우이,https://blog.naver.com/a110116/223262506831
2023-11-12,,https://blog.naver.com/hdit0885
2023-11-12,편의점 배달 고정노선 다양하게 골라보자! 순이익 1000만원,https://blog.naver.com/hdit0885/223262458673
2023-11-12,,https://blog.naver.com/rlaenghksss
2023-11-12,호텔분위기 오뜨로 성수 분위기 좋은 곳에서 특별한 추억을 남기세요,https://blog.naver.com/rlaenghksss/223262439682
2023-11-12,서울숲 단풍 나들이 서울 성수동 단풍명소 이시간 단풍상황,https://blog.naver.com/shinning_star10/223262402579
2023-11-12,,https://blog.naver.com/gybtpb1283
2023-11-12,서울숲카페 뉴앳던 성수에서 펼쳐지는 푸른 빛의 휴식과 디저트의 달콤함을 만끽할 수 있는 여유로운 시간,https://blog.naver.com/gybtpb1283/223262396757
2023-11-12,파주 맞춤정장 사르베토 일산점 신사다움을 알고 싶다면,https://blog.naver.com/bopslh4zbx/223262343284
2023-11-12,,https://blog.naver.com/wooju306
2023-11-12,경주나들이 경주꼭가봐야할곳들 가을경주당일치기여행 첨성대핑크뮬리 불국사 황리단길 무열왕릉 경주문무대왕릉 경주양남주상절리전망대 부채꼴주상절리 출렁다리,https://blog.naver.com/wooju306/223262323250
2023-11-13,,https://blog.naver.com/jk8495s
2023-11-13,NewYork 2,https://blog.naver.com/jk8495s/223263835833
2023-11-13,,https://blog.naver.com/dalkis1004v
2023-11-13,유튜브방송/백아연/이럴거면그러지말지/발라드인터뷰/헤이데이/어썸이엔티/유튜브촬영후기,https://blog.naver.com/dalkis1004v/223263834030
2023-11-13,,https://blog.naver.com/bbokkiya102
2023-11-13,도도한면 다산직영점 맛과 편의를 동시에 만족시키는 맛집,https://blog.naver.com/bbokkiya102/223263760632
2023-11-13,,https://blog.naver.com/food_kstar
2023-11-13,[우아한미식가] 한남동 인도 정통 레스토랑 '인디카',https://blog.naver.com/food_kstar/223263563954
2023-11-13,,https://blog.naver.com/6kiesfinklmpa
2023-11-13,"다양한 해산물 요리와, 유럽요리름 맛볼수 있는 부우이 성수 비스트로",https://blog.naver.com/6kiesfinklmpa/223263399352
2023-11-13,,https://blog.naver.com/aska1701
2023-11-13,2023년 11월 2주차 주간일기,https://blog.naver.com/aska1701/223263340295
2023-11-13,,https://blog.naver.com/blueberrygift
2023-11-13,부우이 성수동 맛집 지중해컨셉의 루프탑 맛집,https://blog.naver.com/blueberrygift/223263268118
2023-11-13,,https://blog.naver.com/llasdzwe
2023-11-13,"풍부한 마블링과 최상의 맛을 자랑하는 서울의 명소, 성수맛집 무식당 성수본점에서의 특별한 한우 오마카세 체험",https://blog.naver.com/llasdzwe/223263227145
2023-11-13,,https://blog.naver.com/shinedsh_
2023-11-13,"""성수동의 맛있는 감자탕 향연, 추천 맛집 TOP 5 알려드립니다!""",https://blog.naver.com/shinedsh_/223263215745
2023-11-13,성수 소품샵 해피어마트 by 오롤리데이 다이어리 꾸미기 성수동 놀거리 데이트 코스,https://blog.naver.com/pang_doo/223259879125
2023-11-13,,https://blog.naver.com/2a31dm1l
2023-11-13,"가족 없이 커플들의 성지, 나의 취향 저격 성수맛집 무식당 성수본점에서의 특별한 경험!",https://blog.naver.com/2a31dm1l/223263171595
2023-11-13,,https://blog.naver.com/seoim45-
2023-11-13,맛과 분위기 데이트 장소로 최고인 맛집이요 성수 비스트로 부우이,https://blog.naver.com/seoim45-/223263169209
2023-11-13,,https://blog.naver.com/rtebsxv
2023-11-13,"성수동 회식 장소로 적합한, 맛과 품질이 보장된, 매력적인 성수맛집 무식당 성수본점에서의 풍성한 식사 경험!",https://blog.naver.com/rtebsxv/223263153641
2023-11-13,,https://blog.naver.com/spami9305
2023-11-13,성수 맛집 부우이 지중해 콘셉트가 잘 느껴지는 분위기 맛집,https://blog.naver.com/spami9305/223263104385
2023-11-13,"서울 도심속 숨은 명소, '숨도': 도시의 휴식과 자연의 아름다움",https://blog.naver.com/9beo8z4d/223263085010
2023-11-13,,https://blog.naver.com/evertrip_
2023-11-13,서울 일출명소 - 삼성해맞이공원 해돋이를 보러 가다,https://blog.naver.com/evertrip_/223263078724
2023-11-13,,https://blog.naver.com/8dqnipy4
2023-11-13,"먹을 때마다 설레는 서울 성동구의 명소, 저렴하지만 최상급 맛을 자랑하는 성수 맛집 무식당 성수본점 방문기!",https://blog.naver.com/8dqnipy4/223263054855
2023-11-13,,https://blog.naver.com/local_scout
2023-11-13,"로컬 콘텐츠 탐방기 #01 :: 서울 성수동, 뚝섬미술관, 여의도 한강공원 ::",https://blog.naver.com/local_scout/223263024155
2023-11-14,,https://blog.naver.com/thsdud36
2023-11-14,뚜벅이 혼자 가볼 만한 곳 /안성 스타필드 & 서울 투어,https://blog.naver.com/thsdud36/223264973120
2023-11-14,,https://blog.naver.com/khai64
2023-11-14,[MBC] <성지순례> 성스러운 자들의 속세 체험기 / 좋아요의 성지,https://blog.naver.com/khai64/223264964296
2023-11-14,"성수 핫플레이스 : 20세기 빈티지 가구와 소품을 만나볼 수 있는 셀렉숍, 사무엘 스몰즈 Samuel Smalls",https://blog.naver.com/onlspace/223264939933
2023-11-14,,https://blog.naver.com/hi_x6wxj
2023-11-14,오스테리아 파로 성수동의 이탈리아 요리 명소,https://blog.naver.com/hi_x6wxj/223264794710
2023-11-14,,https://blog.naver.com/hlqaa
2023-11-14,한국 맞아? SNS 인생샷 왕창 건지는 핫플,https://blog.naver.com/hlqaa/223264736266
2023-11-14,프리한19 줄거리(389회):레스토랑 어디까지 가봤니? (11월 13일 방송),https://blog.naver.com/v20208/223264639766
2023-11-14,,https://blog.naver.com/carrot_ming
2023-11-14,"[성수 칼] 성수동 칼국수의 명소, '성수 KAL'",https://blog.naver.com/carrot_ming/223264554004
2023-11-14,,https://blog.naver.com/opi5698
2023-11-14,성수 맛집 비프 부르기뇽은 부드러운 고기와 소스의 깊은 맛이 일품인 부우이,https://blog.naver.com/opi5698/223264521338
2023-11-14,,https://blog.naver.com/j2rkono3
2023-11-14,요즘 서울의 날씨는 정말로 환상적이에요. 퇴근 후에도 밝은 햇살이 가득한 날씨를 즐길 수,https://blog.naver.com/j2rkono3/223264515289
2023-11-14,,https://blog.naver.com/83display
2023-11-14,성수동 맛집 부우이 서울숲이 보이는 루프탑 뷰 맛집,https://blog.naver.com/83display/223264479546
2023-11-14,서울 가을 명소 가볼만한곳 서울숲 은행나무 데이트 추천,https://blog.naver.com/redann8926/223264245313
2023-11-14,해설사와 함께 낙산성곽(서울도보탐방여행)1,https://blog.naver.com/songrea88/223264230737
2023-11-14,,https://blog.naver.com/claude_monet_
2023-11-14,"서울숲 맛집 성수 데이트 코스 깔끔한 아구찜 :: 성수 AGU (메뉴, 주차 정보)",https://blog.naver.com/claude_monet_/223264225159
2023-11-14,[삼양라면] 삼양라운드스퀘어...1963년에 출시된 삼양라면 60주년을 맞아 확 바뀌었다! 식품의 무한한 가능성과 푸드테크의 융합이 만나 삼양라운드스퀘어로 새롭게 태어남.,https://blog.naver.com/khai64/223264064159
2023-11-14,성수동 이자카야 아루쿠 소개팅 장소로도 백점만점,https://blog.naver.com/ggelatwo/223264025068
2023-11-15,,https://blog.naver.com/grow76
2023-11-15,"트렌드 코리아(김난도 외, 2023) 2023년 대한민국을 대표하는 트렌드는 무엇이었을까?",https://blog.naver.com/grow76/223265987433
2023-11-15,,https://blog.naver.com/parkkb1230
2023-11-15,성수동 맛집 부우이 너무 좋아요,https://blog.naver.com/parkkb1230/223265896492
2023-11-15,쉬가이아썬크림 공구 11.20~12.22 톤업썬크림 무기자차 유기자차 혼합자차 자외선차단제,https://blog.naver.com/seokminjoo/223265881839
2023-11-15,,https://blog.naver.com/rlatngus88216
2023-11-15,"성수동 핫플레이스 맛집 ""대취""",https://blog.naver.com/rlatngus88216/223265873649
2023-11-15,,https://blog.naver.com/0033156
2023-11-15,애견동반 가능으로 뷰맛집 성수동 맛집 부우이,https://blog.naver.com/0033156/223265817248
2023-11-15,,https://blog.naver.com/parkjumyeol
2023-11-15,루프탑 뚝섬 스테이크 맛집 ★부우이,https://blog.naver.com/parkjumyeol/223265760001
2023-11-15,,https://blog.naver.com/yahb123
2023-11-15,공간디자인학원 팝업스토어 알아보자,https://blog.naver.com/yahb123/223265727632
2023-11-15,유럽해물 요리를 먹기위해 부우이 성수 비스트로,https://blog.naver.com/anjava/223265634538
2023-11-15,,https://blog.naver.com/asd08311
2023-11-15,성수 파스타 추천 부우이,https://blog.naver.com/asd08311/223265614118
2023-11-15,,https://blog.naver.com/misook1424
2023-11-15,'성동구야끼교자맛집 핫쵸 성수점' 다녀온 후기에요,https://blog.naver.com/misook1424/223265545365
2023-11-15,인천가볼만한곳 대형베이커리카페 코스모40 빵맛집,https://blog.naver.com/rmh5013/223265542440
2023-11-15,요즘 MZ들이 번화가 안 가고 동네에서 노는 이유,https://blog.naver.com/hlqaa/223265518965
2023-11-15,,https://blog.naver.com/uyw5391
2023-11-15,서울숲 맛집 지중해 컨셉의 멋진 분위기 부우이 성수 비스트로,https://blog.naver.com/uyw5391/223265484296
2023-11-15,,https://blog.naver.com/wonsim105
2023-11-15,"성수 가볼만한 곳 아모레 성수 (ft. 팝업, 클래스 예약, 롱테이크 샌달우드)",https://blog.naver.com/wonsim105/223265465697
2023-11-15,,https://blog.naver.com/chosim_828
2023-11-15,성수동 맛집 추천하는 부우이,https://blog.naver.com/chosim_828/223265451954
2023-11-15,,https://blog.naver.com/qv394n3p
2023-11-15,"가을 바람과 함께 즐기는 성수동 소고기의 정수, 서울숲 인근의 성수맛집 무식당 성수본점에서의 만족스러운 식사!",https://blog.naver.com/qv394n3p/223265249353
2023-11-15,,https://blog.naver.com/shabuzza
2023-11-15,"[성수동 피자, 성수 데이트코스] 피자시즌 PIZZA SEASON 성수연방 맛집",https://blog.naver.com/shabuzza/223265244772
2023-11-15,,https://blog.naver.com/blue15320
2023-11-15,성수동카페 하이라인 (highline) l 인스타갬성 낭낭한 성수동 커피 마시러~,https://blog.naver.com/blue15320/223265132104
2023-11-15,,https://blog.naver.com/junggc5480
2023-11-15,성수 데이트코스 놀거리 그림공방 물감아트클래스,https://blog.naver.com/junggc5480/223265125810
2023-11-15,성수 데이트 코스 소품샵 추천 헤븐센스 인센스 스틱 집꾸미기 성수동 카페거리 놀거리,https://blog.naver.com/pang_doo/223258181378
2023-11-15,,https://blog.naver.com/sew2ulum_0
2023-11-15,일산 서구 맞춤 정장 사르베토 일산점 비스포크지만 가성비 최고,https://blog.naver.com/sew2ulum_0/223265093699
2023-11-16,,https://blog.naver.com/kw-gom
2023-11-16,"[서울] 성수동 하루 코스 데이트 / 코끼리 베이글, 어니언 , 팝업&쇼룸 도장깨기, 스키야키 맛집, 테디스오븐 카페, 포토 시그니쳐",https://blog.naver.com/kw-gom/223266977612
2023-11-16,,https://blog.naver.com/buke20
2023-11-16,성수동 반지 원데이클래스 ::디셈브레 성수:: 데이트 코스로 추천,https://blog.naver.com/buke20/223266892646
2023-11-16,,https://blog.naver.com/9qds0ruv
2023-11-16,"광화문의 맛있는 커리 명소, '고가빈커리하우스' 탐방",https://blog.naver.com/9qds0ruv/223266861276
2023-11-16,,https://blog.naver.com/kli6343
2023-11-16,성수동맛집가성비좋은데이트코스추천! 부우이,https://blog.naver.com/kli6343/223266802091
2023-11-16,,https://blog.naver.com/black9449422
2023-11-16,성수 비스트로 부우이 지중해 컨셉의 다양한 해산물 요리와 유럽 요리,https://blog.naver.com/black9449422/223266776529
2023-11-16,,https://blog.naver.com/uc37or9q
2023-11-16,한국 수제화의 새로운 명소,https://blog.naver.com/uc37or9q/223242449444
2023-11-16,“힙지로”에 대적하는 “힙량리”⸱⸱⸱MZ세대 취향저격 ‘청량리 핫플’만 모았다,https://blog.naver.com/the_trip/223266641171
2023-11-16,,https://blog.naver.com/eagonmt
2023-11-16,"[2023 이건창호 시공사진 컨테스트] 수상작 살펴보기 1 (최우수상 1편, 우수상 3편)",https://blog.naver.com/eagonmt/223266597520
2023-11-16,,https://blog.naver.com/leebangheui
2023-11-16,"관광거점도시 전주, 로컬 크리에이터 릴레이 강연 마련",https://blog.naver.com/leebangheui/223266518620
2023-11-16,,https://blog.naver.com/cengroup-pr
2023-11-16,[도서] 트렌드 코리아 2024-요약본,https://blog.naver.com/cengroup-pr/223266490162
2023-11-16,,https://blog.naver.com/coccococo-you
2023-11-16,서울숲 서울숲포도피자 성수 모임장소 명소 데이트장소 추천 이요,https://blog.naver.com/coccococo-you/223266427023
2023-11-16,,https://blog.naver.com/5_tanjobi
2023-11-16,[일상] 감각 추구 인간의 성수동 투어 (성수 얼스케이크베이크샵 / 서울 노을 성수 구름다리),https://blog.naver.com/5_tanjobi/223266284775
2023-11-16,,https://blog.naver.com/hi_light0914
2023-11-16,23.10 내가 하고 싶은 거 다 해버렸다,https://blog.naver.com/hi_light0914/223266243613
2023-11-16,,https://blog.naver.com/nonna6060
2023-11-16,"성수 분위기 좋은 루프탑 카페, 루프 베이커리 카페의 매력 속으로",https://blog.naver.com/nonna6060/223266215115
2023-11-16,성수전략정비구역 70층 9000가구 대단지로 변경,https://blog.naver.com/luckydatcom/223265755584
2023-11-16,,https://blog.naver.com/kj430692
2023-11-16,부우이 성수 맛집 추천 뷰가 보이고 지중해 컨셉의 다양한 해산물 요리 맛집,https://blog.naver.com/kj430692/223266171332
2023-11-16,,https://blog.naver.com/goldenegg0502
2023-11-16,불붙는 성수전략정비구역1~4지구 70층 재개발속도 낸다,https://blog.naver.com/goldenegg0502/223262579420
2023-11-16,부우이 서울숲근처 유럽 지중해 컨셉 데이트하기 좋은 성수 맛집 추천,https://blog.naver.com/shinyi2022/223266104681
2023-11-16,,https://blog.naver.com/accent7815
2023-11-16,"안주가 맛있는 분위기갑 성수동술집, 타코튜즈데이 성수점",https://blog.naver.com/accent7815/223266065975
2023-11-16,,https://blog.naver.com/wlqhsl6616
2023-11-16,성수 맛집 요리 퀄리티와 비주얼에 어울리는 맛이 실화인 분위기 끝장나는 이곳 부우이,https://blog.naver.com/wlqhsl6616/223266053023
2023-11-16,,https://blog.naver.com/lattemama1108
2023-11-16,부우이 성수 비스트로 통창 서울숲뷰 힐링중~,https://blog.naver.com/lattemama1108/223266048093
2023-11-16,,https://blog.naver.com/kcmh87
2023-11-16,서울숲맛집 성수 맛집 부우이,https://blog.naver.com/kcmh87/223266039720
2023-11-16,성수 파스타 추천 부우이 맛과 분위기 좋아서 데이트 장소로 추천해요,https://blog.naver.com/freesia7747/223266031361
2023-11-16,,https://blog.naver.com/zkekffhr2023
2023-11-16,부우이 뚝섬 맛집 성수역맛집,https://blog.naver.com/zkekffhr2023/223266031217
2023-11-16,,https://blog.naver.com/qlrqod3590
2023-11-16,부우이 분위기 좋은 서울숲 맛집,https://blog.naver.com/qlrqod3590/223266025853
2023-11-16,,https://blog.naver.com/dskor1
2023-11-16,성수동 서울숲 맛집 추천 부우이,https://blog.naver.com/dskor1/223266020710
2023-11-16,,https://blog.naver.com/lkdcyc486
2023-11-16,성수 맛집 부우이 성수역맛집,https://blog.naver.com/lkdcyc486/223266012049
2023-11-16,,https://blog.naver.com/kjssam7885
2023-11-16,성수 비스트로 부우이 애견동반 가능해요,https://blog.naver.com/kjssam7885/223266011195
2023-11-16,,https://blog.naver.com/hanmaro78
2023-11-16,부우이 성수 맛집 해산물요리 유럽요리맛집 데이트맛집 여기가 맛있어요,https://blog.naver.com/hanmaro78/223266007191
2023-11-17,,https://blog.naver.com/jojj4167
2023-11-17,"성수동 실내 놀거리 <송범순대국, 레트르 성수, 헤븐센스, 먼치스앤구디스, 레이더, 쌍둥이네 떡볶이, 혜화 연극> 데이트 코스",https://blog.naver.com/jojj4167/223267885105
2023-11-17,,https://blog.naver.com/jhu7799
2023-11-17,지중해 컵셉의 서울숲 맛집 성수 파스타 부우이,https://blog.naver.com/jhu7799/223267855288
2023-11-17,,https://blog.naver.com/mirapark73
2023-11-17,[제10권 1부] 트렌드 코리아 2024,https://blog.naver.com/mirapark73/223267821769
2023-11-17,,https://blog.naver.com/dipsy9908
2023-11-17,성수동 분위기 좋은 맛집 추천 부우이,https://blog.naver.com/dipsy9908/223267812232
2023-11-17,,https://blog.naver.com/cwhj1004
2023-11-17,성수 맛집 추천 지중해 컨셉의 분위기가 느껴지는 부우이,https://blog.naver.com/cwhj1004/223267809773
2023-11-17,부우이 지중해 컨셉의 메뉴 성수동 맛집,https://blog.naver.com/jinju1363/223267755597
2023-11-17,,https://blog.naver.com/lamb8815
2023-11-17,부우이 성수! 파스타 추천,https://blog.naver.com/lamb8815/223267754570
2023-11-17,,https://blog.naver.com/andcl0701
2023-11-17,다시 방문하고 싶어요 성수 맛집 부우이,https://blog.naver.com/andcl0701/223267752566
2023-11-17,,https://blog.naver.com/pj7942-
2023-11-17,성수에서 가족들과 외식하고 싶은 부우이,https://blog.naver.com/pj7942-/223267721045
2023-11-17,,https://blog.naver.com/bjg6026
2023-11-17,부우이 성수 맛집 추천 다양한 해산물 요리와 유러피안 푸드를 즐길 수 있는 곳,https://blog.naver.com/bjg6026/223267695752
2023-11-17,,https://blog.naver.com/chltjdals104
2023-11-17,연인과 오기좋은 성수동 맛집 추천 부우이,https://blog.naver.com/chltjdals104/223267691856
2023-11-17,,https://blog.naver.com/l_je3019
2023-11-17,부우이 데이트하기 좋은 성수 파스타,https://blog.naver.com/l_je3019/223267666329
2023-11-17,,https://blog.naver.com/fnffnwlgml
2023-11-17,[대취] 술집인데 안주가 맛있어 배채우는 성수맛집,https://blog.naver.com/fnffnwlgml/223267593589
2023-11-17,,https://blog.naver.com/accesorio
2023-11-17,누가크래커... 좋아하세요?,https://blog.naver.com/accesorio/223267575829
2023-11-17,성수 원데이클래스 향수 공방 닷노트 성수동 데이트 코스,https://blog.naver.com/1_1234/223267478099
2023-11-17,“서울의 재발견”...서울의 다양한 매력을 즐길 수 있는 명소 BEST5,https://blog.naver.com/pro6270/223267438929
2023-11-17,"[오늘의 커피 소식] 23.11.17 ""커피 배달가요"" 횡단보도도 척척…길거리에 로봇 뜬다 & '목도리에 커피까지' & 1일 1커피 필수? ‘이런’ 증상 나타나면 당장 중단해야",https://blog.naver.com/032gms/223267435796
2023-11-17,,https://blog.naver.com/feel0925
2023-11-17,[성수 파스타 즐기기]부우이,https://blog.naver.com/feel0925/223267389960
2023-11-17,,https://blog.naver.com/gjtjdrb23
2023-11-17,내부가 쾌적한 성수 파스타 추천 부우이,https://blog.naver.com/gjtjdrb23/223267366800
2023-11-17,,https://blog.naver.com/lee564190
2023-11-17,캠핑 감성의 공간대여장소 서울 연말모임장소 옥탑방성수,https://blog.naver.com/lee564190/223267358697
2023-11-17,,https://blog.naver.com/ryule2mm
2023-11-17,독특한 매력의 성수 맛집 추천 부우이,https://blog.naver.com/ryule2mm/223267328410
2023-11-17,,https://blog.naver.com/blackmast28
2023-11-17,성수 맛집 성수맛집추천 유럽을맛보는 부우이 방문후기,https://blog.naver.com/blackmast28/223267274546
2023-11-17,성수 회식장소 솥뚜껑 삼겹살 데이트 코스 한식 맛집 천하제일솥뚜껑 feat. 백과사전,https://blog.naver.com/tla1470/223267254755
2023-11-17,,https://blog.naver.com/swimming_today
2023-11-17,유령의 마음으로,https://blog.naver.com/swimming_today/223267237512
2023-11-17,,https://blog.naver.com/soodud708
2023-11-17,익선동 맛집 비교하기 자연도 소금빵 vs 소하염전 소금빵,https://blog.naver.com/soodud708/223267228870
2023-11-17,서울 성수 놀거리 성수동 캐릭터 소품샵 헤이데이 키링 데이트코스 추천,https://blog.naver.com/trip_with_ara/223267212070
2023-11-17,성수동 솥밥 성수 솔솥,https://blog.naver.com/ggelatwo/223267143735
2023-11-17,대림창고 - Floating Points 3인전,https://blog.naver.com/eunicemin/223265698550
2023-11-18,"반클리프, 무신사 등 한 주 오픈만 '46곳'…팝업스토어 성지 된 성수동",https://blog.naver.com/realty_go/223268560017
2023-11-18,성수동가볼만한곳 서울숲데이트코스 I TWG 티카페 성수낙낙 밀크티후기 뚝섬역놀거리,https://blog.naver.com/naridamda/223268526060
2023-11-18,,https://blog.naver.com/eunbi1896
2023-11-18,통창 서울숲 뷰 부우이 성수 맛집 추천,https://blog.naver.com/eunbi1896/223268455209
2023-11-18,,https://blog.naver.com/aahhnnjjaaee
2023-11-18,"[서유럽여행]msc크루즈/msc크루즈유로파/스페인바르셀로나/구엘공원 -6,7일차",https://blog.naver.com/aahhnnjjaaee/223268451597
2023-11-18,,https://blog.naver.com/thwjd4427
2023-11-18,대취 성수맛집가서 거하게 마시고 온 후기,https://blog.naver.com/thwjd4427/223268446299
2023-11-18,,https://blog.naver.com/redbulgeon
2023-11-18,리오프닝 이후의 공간 전략,https://blog.naver.com/redbulgeon/223268442657
2023-11-18,,https://blog.naver.com/suyeonn007
2023-11-18,성수동 맛집 추천으로 지중해 컨셉의 다양한 해산물 요리와 유럽 요리를 제공하는 멋진 부우이,https://blog.naver.com/suyeonn007/223268385791
2023-11-18,,https://blog.naver.com/seeunban
2023-11-18,[성수 젤라또] 성수 데이트 장소로도 좋은 아가젤라또 후기,https://blog.naver.com/seeunban/223268367993
2023-11-18,뚝섬 맛집 지중해 컨셉의 맛집으로 유명한맛집 부우이,https://blog.naver.com/having1510mr/223268320345
2023-11-18,서울숲 맛집 부우이 인테리어가 너무 예뻐요,https://blog.naver.com/phenom769/223268313400
2023-11-18,,https://blog.naver.com/leader_ksh
2023-11-18,부우이 성수동 맛집 추천 데이트맛집,https://blog.naver.com/leader_ksh/223268311109
2023-11-18,,https://blog.naver.com/hhj357825
2023-11-18,풍미 좋은 맛있는 식사 부우이 성수동 맛집,https://blog.naver.com/hhj357825/223268309124
2023-11-18,,https://blog.naver.com/plokij-4321
2023-11-18,부우이 성수 비스트로 아름다운 경치와 풍성한 지중해 컨셉 해산물 요리 맛집,https://blog.naver.com/plokij-4321/223268308609
2023-11-18,,https://blog.naver.com/xoccc
2023-11-18,성수동 모임장소로 부우이,https://blog.naver.com/xoccc/223268307789
2023-11-18,,https://blog.naver.com/wsy4024
2023-11-18,부우이 맛있는 식사하는 곳 성수동 맛집,https://blog.naver.com/wsy4024/223268298855
2023-11-18,,https://blog.naver.com/wodudwngml0809
2023-11-18,서울숲 뷰맛집으로 유명한 성수동 맛집 추천 부우이,https://blog.naver.com/wodudwngml0809/223268296904
2023-11-18,,https://blog.naver.com/puritia_
2023-11-18,국물이 진국인 베트남 쌀국수 맛집 꾸아 성수점,https://blog.naver.com/puritia_/223268267191
2023-11-18,,https://blog.naver.com/c1w1j
2023-11-18,터미널에서 와퍼 하나씩 먹고 지하철을 타고 성수동 경남관광기념품 팝업스토어로 갔다.,https://blog.naver.com/c1w1j/223268233199
2023-11-18,,https://blog.naver.com/bds6165
2023-11-18,서울숲을 한눈에 감상할 수 있 서울숲 맛집 부우이 안내,https://blog.naver.com/bds6165/223268224008
2023-11-18,데이트장소로 좋은 서울숲맛집 부우이,https://blog.naver.com/tattoo5757/223268198499
2023-11-18,,https://blog.naver.com/jikun3501
2023-11-18,지중해 콘셉트가 잘 느껴지는 분위기인 부우이 서울숲 맛집,https://blog.naver.com/jikun3501/223268189914
2023-11-18,,https://blog.naver.com/rumble1902
2023-11-18,회식이나 가족 모임에 적합한 멋진 성수 맛집 부우이,https://blog.naver.com/rumble1902/223268175481
2023-11-18,TTRS 성수 29cm 라이프스타일 리빙편집숍 #솔드아웃,https://blog.naver.com/only_hschoi/223267898439
2023-11-18,,https://blog.naver.com/zlegameyet1
2023-11-18,서울숲 단풍구경 다녀왔어요. 데이트 장소로 굿! - 주차 자전거 배드민턴 대여 꽃사슴,https://blog.naver.com/zlegameyet1/223267546994
2023-11-18,,https://blog.naver.com/xyf-ekvpg_9fgxn
2023-11-18,성수동의 이탈리아 요리 명소 오스테리아 파로의 저녁,https://blog.naver.com/xyf-ekvpg_9fgxn/223267974736
2023-11-18,,https://blog.naver.com/esul1998
2023-11-18,로컬 테마 블록으로 네이버 검색이 더 새로워지다?,https://blog.naver.com/esul1998/223267842247
2023-11-19,,https://blog.naver.com/mj___1025
2023-11-19,부우이 성수동 맛집 지중해 컨셉의 메뉴들이 있는 맛집,https://blog.naver.com/mj___1025/223269215966
2023-11-19,,https://blog.naver.com/lovely_lovelyz_
2023-11-19,지중해 컨셉의 해산물 요리 성수 부우이,https://blog.naver.com/lovely_lovelyz_/223269213687
2023-11-19,,https://blog.naver.com/fashion_eye_
2023-11-19,"뉴욕여행 덤보&윌리엄스버그, 힙스터와 빈티지 상점 :)",https://blog.naver.com/fashion_eye_/223269196500
2023-11-19,,https://blog.naver.com/rlarudrn5
2023-11-19,부우이 성수동 맛집 서울숲이 보이는 푸르름에 맛있는 다양한 해산물 요리와 유럽 요리맛집,https://blog.naver.com/rlarudrn5/223269183138
2023-11-19,[성수 데이트 코스] 스시도쿠 더 성수 핫플 맛집,https://blog.naver.com/soneup/223269161658
2023-11-19,,https://blog.naver.com/luky4998
2023-11-19,서울 신규 아파트 청약일정 분양예정 한눈에 알아보기,https://blog.naver.com/luky4998/223269114666
2023-11-19,,https://blog.naver.com/swng1219
2023-11-19,성수원데이클래스 닷노트 성수동 데이트코스로 좋은 향수공방 성수공방,https://blog.naver.com/swng1219/223269105166
2023-11-19,,https://blog.naver.com/choiriji
2023-11-19,성수 맛집 분위기 좋은 부우이,https://blog.naver.com/choiriji/223269079064
2023-11-19,,https://blog.naver.com/wks7801
2023-11-19,부우이 성수 비스트로 지중해 컨셉의 다양한 해산물 요리와 유럽 요리를 제공하는 뷰가 멋진 식당,https://blog.naver.com/wks7801/223269042508
2023-11-19,,https://blog.naver.com/hsandwh11
2023-11-19,성수 파스타 부우이 지중해 컨셉의 서울숲 맛집,https://blog.naver.com/hsandwh11/223269034939
2023-11-19,,https://blog.naver.com/sso493
2023-11-19,성수동 맛집 추천 부우이 지중해푸드와 와인을 즐겨보아요,https://blog.naver.com/sso493/223269028846
2023-11-19,,https://blog.naver.com/rdr6907
2023-11-19,서울숲 뷰와 지중해 감성이 어우러진 '부우이',https://blog.naver.com/rdr6907/223269010663
2023-11-19,성수 파스타 추천 부우이,https://blog.naver.com/kiki8966/223269005107
2023-11-19,,https://blog.naver.com/thumb67
2023-11-19,트랜드 코리아 2024 - 청용을 타고 비상하는 2024를 기원하며 - 김난도,https://blog.naver.com/thumb67/223268988836
2023-11-19,,https://blog.naver.com/na_de_bal_life
2023-11-19,베트남 다낭 3박 4일 첫 여행 가다! / 호이안 올드타운 & 바나힐 패키지 여행 코스 / 카페 맛집 추천 (+ 아주 오오랜만의 TMI),https://blog.naver.com/na_de_bal_life/223268882073
2023-11-19,"성수 고기 맛집 추천 : 성수동 냉삼 핫플 데이트코스 가볼만한곳 , 늘봄",https://blog.naver.com/bung007/223268783490
2023-11-19,,https://blog.naver.com/kwonek1990
2023-11-19,"서울숲 맛집 '미쁘동' | 인스타 감성 맛집, 성수 데이트 코스 추천",https://blog.naver.com/kwonek1990/223268863397
2023-11-19,,https://blog.naver.com/yuki21325
2023-11-19,"성수동 놀거리 핫플 서울숲, 디올 성수 데이트 코스 후기",https://blog.naver.com/yuki21325/223268806217
2023-11-19,,https://blog.naver.com/hjy115432
2023-11-19,성수 파스타 추천 부우이 다양한 와인과 함께 음식을,https://blog.naver.com/hjy115432/223268766810
2023-11-19,,https://blog.naver.com/nswon97
2023-11-19,성수 파스타 부우이,https://blog.naver.com/nswon97/223268756341
2023-11-19,,https://blog.naver.com/kdk19831
2023-11-19,"""대낚식당: 성수역 근처의 덮밥과 곱도리탕의 명소""",https://blog.naver.com/kdk19831/223268750221
2023-11-19,전북 전주 국내1박2일 맛집여행 먹거리추천 한정식 막걸리골목 한옥마을,https://blog.naver.com/solid453/223268697486
2023-11-19,,https://blog.naver.com/whenwegrowup
2023-11-19,"혜연, 파리에 가다! : 유럽 여행기(2)",https://blog.naver.com/whenwegrowup/223268651421
2023-11-20,,https://blog.naver.com/tigerraho
2023-11-20,감성 술집 대취 성수 맛집,https://blog.naver.com/tigerraho/223270244539
2023-11-20,,https://blog.naver.com/epikourosu_
2023-11-20,10.17 어쩌다 등산 (25) - 민둥산,https://blog.naver.com/epikourosu_/223270234166
2023-11-20,서울일몰명소 한강다리 성수대교 성수동 놀거리 서울숲에서 한강공원 자전거 대여,https://blog.naver.com/teddyprincess/223270217101
2023-11-20,,https://blog.naver.com/yongsandream
2023-11-20,서울숲데이트 맛집 소개팅장소 추천 콩카세,https://blog.naver.com/yongsandream/223270178427
2023-11-20,,https://blog.naver.com/passionuping
2023-11-20,성수 데이트 코스 추천 : 파스타 맛집 “까망”,https://blog.naver.com/passionuping/223270145784
2023-11-20,유통 업종 주가 전망,https://blog.naver.com/knbro/223270140134
2023-11-20,,https://blog.naver.com/cherria0604
2023-11-20,부산 상가 분양 시민공원 푸르지오 소식,https://blog.naver.com/cherria0604/223270118981
2023-11-20,,https://blog.naver.com/handmade0304
2023-11-20,지중해 컨셉의 맛집으로 유명한 곳 부우이 뚝섬 맛집,https://blog.naver.com/handmade0304/223270105088
2023-11-20,,https://blog.naver.com/finkl6kiess
2023-11-20,"성수 비스트로 지중해 컨셉의 분위기, 다양한 해산물 요리 맛집 부우이",https://blog.naver.com/finkl6kiess/223269885698
2023-11-20,,https://blog.naver.com/bessie121
2023-11-20,성수 비스트로 특별한 날 데이트하기 좋은 곳 부우이,https://blog.naver.com/bessie121/223269868432
2023-11-20,,https://blog.naver.com/yangklee
2023-11-20,"대구 여행, 대구수제화골목, 경상감영공원, 노포맛집거리 군위식당 돼지국밥",https://blog.naver.com/yangklee/223269628459
2023-11-20,,https://blog.naver.com/eui0308
2023-11-20,[일상] 성수동 그리고 노을,https://blog.naver.com/eui0308/223269783805
2023-11-20,,https://blog.naver.com/sodlf203
2023-11-20,데이트 하기 좋은 서울숲 맛집 부우이,https://blog.naver.com/sodlf203/223269764715
2023-11-20,,https://blog.naver.com/0482cl
2023-11-20,"인더스트리얼 뜻, 요즘 카페 인테리어 트렌드는?",https://blog.naver.com/0482cl/223269738488
2023-11-20,,https://blog.naver.com/nangmaner
2023-11-20,대전 여행 | 소제동,https://blog.naver.com/nangmaner/223269722585
2023-11-20,,https://blog.naver.com/eunjoogim
2023-11-20,부우이 데이트맛집 성수동 맛집,https://blog.naver.com/eunjoogim/223269683587
2023-11-20,,https://blog.naver.com/winternamui
2023-11-20,부우이 성수 맛집 추천 분위기좋은 파스타 맛집,https://blog.naver.com/winternamui/223269676508
2023-11-20,,https://blog.naver.com/sbc010310
2023-11-20,성수동 맛집 추천 부우이 서울숲 근처 데이트하기 좋은 곳,https://blog.naver.com/sbc010310/223269668293
2023-11-20,,https://blog.naver.com/kimnh0705
2023-11-20,서울숲 애견동반 가능한 성수동 추천 항정스테이크 맛집 부우이,https://blog.naver.com/kimnh0705/223269666568
2023-11-20,성수 맛집 부우이 파스타맛집♡서울숲을보며 힐링♡,https://blog.naver.com/tjsduddl6020/223269650333
2023-11-20,,https://blog.naver.com/toand1004
2023-11-20,성수맛집 성수동 2030들의 핫플 명소 안주맛집 대취,https://blog.naver.com/toand1004/223269605277
2023-11-20,,https://blog.naver.com/yu7072yu
2023-11-20,부우이 경치가 좋은 스테이크 맛집 성수동 맛집,https://blog.naver.com/yu7072yu/223269600487
2023-11-20,,https://blog.naver.com/woowoo12354
2023-11-20,맛집으로소문난 부우이 서울숲 맛집,https://blog.naver.com/woowoo12354/223269587648
2023-11-20,,https://blog.naver.com/jdpm4953
2023-11-20,스테이크맛집 성수 파스타 부우이,https://blog.naver.com/jdpm4953/223269578236
2023-11-20,,https://blog.naver.com/ohn1999
2023-11-20,성수동 맛집으로 소개하는 '부우이',https://blog.naver.com/ohn1999/223269573581
2023-11-20,,https://blog.naver.com/darinmama
2023-11-20,성수 파스타 부우이 다녀왔습니다,https://blog.naver.com/darinmama/223269572650
2023-11-20,,https://blog.naver.com/silk713
2023-11-20,남양주 루프탑 가능한 통 건물 애견동반식당 창업 추천합니다.,https://blog.naver.com/silk713/223269566409
2023-11-20,,https://blog.naver.com/sooayn
2023-11-20,MZ 세대가 왜 전통시장에 열광하는가 레트로 시장의 진화,https://blog.naver.com/sooayn/223269450226
2023-11-20,,https://blog.naver.com/qkrwngml0392
2023-11-20,성수 파스타 데이트 장소로 떠오르는 부우이,https://blog.naver.com/qkrwngml0392/223269551202
2023-11-20,성수 서울숲 맛집 데이트 코스로 좋은 도치피자 성수,https://blog.naver.com/olanska/223269526408
2023-11-20,,https://blog.naver.com/3000rider
2023-11-20,성수 크리스마스 모임하기 좋은 이탈리안 레스토랑 투파인드피터,https://blog.naver.com/3000rider/223269473418
2023-11-20,"[팝업 소식] 11월 20일~11월 26일 11월 셋째 주 성수 팝업스토어 리스트 (위치, 기간, 예약, 이벤트)",https://blog.naver.com/ilsang___gongyu/223269379281
2023-11-20,,https://blog.naver.com/deniroh
2023-11-20,성동구 성수동 임장기 Ⅰ(ft : 성수전략정비구역),https://blog.naver.com/deniroh/223269428250
2023-11-20,"성수동의 새로운 데이트 명소, 후추포인트에서 즐기는 서양 가정식",https://blog.naver.com/nonna6060/223269428371
2023-11-20,성수동 놀거리 반클리프 아펠 디뮤지엄 전시 서울 데이트 코스,https://blog.naver.com/ungsblue/223269098901
2023-11-20,,https://blog.naver.com/igamgam1023
2023-11-20,"무신사 스탠다드 성수점 방문, 연무장길 핫플레이스 무탠다드 매장",https://blog.naver.com/igamgam1023/223269106906
2023-11-20,,https://blog.naver.com/punish7964
2023-11-20,간선도로 지입차 자격조건 입문을 하신다면 지금이 기회!순이익 1000만원,https://blog.naver.com/punish7964/223269367995
2023-11-21,,https://blog.naver.com/jjudoongi
2023-11-21,성수 데이트 코스 <성수향수공방 닷노트> 서울 향수 원데이 클래스 추천!,https://blog.naver.com/jjudoongi/223271202183
2023-11-21,,https://blog.naver.com/ihappyholic
2023-11-21,광저우 가볼 곳 广州 T.I.T 创意园 광저우T.I.T 국제패션 창의공원,https://blog.naver.com/ihappyholic/223271165211
2023-11-21,성수 데이트 코스 스시도쿠 더성수 히츠마부시와 함께 즐기기 좋은 성수 맛집,https://blog.naver.com/winterainy/223271164475
2023-11-21,성수 파스타 맛집으로 유명한 부우이,https://blog.naver.com/081972/223271009956
2023-11-21,,https://blog.naver.com/enddlaka010-
2023-11-21,다양한 해산물 요리와 유럽 요리를 먹을 수 있는 성수 파스타 부우이,https://blog.naver.com/enddlaka010-/223270887489
2023-11-21,,https://blog.naver.com/hssj9857
2023-11-21,성수맛집추천 부우이 서울숲 맛집 부우이,https://blog.naver.com/hssj9857/223270873381
2023-11-21,,https://blog.naver.com/tlsrnjsgk79
2023-11-21,부우이 성수동 맛집 특별한 시간을 가져보자,https://blog.naver.com/tlsrnjsgk79/223270859731
2023-11-21,,https://blog.naver.com/rlatjdgjs124
2023-11-21,다양한 와인과 즐길 수 있는 분위기 짱 부우이,https://blog.naver.com/rlatjdgjs124/223270837284
2023-11-21,,https://blog.naver.com/luckyonee_
2023-11-21,[대만여행] 황지아훠거/딘타이펑/중산역카페/중정기념당/융캉제/망고빙수/타이페이101/야경/타케무라이자카야 후기 #대만여행,https://blog.naver.com/luckyonee_/223270823930
2023-11-21,,https://blog.naver.com/trulyseonyoung
2023-11-21,9월 둘째주 일본 도쿄 여행 (2),https://blog.naver.com/trulyseonyoung/223270814859
2023-11-21,,https://blog.naver.com/yzxk_wu88ghx2vm
2023-11-21,"[맛있는 오마카세의 향연, 우시야 성수점 맛집으로 초대합니다!]",https://blog.naver.com/yzxk_wu88ghx2vm/223270788164
2023-11-21,,https://blog.naver.com/gkfka3616
2023-11-21,성수 파스타 성수동맛집 부우이,https://blog.naver.com/gkfka3616/223270786261
2023-11-21,,https://blog.naver.com/love-0907
2023-11-21,서울숲 산책후 갈만한곳 성수동 맛집 추천 부우이,https://blog.naver.com/love-0907/223270782450
2023-11-21,,https://blog.naver.com/leader_kim_0618
2023-11-21,서울숲 맛집 성수동맛집 부우이,https://blog.naver.com/leader_kim_0618/223270781157
2023-11-21,,https://blog.naver.com/emeralrusa_1
2023-11-21,"파스타,스테이크 맛집 추천 부우이 성수동",https://blog.naver.com/emeralrusa_1/223270735066
2023-11-21,,https://blog.naver.com/parkwj841
2023-11-21,성수동 맛집 부우이 너무 좋아요,https://blog.naver.com/parkwj841/223270724686
2023-11-21,,https://blog.naver.com/dbsqls0922
2023-11-21,방콕 여행 홍씨앙꽁 딸랏너이 골목 빈티지 감성 뷰 카페,https://blog.naver.com/dbsqls0922/223270668435
2023-11-21,[성수]스탠드오일 성수 플래그십 스토어_성수동에 가면 꼭 가야할 포토존 가득한 fw 헤어 살롱 컨셉,https://blog.naver.com/lovepeacecozy/223269159850
2023-11-21,성수전략정비구역 추진상황 정리 조합원갈등이 숙제임,https://blog.naver.com/prim57r/223270536500
2023-11-21,,https://blog.naver.com/madtimes
2023-11-21,"클룩, ‘창밖의 스위스를 내 눈앞의 스위스로’ 포토존 이벤트 개최… 스위스 트래블 패스와 스위스 왕복 항공권 증정",https://blog.naver.com/madtimes/223270464298
2023-11-21,LCDC SEOUL 성수동 복합문화공간,https://blog.naver.com/only_hschoi/223269764915
2023-11-21,,https://blog.naver.com/snjh0003
2023-11-21,11월 21일 경제 뉴스,https://blog.naver.com/snjh0003/223270362727
2023-11-21,,https://blog.naver.com/1manbo
2023-11-21,성수 난포 난 포기안했던 퓨전한식,https://blog.naver.com/1manbo/223270312309
2023-11-22,,https://blog.naver.com/kimhy94_
2023-11-22,성수역초밥 분위기가 좋아 성수동데이트코스로 추천하는 스시도쿠 더성수,https://blog.naver.com/kimhy94_/223272174468
2023-11-22,,https://blog.naver.com/appnoon
2023-11-22,성수초밥맛집 스시도쿠 더성수 서울숲데이트코스맛집 추천,https://blog.naver.com/appnoon/223272144986
2023-11-22,,https://blog.naver.com/ec3355ec
2023-11-22,블랙프라이데이 기간 할인 프로모션~* 레고랜드 클룩 포토존..,https://blog.naver.com/ec3355ec/223272033775
2023-11-22,,https://blog.naver.com/yhban76
2023-11-22,성수 비스트로 부우이로 오세요.,https://blog.naver.com/yhban76/223272025054
2023-11-22,,https://blog.naver.com/lizzy0921
2023-11-22,성수동 맛집 추천 분위기 좋은 부우이,https://blog.naver.com/lizzy0921/223271985034
2023-11-22,,https://blog.naver.com/violetsbloom
2023-11-22,미국 MZ 세대가 살고 싶어하는 동네 KAKAAKO | 코미와 함께하는 핫플레이스 임장!,https://blog.naver.com/violetsbloom/223271978225
2023-11-22,성수 맛집을 찾는다면 부우이,https://blog.naver.com/skylooklove1/223271931199
2023-11-22,[서울 부동산 입지 분석] 성동구 편,https://blog.naver.com/shanghairealestate/223271888263
2023-11-22,,https://blog.naver.com/qncjs8143
2023-11-22,성수 맛집 추천 부우이,https://blog.naver.com/qncjs8143/223271869360
2023-11-22,,https://blog.naver.com/beyond8224
2023-11-22,가볼만한 성수 맛집 해산물 추천 부우이,https://blog.naver.com/beyond8224/223271851327
2023-11-22,,https://blog.naver.com/iamyuniee
2023-11-22,"Nov.2023_[오사카, 교토 day.2] 프리쿠라 니까짓게 감히",https://blog.naver.com/iamyuniee/223271752669
2023-11-22,성수 비스트로 남다른 매력의 맛집 부우이,https://blog.naver.com/kim2kiking/223271752204
2023-11-22,,https://blog.naver.com/wodnd0619
2023-11-22,성수 파스타 부우이 성수맛집,https://blog.naver.com/wodnd0619/223271750383
2023-11-22,,https://blog.naver.com/shnty173
2023-11-22,부우이 하나의 명소처럼 서울숲 맛집,https://blog.naver.com/shnty173/223271717425
2023-11-22,,https://blog.naver.com/gnbre
2023-11-22,성수전략정비구역 재개발 70층 9천 가구,https://blog.naver.com/gnbre/223264700213
2023-11-22,,https://blog.naver.com/minisky4847
2023-11-22,추천하고 싶은 성수동 맛집 부우이,https://blog.naver.com/minisky4847/223271706385
2023-11-22,,https://blog.naver.com/gangporter
2023-11-22,"[성수공방] 성수동 원데이클래스 향수 공방 데이트, '닷노트'",https://blog.naver.com/gangporter/223271687171
2023-11-22,,https://blog.naver.com/dhsmfgkfngodqhr
2023-11-22,"맛, 서비스, 분위기 모두 좋은 성수 파스타맛집 부우이",https://blog.naver.com/dhsmfgkfngodqhr/223271679545
2023-11-22,,https://blog.naver.com/rkdmfghfflr
2023-11-22,부우이 성수동 맛집으로깊은맛이 일품인곳으로~~,https://blog.naver.com/rkdmfghfflr/223271675852
2023-11-22,,https://blog.naver.com/000yongsung
2023-11-22,촌(3),https://blog.naver.com/000yongsung/223271608831
2023-11-22,,https://blog.naver.com/cysea25
2023-11-22,성수동 데이트 코스 한강다리와 서울숲길 카페,https://blog.naver.com/cysea25/223271578126
2023-11-22,,https://blog.naver.com/gkxmgg22
2023-11-22,부우이 성수 맛집 추천,https://blog.naver.com/gkxmgg22/223271576509
2023-11-22,,https://blog.naver.com/insure9270
2023-11-22,성수동술집 다양한 타코를 맛볼수 있는 타코튜즈데이 성수점,https://blog.naver.com/insure9270/223271557687
2023-11-22,성수가볼만한곳 식집사 힐링공간 슬로우파마씨 쇼룸 데이트코스 추천,https://blog.naver.com/ddumlog/223271501283
2023-11-22,,https://blog.naver.com/8569466
2023-11-22,"성수일식집 ""스시도쿠 더성수"" 성수동데이트코스",https://blog.naver.com/8569466/223271509745
2023-11-22,"[성수동크리스마스명소] 반짝이는 별과 나비가 함께하는 ""디올 성수"" 크리스마스 데이트 코스/추천 포토존",https://blog.naver.com/afterglow_rana/223271445762
2023-11-22,,https://blog.naver.com/hjy11540
2023-11-22,수비드로 부드럽게 조리된 서울숲 맛집 부우이,https://blog.naver.com/hjy11540/223271446136
2023-11-22,,https://blog.naver.com/mse81222
2023-11-22,"""새로운 변화가 시작되는 신흥부촌 성수전략정비구역의 매력적인 업체들""",https://blog.naver.com/mse81222/223271433460
2023-11-23,,https://blog.naver.com/m__light
2023-11-23,『 성수 다모토리혼 』 연말 성수역 일식 맛집 성수 술집 추천!,https://blog.naver.com/m__light/223273182008
2023-11-23,,https://blog.naver.com/guddbswn
2023-11-23,성수맛집 다양하고 맛있는 한식 요리가 맛있는 센스 넘치는 술집 대취,https://blog.naver.com/guddbswn/223273141210
2023-11-23,"성수동 재래시장 뚝도시장 탐방, 뚝도청춘시장 (2023.11.7)",https://blog.naver.com/owkkra/223273094021
2023-11-23,,https://blog.naver.com/jacky1244
2023-11-23,성수 비스트로 소문난 부우이,https://blog.naver.com/jacky1244/223273043059
2023-11-23,부우이 와인즐기기 좋은 유럽요리 뚝섬 맛집,https://blog.naver.com/s7post/223273013363
2023-11-23,대낚식당 성수 대곱창 낚으러 오세요 입장시 장이 거지는,https://blog.naver.com/1manbo/223272999986
2023-11-23,,https://blog.naver.com/evewalle
2023-11-23,부우이 성수 파스타,https://blog.naver.com/evewalle/223272937982
2023-11-23,서울 성수역 카페 라에비뉴 크리스마스 딸기 케이크 추천,https://blog.naver.com/llllstyle/223272865641
2023-11-23,,https://blog.naver.com/elf0517
2023-11-23,문어다리 파스타 부우이 성수 파스타 추천,https://blog.naver.com/elf0517/223272832980
2023-11-23,,https://blog.naver.com/foxgomdory_
2023-11-23,부우이 성수동 맛집 늘 맛있는 집,https://blog.naver.com/foxgomdory_/223272798883
2023-11-23,,https://blog.naver.com/gywjdtjdaks
2023-11-23,"""성수역 대창덮밥의 명소, 대낚식당""",https://blog.naver.com/gywjdtjdaks/223272781087
2023-11-23,서울드라이브코스 성수동서울숲 서울숲길 따라 서울숲놀이터까지 인생샷명소,https://blog.naver.com/kmvine25/223272756183
2023-11-23,,https://blog.naver.com/dnrgud9170
2023-11-23,눈과 입이 동시에 호강했던 부우이,https://blog.naver.com/dnrgud9170/223272679702
2023-11-23,,https://blog.naver.com/sillia1123
2023-11-23,서울숲 맛집 부우이 데이트하기 좋은 곳~!,https://blog.naver.com/sillia1123/223272655699
2023-11-23,,https://blog.naver.com/soft1020
2023-11-23,치앙마이 감성카페 꼭 가봐야 될 소품샵 이너프 포 라이프 빌리지 ENOUGH FOR LIFE VILLAGE,https://blog.naver.com/soft1020/223272616680
2023-11-23,,https://blog.naver.com/ezezezez_
2023-11-23,이색적인 메뉴의 한식주점 대취 성수맛집,https://blog.naver.com/ezezezez_/223272595555
2023-11-23,,https://blog.naver.com/dltkdfyd74
2023-11-23,성수맛집 대취 안주가맛있는대취 이북식 닭다리수육을 맛볼수있는 대취,https://blog.naver.com/dltkdfyd74/223272590744
2023-11-23,,https://blog.naver.com/hello1816hihi
2023-11-23,다양한 해산물 요리 부우이 성수 파스타 추천,https://blog.naver.com/hello1816hihi/223272574355
2023-11-23,,https://blog.naver.com/ollefarmer
2023-11-23,부우이 루프탑에서의 서울숲 성수 파스타 추천,https://blog.naver.com/ollefarmer/223272558947
2023-11-23,,https://blog.naver.com/012kim
2023-11-23,"유럽 지중해 분위기 있는, 성수 파스타 부우이",https://blog.naver.com/012kim/223272559242
2023-11-23,,https://blog.naver.com/wgma1810
2023-11-23,분위기맛집 부우이 성수 파스타 추천,https://blog.naver.com/wgma1810/223272535436
2023-11-23,,https://blog.naver.com/stop459405
2023-11-23,성수동 맛집 부우이 서울숲맛집,https://blog.naver.com/stop459405/223272532844
2023-11-23,,https://blog.naver.com/3iwgsz07
2023-11-23,"서울숲 한우 구이의 향연, 성수동의 명소 무식당 성수본점에서 맛본 최상의 육회와 갈비살",https://blog.naver.com/3iwgsz07/223272528013
2023-11-23,가을 산책 명소 서울숲 트레킹 (2023.11.7),https://blog.naver.com/owkkra/223272471119
2023-11-23,,https://blog.naver.com/bdrsquare
2023-11-23,[용산르포] 용리단길 핫한 인스타명소,https://blog.naver.com/bdrsquare/223271662561
2023-11-23,,https://blog.naver.com/kmjsyj99
2023-11-23,"일본의 성수동, 나카메구로 강변 편집샾과 공원피크닉",https://blog.naver.com/kmjsyj99/223267535091
2023-11-23,,https://blog.naver.com/olive12546
2023-11-23,"서울숲카페 뉴앳던 성수에서의 특별한 하루 커피, 루프탑, 그리고 애견 동반의 즐거움",https://blog.naver.com/olive12546/223272323484
2023-11-24,,https://blog.naver.com/althdbal19
2023-11-24,성수동 스테이크의 새로운 명소 타이거풀에서의 맛있는 경험,https://blog.naver.com/althdbal19/223274083783
2023-11-24,,https://blog.naver.com/gusdhr294
2023-11-24,"양평베이커리카페 문릿, 힐링이필요할 때 찾는 양평카페",https://blog.naver.com/gusdhr294/223274063992
2023-11-24,,https://blog.naver.com/coolgirl0301
2023-11-24,"뉴욕 여행(대한항공 비지니스, 뉴욕 메리어트, 모마, 센트럴파크, 브라이언트 파크, 베슬, 첼시마켓, 뉴욕대, 써밋 전망대, 덤보다리, 브루클린브릿지, 월스트리트, 자유의여신상)",https://blog.naver.com/coolgirl0301/223274007815
2023-11-24,,https://blog.naver.com/011gilbut
2023-11-24,서울 서울숲 단풍,https://blog.naver.com/011gilbut/223273686063
2023-11-24,,https://blog.naver.com/sun0756
2023-11-24,부우이 서울숲 맛집 추천합니다,https://blog.naver.com/sun0756/223273967223
2023-11-24,,https://blog.naver.com/yum_1025
2023-11-24,성수동 맛집 부우이 서울숲에서 유명해요.,https://blog.naver.com/yum_1025/223273943260
2023-11-24,성수동 뚝도시장 ~ 서울맛집 (2023.11.7),https://blog.naver.com/owkkra/223273910938
2023-11-24,,https://blog.naver.com/gywls5179
2023-11-24,성수동데이트코스 스시도쿠 더성수 성수역초밥 이벤트 까지,https://blog.naver.com/gywls5179/223273906324
2023-11-24,,https://blog.naver.com/sum_i_market
2023-11-24,서울숲이 보이는 루프탑뷰 부우이 성수동 맛집 추천,https://blog.naver.com/sum_i_market/223273858165
2023-11-24,"금호역,옥수역 주변 간단 임장",https://blog.naver.com/dltldud17/223273815653
2023-11-24,성수동 맛집 루프탑에서 분위기 좋게 와인한잔하기 좋은 부우이,https://blog.naver.com/uhee89/223273690817
2023-11-24,,https://blog.naver.com/yeona1106
2023-11-24,성수 파스타 추천 분위기 너무 좋은곳 부우이,https://blog.naver.com/yeona1106/223273684036
2023-11-24,성수 비스트로 데이트 장소로 떠오르는 부우이,https://blog.naver.com/0033156/223273681792
2023-11-24,부우이 서울숲 맛집 지친 일상 속에서 힐링되는 곳,https://blog.naver.com/tjsdhr5254/223273678969
2023-11-24,,https://blog.naver.com/hrrrrr5555
2023-11-24,성수동 추천 부우이 지중해 유러피안 감성푸드,https://blog.naver.com/hrrrrr5555/223273668082
2023-11-24,,https://blog.naver.com/7c71oaiv
2023-11-24,성수동에서의 인스타그램 브랜딩: 성공을 향한 시작,https://blog.naver.com/7c71oaiv/223273589026
2023-11-24,,https://blog.naver.com/songvely_s
2023-11-24,"[서울 재즈바] 성수 포지티브 제로 라운지, 연말 데이트 장소 추천",https://blog.naver.com/songvely_s/223273501020
2023-11-24,,https://blog.naver.com/naye517
2023-11-24,성수동 핫플레이스 카페 / 브레디포스트 성수에서 프레즐먹기,https://blog.naver.com/naye517/223273476545
2023-11-24,,https://blog.naver.com/dlgnltjr
2023-11-24,성동구 송정동 꼬마빌딩매매_10억대 꼬마빌딩 매매,https://blog.naver.com/dlgnltjr/223273474524
2023-11-24,,https://blog.naver.com/eathari
2023-11-24,성수동고기집 이우 다이닝 고급스러운 데이트코스고깃집,https://blog.naver.com/eathari/223273444812
2023-11-24,링크정보 : 서울 성동구 성수동1가 : 갤러리 알비(ARBY) 인스타 SSUK(쑥) 에세이툰 무명의 선39건 [11.24 00:01],https://blog.naver.com/lapter6/223273199093
2023-11-25,,https://blog.naver.com/1972jiho
2023-11-25,성수동 서울숲 서울숲 체육센터 핫플레이스 쵸리 상경 덮밥집,https://blog.naver.com/1972jiho/223274780315
2023-11-25,,https://blog.naver.com/hyeja_0_
2023-11-25,"서울 성수 놀거리 가볼만한곳 데이트코스 추천_서울숲, 소품샵 세이모온도 쇼룸, 카페, 맛집",https://blog.naver.com/hyeja_0_/223274628667
2023-11-25,,https://blog.naver.com/luck539
2023-11-25,서울 성동구 성수동 부동산 - 빌딩 매각,https://blog.naver.com/luck539/223274605421
2023-11-25,우주다녀온 붕어빵 제1의맛집은 우주에 있어요 통화요금 많이나와여 성수 팝업,https://blog.naver.com/1manbo/223274532194
2023-11-25,,https://blog.naver.com/riverview622
2023-11-25,2040 서울 도시기본계획 확인 및 성수 정비구역 정리,https://blog.naver.com/riverview622/223274514277
2023-11-25,,https://blog.naver.com/chldbwls11
2023-11-25,"먹었다,,,압구정수산시장 성수,,,성수동포차,,,성수동맛집,,,성수동밥집,,,성수동이자카야,,,성수동술집,,,데이트,,,뚝섬역맛집,,,뚝섬술집,,,서울숲술집,,,",https://blog.naver.com/chldbwls11/223274485036
2023-11-25,,https://blog.naver.com/k5shine
2023-11-25,부우이 성수동 맛집 다녀왔습니다,https://blog.naver.com/k5shine/223274463270
2023-11-25,,https://blog.naver.com/kys738
2023-11-25,성수 비스트로 부우이 맛집입니다.정갈나게 맛있는 부우이로 식사하러 오세요,https://blog.naver.com/kys738/223274438589
2023-11-25,,https://blog.naver.com/078456
2023-11-25,"""서울숲에서 펼쳐지는 맛있는 부우이의 세계!서울숲 맛집""",https://blog.naver.com/078456/223274429405
2023-11-25,,https://blog.naver.com/memo1241
2023-11-25,부우이 행복한 맛 서울숲 맛집,https://blog.naver.com/memo1241/223274402733
2023-11-25,,https://blog.naver.com/wjddus1121
2023-11-25,구름한점 없는 기분좋은 날씨 부우이 성수 맛집 추천,https://blog.naver.com/wjddus1121/223274388266
2023-11-25,성수동대림창고갤러리에서 커피한잔 (2023.11.7),https://blog.naver.com/owkkra/223274385599
2023-11-25,,https://blog.naver.com/groovy0608
2023-11-25,쓸모의 재발견,https://blog.naver.com/groovy0608/223274378206
2023-11-25,,https://blog.naver.com/jin4270801
2023-11-25,성수 파스타 부우이 여길 이제 가보다니 후회되었던곳,https://blog.naver.com/jin4270801/223274371963
2023-11-25,,https://blog.naver.com/valuable927
2023-11-25,[성수&뚝섬 맛집/디저트 코스] 후후베이크 빵집 - 목금 파스타리조또 - 카페 래뮤 - 하루필름 - 왕십리 악어떡볶이,https://blog.naver.com/valuable927/223274349970
2023-11-25,성수역 맛집 부우이 성수 파스타 추천,https://blog.naver.com/eseunseo12/223274341485
2023-11-25,,https://blog.naver.com/job1136
2023-11-25,부우이 성수 파스타 해산물요리맛집,https://blog.naver.com/job1136/223274332517
2023-11-25,성수동 맛집 해산물요리와 유럽요리를 주는멋진 부우이,https://blog.naver.com/youngsook454/223274299521
2023-11-25,,https://blog.naver.com/skyblue-432
2023-11-25,: 서울 성동구 성수동 : 성수동맛집 성수맛집 성수역맛집 성수회식 성수술집 성수역술집 다모토리혼,https://blog.naver.com/skyblue-432/223274245100
2023-11-25,,https://blog.naver.com/hyun-gyeong
2023-11-25,성수맛집 대취 - 맛과 분위기로 사랑받는 특별한 장소,https://blog.naver.com/hyun-gyeong/223274145361
2023-11-25,,https://blog.naver.com/2week_end
2023-11-25,양평 양수리 카페 '그림정원' 서울근교 드라이브 겸 아이랑 갈만한곳,https://blog.naver.com/2week_end/223274129946
2023-11-26,종로3가 놀거리 티퍼런스 서울 팝업스토어 하트시그널 데이트 장소,https://blog.naver.com/yhth27/223275462183
2023-11-26,,https://blog.naver.com/hongyeon_ss
2023-11-26,"콩카세 성수동 라자냐, 뇨끼가 맛있고 분위기 좋아 생일에 딱! 서울숲 데이트 코스로 완벽 성공",https://blog.naver.com/hongyeon_ss/223275438510
2023-11-26,링크정보 서면꼼장어 재방문 모임장소 원조기장산곰장어35건 [11.26 21:26],https://blog.naver.com/lapter6/223275385655
2023-11-26,,https://blog.naver.com/bqbax88292
2023-11-26,현심야식당 성수점: 성수동에서 맛있는 모츠나베 맛집 찾기,https://blog.naver.com/bqbax88292/223273911028
2023-11-26,,https://blog.naver.com/jootime
2023-11-26,서울숲 브런치 : 타코튜즈데이 멕시칸 타코 점심,https://blog.naver.com/jootime/223275354299
2023-11-26,[도쿄] 가마쿠라 후기2탄 | 도쿄 여행 고마치거리 Giraffa 카레빵 꼭꼭 먹자 | 도쿄 맛집| 가마쿠라 카페 추천 | 가마쿠라 가볼 만한 곳 | 가마쿠라 시장,https://blog.naver.com/juuu414/223275273982
2023-11-26,,https://blog.naver.com/passionvip
2023-11-26,"성수 데이트 코스 추천 3곳 : 연말에 잘 어울리는 서울숲맛집 서울룸식당 서우, 카페 시나본, 그리고 성수맥주 집 스타우트 내돈내산",https://blog.naver.com/passionvip/223275251964
2023-11-26,성수 데이트 코스 맛집 식사 장소로 추천하고픈 성수 가볼만한곳 '미쁘동',https://blog.naver.com/j2j2486/223275248816
2023-11-26,,https://blog.naver.com/qusehd1004
2023-11-26,11월 일상,https://blog.naver.com/qusehd1004/223275195050
2023-11-26,누가 요새 '궁'보러 가니?! 외국 관광객 몰리는 지역은?ㅣ인터비즈,https://blog.naver.com/businessinsight/223273859084
2023-11-26,,https://blog.naver.com/lapter18
2023-11-26,"링크정보 궁동 단체 이미지사진, 대전 사진관온김에35건 [11.26 11:43]",https://blog.naver.com/lapter18/223275017117
2023-11-26,"서울 실내 가볼만한곳, 실내식물원 겨울 데이트 코스",https://blog.naver.com/lbmoon68/223274827379
2023-11-26,,https://blog.naver.com/fee4001
2023-11-26,"성수동 분위기 좋은 데이트, 타코튜즈데이 성수점",https://blog.naver.com/fee4001/223274887896
2023-11-26,,https://blog.naver.com/son2104
2023-11-26,숙대입구역_남영동_후암동108계단_해방촌신흥시장 임장,https://blog.naver.com/son2104/223274864674
2023-11-26,,https://blog.naver.com/dolstone2002
2023-11-26,서울숲에서 단풍구경하며 생각해 보는 서울숲의 의의,https://blog.naver.com/dolstone2002/223273981999
2023-11-27,성수동 데이트 코스 스시도쿠 더성수 스키야키 주차가능 핫플,https://blog.naver.com/hdongie/223276300496
2023-11-27,아파스타먼 성수 성수명소 서울숲맛집,https://blog.naver.com/kcmh87/223276295188
2023-11-27,부산 가볼만한곳 기장 LPC 빌라쥬 드 아난티 다자이 기장카페 카포티 볼거리 먹거리,https://blog.naver.com/dlwndud1974/223276290850
2023-11-27,,https://blog.naver.com/gusdkthd6824
2023-11-27,서울숲맛집 '묘사서울'에서 가족과 함께 즐거운 시간을 보냈습니다,https://blog.naver.com/gusdkthd6824/223276284357
2023-11-27,,https://blog.naver.com/ritz_01
2023-11-27,트리마제 성수 매매 38B,https://blog.naver.com/ritz_01/223276263892
2023-11-27,"서울여행코스 추천, 성수동 서울숲 나들이",https://blog.naver.com/leehaduk/223276244224
2023-11-27,,https://blog.naver.com/lovepj1004
2023-11-27,아파스타먼 성수 성수명소 성수맛집,https://blog.naver.com/lovepj1004/223276214769
2023-11-27,,https://blog.naver.com/rlawngh0521
2023-11-27,성수맛집 성수명소 아파스타먼 성수,https://blog.naver.com/rlawngh0521/223276203287
2023-11-27,,https://blog.naver.com/izz1khsq
2023-11-27,"맛과 멋이 제대로 어우러지는 곳, 성수동맛집 심퍼티쿠시 성수점",https://blog.naver.com/izz1khsq/223276083628
2023-11-27,,https://blog.naver.com/ilovedarby
2023-11-27,"호주여행 ▼ 멜번여행 #멜버른명소 가볼만한곳 _ 피츠로이 편집샵이 궁금하다면.. ""ZETTA FLORENCE""",https://blog.naver.com/ilovedarby/223275957652
2023-11-27,,https://blog.naver.com/saja151126
2023-11-27,성수CF타워 성수동 대형 사무실,https://blog.naver.com/saja151126/223275839583
2023-11-27,,https://blog.naver.com/imgooroom
2023-11-27,"서울숲, 성수, 뚝섬을 아우르는 일식맛집, 스시도쿠 더성수 후기! (성수동데이트코스 강력추천)",https://blog.naver.com/imgooroom/223275821657
2023-11-27,성수'카페·패션거리'로 도약하는 현장을 방문하다,https://blog.naver.com/limyk3217/223275814165
2023-11-27,성수 데이트 코스 줄서는 성수 맛집 스시도쿠 더성수,https://blog.naver.com/im_lime/223275812558
2023-11-27,,https://blog.naver.com/duddnd121
2023-11-27,옥천 신흥 대형카페 벚꽃 명소 라운드 커피☕️,https://blog.naver.com/duddnd121/223275809448
2023-11-27,,https://blog.naver.com/jjieunootd
2023-11-27,스시도쿠 더성수 : 사이드와 식사류까지 맛있는 성수일식집 / 성수동데이트코스 추천,https://blog.naver.com/jjieunootd/223275775342
2023-11-27,,https://blog.naver.com/denvely96
2023-11-27,"[서울] 성수동/성수역 데이트코스 추천, 일본식 철판요리 오꼬노미야끼와 야끼소바를 즐길수 있는 성수역 '죠죠'(feat. 웨이팅후기)",https://blog.naver.com/denvely96/223246603245
2023-11-27,한강공원 레스토랑 선상카페 선상웨딩홀 라운지 임대 : 플로팅시설 수변카페 수상카페 선박임대,https://blog.naver.com/dospace/223275718377
2023-11-27,,https://blog.naver.com/think-pencil
2023-11-27,유현준은 '공간의 미래'를 어떻게 예측하고 있을까?,https://blog.naver.com/think-pencil/223275670025
2023-11-28,,https://blog.naver.com/kikihyeji
2023-11-28,성수 데이트 코스 추천 맛집 서울숲 필수방문 퓨전요리 연남토마,https://blog.naver.com/kikihyeji/223277477028
2023-11-28,,https://blog.naver.com/eftcj99369
2023-11-28,[맛있고 푸짐한 모츠나베로 떠나는 성수동 현심야식당의 맛집 여행],https://blog.naver.com/eftcj99369/223276230070
2023-11-28,,https://blog.naver.com/kgmlwjd7
2023-11-28,"일본 도쿄여행 3박 4일 -1일차 (시부야 스카이, 호텔 몬트레이 긴자, 덴푸라덴토라, 넥스)",https://blog.naver.com/kgmlwjd7/223277338081
2023-11-28,,https://blog.naver.com/xoxoho_
2023-11-28,"성수동애견동반식당, 서울숲 데이트코스로 추천하는 퓨전 한식 [ 온류 ]",https://blog.naver.com/xoxoho_/223277254906
2023-11-28,,https://blog.naver.com/tu__lip__
2023-11-28,서울숲 놀거리 억수로 055 성수 팝업에서 떠나는 경남여행,https://blog.naver.com/tu__lip__/223276923313
2023-11-28,,https://blog.naver.com/bigissuekorea
2023-11-28,오픈하우스서울 2023 (1),https://blog.naver.com/bigissuekorea/223752832948
2023-11-28,,https://blog.naver.com/developergroup_
2023-11-28,2023년 11월 28일 부동산개발 일일 동향,https://blog.naver.com/developergroup_/223276833448
2023-11-28,,https://blog.naver.com/stem13248
2023-11-28,"성수 맛집의 숨은 보석, 무식당 성수본점에서의 미각 여행 한우 맛의 정수를 체험하다",https://blog.naver.com/stem13248/223276629806
2023-11-28,'홍대 레드로드 춤추게 하라' K팝 공연 즐기는 명소!,https://blog.naver.com/limyk3217/223276058608
2023-11-29,,https://blog.naver.com/kbwrn5bx
2023-11-29,고기에 대한 사랑과 정성이 느껴지는 서울의 명소 무식당 성수본점에서의 특별한 식사 체험,https://blog.naver.com/kbwrn5bx/223278523293
2023-11-29,,https://blog.naver.com/dkfls246
2023-11-29,성수동에 있는 맛집으로 추천해요~ 술있는식탁 성수본점 에서 다양한 맛의 향연을 경험하세요!,https://blog.naver.com/dkfls246/223278427404
2023-11-29,링크정보 인공지능과 수묵화의 만남: 한국딥러닝의 수묵화 AI 생성 프로그램31건 [11.29 19:23],https://blog.naver.com/lapter18/223278312155
2023-11-29,,https://blog.naver.com/1d31tva8
2023-11-29,"서울숲 인근에서 찾아낸 맛의 향연, 감칠맛 나는 우리 한우의 향연 무식당 성수본점에서의 유쾌한 식사 경험",https://blog.naver.com/1d31tva8/223278263522
2023-11-29,서울명소 - 플래그십 놀이터 '성수동' 탐방기(with 우리은하),https://blog.naver.com/titoms20/223278258569
2023-11-29,"전 구글 회장의 최애 한국 명소, 알고 보니 ""DMZ""?ㅣ인터비즈",https://blog.naver.com/businessinsight/223276842267
2023-11-29,,https://blog.naver.com/riaucweq
2023-11-29,"따스한 햇살 아래 성수의 명소, 놓칠 수 없는 맛의 향연, 성수맛집 무식당 성수본점 방문기!",https://blog.naver.com/riaucweq/223277913180
2023-11-29,,https://blog.naver.com/kniti2673
2023-11-29,성수맛집 대취 이북식 닭다리 수육 맛집,https://blog.naver.com/kniti2673/223277884022
2023-11-29,,https://blog.naver.com/marigold_1221
2023-11-29,#6 혼자서도 잘 놀아요’◡‘✿,https://blog.naver.com/marigold_1221/223277873433
2023-11-29,,https://blog.naver.com/des_laube
2023-11-29,[ 성수 ] 모르므로 ; 기념일 추천식당 / 캐치테이블 히든플레이스 / 데이트코스,https://blog.naver.com/des_laube/223277807704
2023-11-29,,https://blog.naver.com/seoul_cm
2023-11-29,2040 서울도시기본계획 생활권계획 동북권,https://blog.naver.com/seoul_cm/223273896748
2023-11-29,꿈배감성 종합지식 (231129),https://blog.naver.com/memebena8585/223277682641
2023-11-29,데우스 카페 - 성수동 수제버거 맛집 핫플레이스 추천 (Ft. 데우스쇼핑),https://blog.naver.com/xoxox_/223277680044
2023-11-30,,https://blog.naver.com/7zhd32f6
2023-11-30,정성과 맛이 깃든 요리로 행복한 시간을 선사하는 성수맛집 무식당 성수본점에서의 소중한 경험!,https://blog.naver.com/7zhd32f6/223279508565
2023-11-30,,https://blog.naver.com/youjin200789
2023-11-30,"분위기와 먹거리, 인테리어까지 모두 갖춘 성수맛집 대취",https://blog.naver.com/youjin200789/223279507631
2023-11-30,,https://blog.naver.com/hahyun__
2023-11-30,대취 성수맛집 핫플술집 안주가 맛있는곳,https://blog.naver.com/hahyun__/223279496346
2023-11-30,,https://blog.naver.com/ygj0905_
2023-11-30,"방콕 day5. 방콕 마사지, 브런치, 공항 미라클 라운지",https://blog.naver.com/ygj0905_/223279007461
2023-11-30,중국 충칭 여행 가볼만한 곳 홍야동 해방비 충칭동물원 오페라하우스 충칭날씨,https://blog.naver.com/bongbong_bubu/223278956068
2023-11-30,,https://blog.naver.com/betterme_0220
2023-11-30,"""성수동 게시물만 수백만""···MZ 성지의 파괴력",https://blog.naver.com/betterme_0220/223278832632
2023-11-30,,https://blog.naver.com/h2411
2023-11-30,️ 11월 로컬 크리에이터 릴레이 강연 안내,https://blog.naver.com/h2411/223264772407
2023-11-30,,https://blog.naver.com/yeonsama_com
2023-11-30,"서울 재즈바, 데이트 성지",https://blog.naver.com/yeonsama_com/223278710768
2023-11-30,아파스타먼 성수 성수명소 성수동파스타,https://blog.naver.com/0517bokki/223278568598
2023-12-01,,https://blog.naver.com/cix8fjdy
2023-12-01,"빈티지 감성, 서울의 핫플레이스에서 만나다",https://blog.naver.com/cix8fjdy/223280450819
2023-12-01,,https://blog.naver.com/9quwqhzf
2023-12-01,"뚝섬역에서 단 몇 분 거리, 성수동 한우 구이의 명소인 무식당 성수본점에서 맛본 최상급 한우",https://blog.naver.com/9quwqhzf/223280422951
2023-12-01,,https://blog.naver.com/kl--y5qe4
2023-12-01,성수동의 이탈리아 요리 명소: 오스테리아 파로의 감동적인 맛,https://blog.naver.com/kl--y5qe4/223280404393
2023-12-01,서울숲 한국의 센트럴파크,https://blog.naver.com/artgihun/223280402314
2023-12-01,,https://blog.naver.com/dlatjsgud01
2023-12-01,성수 데이트 코스 추천 연남토마 양식 퓨전음식 맛집,https://blog.naver.com/dlatjsgud01/223280346591
2023-12-01,서울숲 맛집 고우성수 성수동 데이트 코스 추천,https://blog.naver.com/1_1234/223280298679
2023-12-01,,https://blog.naver.com/tllow14265
2023-12-01,"성수동의 새로운 명소, 타이거풀에서의 환상적인 저녁 ✨",https://blog.naver.com/tllow14265/223280234711
2023-12-01,,https://blog.naver.com/itsalish_tour
2023-12-01,크리스마스 디너 데이트 하기 좋은 스케쥴 성수 메뉴 예약 주차꿀팁,https://blog.naver.com/itsalish_tour/223280210243
2023-12-01,"시몬스, 시몬스 테라스서 첫 ‘크리스마스 마켓’ 열어",https://blog.naver.com/mirek2/223280123124
2023-12-01,,https://blog.naver.com/2768519
2023-12-01,뚝도농원 웨이팅 피하는법!,https://blog.naver.com/2768519/223280097760
2023-12-01,,https://blog.naver.com/yaya6954
2023-12-01,"[아리마 X 원빌딩 X 원뱅커] 팝업스토어의 성지, 한국의 브루클린_걷꼬답 5기 성수",https://blog.naver.com/yaya6954/223279563777
2023-12-01,,https://blog.naver.com/dce040b
2023-12-01,"강남구 청담동 압구정 로데오 역 근처 어슬 청담, 퓨전 한식과 한국의 전통주를 즐길 수 있는 한식 다이닝",https://blog.naver.com/dce040b/223280004357
2023-12-01,,https://blog.naver.com/3bg2bk8a
2023-12-01,"서울숲 소고기의 진수를 맛볼 수 있는 성수동의 명소, 성수맛집 무식당 성수본점에서의 경이로운 만찬",https://blog.naver.com/3bg2bk8a/223279980878
2023-12-01,"[오늘의 맛집 소식] 23.12.01 ""크리스마스에 예약·주차되는 맛집 찾아줘""…네이버 초록창 AI가 한큐에 & 송강부터 진영까지…이곳이 얼굴·서사 맛집 '스위트홈2' [종합]",https://blog.naver.com/032gms/223279772778
2023-12-01,,https://blog.naver.com/cxv7ppwm
2023-12-01,"서울숲 소고기 달인의 기술, 성수동 한우구이의 명소 무식당 성수본점의 맛과 서비스",https://blog.naver.com/cxv7ppwm/223279767741
2023-12-01,,https://blog.naver.com/xe9loyh2
2023-12-01,성수맛집 무식당 성수본점에서 다채로운 한상의 향연을 즐긴 유쾌하고도 만족스러운 식사 체험기,https://blog.naver.com/xe9loyh2/223279724978
2023-12-01,성수동 데이트코스 수제화거리 핫플레이스 9,https://blog.naver.com/davi-kim/223279629713
2023-12-01,,https://blog.naver.com/k7e81jdf
2023-12-01,"서울숲에서의 가을 하루, 성수동 한우 맛집 무식당 성수본점에서 즐긴 특별한 순간",https://blog.naver.com/k7e81jdf/223279634616
2023-12-01,,https://blog.naver.com/tkuuuu
2023-12-01,[후지 X-S10] XF33.4mm로 담은 성수 구름다리에서 찍은 한강뷰 야경 사진,https://blog.naver.com/tkuuuu/223279377909
2023-12-02,,https://blog.naver.com/jsh42457860
2023-12-02,성수 맛집 분위기 좋은 파스타 양식당 : 강별 성수,https://blog.naver.com/jsh42457860/223281249029
2023-12-02,,https://blog.naver.com/ji_raffe
2023-12-02,"크리스마스연말공연 가볼만한곳 서울 재즈바, 레스토랑 연말모임 데이트장소",https://blog.naver.com/ji_raffe/223281134175
2023-12-02,,https://blog.naver.com/fun_serendipity55
2023-12-02,"볼보 EX30 팝업스토어 전시 살펴보기 ( 볼보 EX30 출시 , 피치스 도원 , 성수 데이트 추천 )",https://blog.naver.com/fun_serendipity55/223281117816
2023-12-02,성수 데이트 코스 성수동 서울숲 맛집 뚝섬역 수제버거 세븐버거스 어 위크,https://blog.naver.com/hamy4407/223281105827
2023-12-02,,https://blog.naver.com/tgt3343
2023-12-02,"[네팔여행 네팔 포카라] ABC트레킹 장비대여, 포카라 힙한 맛집 카페 구경, 비오는 페와호수",https://blog.naver.com/tgt3343/223280959555
2023-12-02,,https://blog.naver.com/nonna0628
2023-12-02,성수동 맛집 탐방: '비파X호커센터'의 싱가포르 요리 체험,https://blog.naver.com/nonna0628/223280844797
2023-12-02,,https://blog.naver.com/kia8050
2023-12-02,2023년 한국건축가협회 학생기자단 '11월호' 건축가 인터뷰 | 건축의 영속성 - 조신형 건축가,https://blog.naver.com/kia8050/223280775228
2023-12-02,,https://blog.naver.com/garam3757
2023-12-02,성수동 레스토랑 타이거풀 선배와의 특별한 만남을 즐길 수 있는 명소 발견,https://blog.naver.com/garam3757/223280769670
2023-12-02,,https://blog.naver.com/rcolfree
2023-12-02,성수 크리스마스 분위기 성수카페 러프러프 | 성수 분위기좋은 카페 | 성수 분위기 맛집 | 성수 케이크맛집 | 성수역 카페거리 | 서울 성수 카페 추천,https://blog.naver.com/rcolfree/223280359801
2023-12-02,,https://blog.naver.com/working-j
2023-12-02,성수동도장깨기_겨울나들이,https://blog.naver.com/working-j/223280747722
2023-12-02,,https://blog.naver.com/unify12359
2023-12-02,"서울숲 가는 길, 성수동에서 발견한 한우의 향연, 무식당 성수본점에서의 포식 일기",https://blog.naver.com/unify12359/223280663678
2023-12-02,,https://blog.naver.com/ksuh144x
2023-12-02,"탐방기: 서울 여름, 팝업스토어로 떠나는 특별한 하루",https://blog.naver.com/ksuh144x/223280649485
2023-12-03,,https://blog.naver.com/tkxkdgoz
2023-12-03,[리뷰] 데이트 추천 성수동 팝업스토어 코카콜라 크리스마스 포토존 방문리뷰,https://blog.naver.com/tkxkdgoz/223281915977
2023-12-03,,https://blog.naver.com/gahyun9400
2023-12-03,월간가현 11월호 (하),https://blog.naver.com/gahyun9400/223281880753
2023-12-03,,https://blog.naver.com/yhhhhh0723
2023-12-03,성수 데이트 코스 이대로만 가도 성공 ❤️ | 성수동 | 맛집 & 카페,https://blog.naver.com/yhhhhh0723/223281799887
2023-12-03,성수 데이트 코스 스시도쿠 더성수 일식 맛집,https://blog.naver.com/gnsgml1/223281785845
2023-12-03,,https://blog.naver.com/dltnqls6107
2023-12-03,성수동 상가 통임대 뚝섬역세권 리노베이션,https://blog.naver.com/dltnqls6107/223281727421
2023-12-03,,https://blog.naver.com/nkm7b5rc
2023-12-03,"성수동 고깃집에서의 따뜻한 추억, 무식당 성수본점에서 맛보는 특별한 한우의 향연",https://blog.naver.com/nkm7b5rc/223281680575
2023-12-03,성수동 카페 크리스마스 트리까지 브레디포스트 브런치,https://blog.naver.com/prejiii/223281643800
2023-12-03,,https://blog.naver.com/silver10-29
2023-12-03,대취 성수맛집 좋은 사람들과 함께,https://blog.naver.com/silver10-29/223281624231
2023-12-03,,https://blog.naver.com/binnybinnybin
2023-12-03,쵸리상경 잠실점(잠실 롯데백화점 푸드코트 솥밥 맛집 성수동 오픈런 맛집),https://blog.naver.com/binnybinnybin/223281596913
2023-12-03,서울 수원 크리스마스 소품샵 진심디자인 메이드파니 프레젠트모먼트 제인마치 하우스포스트 서울 근교 크리스마스 겨울 여행지 가볼만한곳,https://blog.naver.com/snr829/223281585939
2023-12-03,,https://blog.naver.com/82p726wy5a
2023-12-03,서울성동구 서울 성동구 날씨 믿음으로,https://blog.naver.com/82p726wy5a/223281564790
2023-12-03,,https://blog.naver.com/zh123456
2023-12-03,"[성수카페거리]늦은시간 데이트 코스로 딸기케이크 맛집 ""아쿠아산타"" 가는 이유",https://blog.naver.com/zh123456/223281304690
2023-12-03,,https://blog.naver.com/0e01rj5w
2023-12-03,"단풍이 예쁘게 물든 11월, 성수동의 명소인 성수맛집 무식당 성수본점에서의 따뜻하고 아늑한 식사 경험",https://blog.naver.com/0e01rj5w/223281434483
2023-12-03,,https://blog.naver.com/jiyong010807
2023-12-03,프랑스 파리) 날씨 좋을 때 명소 한 번에 다 돌기 / 몽마르뜨 언덕 > 사랑해벽 >튈르히 정원 > 에펠탑 > 개선문 / 올림픽 으로 인한 제한,https://blog.naver.com/jiyong010807/223281429725
2023-12-03,,https://blog.naver.com/o1nittn8
2023-12-03,"세계를 누비는 이색카페 여행, 국내외 추천 명소 10선",https://blog.naver.com/o1nittn8/223281411035
2023-12-03,,https://blog.naver.com/mpmarin3033
2023-12-03,성수동 스테이크 타이거풀 성수동 핫플레이스,https://blog.naver.com/mpmarin3033/223281384945
2023-12-03,,https://blog.naver.com/dhfzlqvp1226
2023-12-03,[여행] in Fukuoka(3),https://blog.naver.com/dhfzlqvp1226/223281379647
2023-12-03,,https://blog.naver.com/vr8c9xwi
2023-12-03,"한우의 진수를 맛볼 수 있는 성수동 고기 맛집, 무식당 성수본점에서의 아늑한 만찬",https://blog.naver.com/vr8c9xwi/223281367088
2023-12-04,,https://blog.naver.com/thirty-mall
2023-12-04,"""성수동 데이트코스 추천 뤼미에르퍼퓸 성수"" 서울 향수공방 여자친구가 좋아하는 공방체험 가격 위치 정보",https://blog.naver.com/thirty-mall/223283007028
2023-12-04,,https://blog.naver.com/mk275
2023-12-04,성수 카페 데이트 코스로 좋은 브레디포스트 성수,https://blog.naver.com/mk275/223282993420
2023-12-04,"[오늘의 여행 소식] 23.12.04 올해 소비자, 엔데믹 누렸다…홈쇼핑 인기 여행지는? & 10월 온라인쇼핑 거래액 20조원 첫 돌파…여행·교통 29%↑ & 10월 온라인쇼핑",https://blog.naver.com/032gms/223282749990
2023-12-04,,https://blog.naver.com/slope_40515
2023-12-04,갤러리아포레 90평형 매매 최상급 인테리어 고층 한강뷰 서울숲뷰 대형평형,https://blog.naver.com/slope_40515/223282467032
2023-12-04,성수명소 오뜨로 성수 성수동맛집,https://blog.naver.com/0517bokki/223282666145
2023-12-04,,https://blog.naver.com/msimcstory
2023-12-04,[플롭선양/억수로 055] 성수 팝업 스토어 다녀오다! 방문 후기,https://blog.naver.com/msimcstory/223282622096
2023-12-04,미국 LA여행 코스 관광지 10곳 : 캘리포니아 로스앤젤레스 지도 일정표,https://blog.naver.com/foresten/223282230548
2023-12-04,,https://blog.naver.com/nsj2314
2023-12-04,뚝섬역 카페 서울숲 데이트 코스 모리티아 다양한 컨셉룸!,https://blog.naver.com/nsj2314/223282501893
2023-12-04,,https://blog.naver.com/land_levelup
2023-12-04,"성수전략정비구역 구역정보, 진행사항 알아보기(성수1지구,성수2지구,성수3지구,성수4지구,자양1구역, 자양4동신속통합기획구역, 자양7구역)",https://blog.naver.com/land_levelup/223282354580
2023-12-04,성수동 팝업스토어 핫플 코카콜라 크리스마스 갈만한곳 놀거리 포토존,https://blog.naver.com/yerini95n/223282331212
2023-12-04,,https://blog.naver.com/taste_salt
2023-12-04,성수동 데이트 코스 빈티지 소품샵 앙뜨,https://blog.naver.com/taste_salt/223282321763
2023-12-04,,https://blog.naver.com/a8ubi7xh
2023-12-04,독특함과 고급스러운 분위기 성수가볼만한곳 심퍼티쿠시 성수점,https://blog.naver.com/a8ubi7xh/223282314381
2023-12-04,,https://blog.naver.com/jsso26
2023-12-04,"서울에서 소도시를 만나다, 완주 삼례문화창고 팝업스토어 방문기 (in 꼴라보하우스 문래/컨츄리시티즌)",https://blog.naver.com/jsso26/223282137500
2023-12-04,,https://blog.naver.com/since_166687
2023-12-04,"서울숲 인근 고깃집의 이름, 무식당 성수본점에서 맛본 최고급 한우와 더불어 선사되는 친절한 서비스",https://blog.naver.com/since_166687/223282059492
2023-12-05,,https://blog.naver.com/pauladiary
2023-12-05,코카-콜라 성수 팝업스토어 크리스마스 트리 포토존 넘예뻐 +오너먼트까아쥐,https://blog.naver.com/pauladiary/223284083041
2023-12-05,"치앙마이 여행 3박 5일 일정 코스 경비 (항공권, 숙소, 가볼 만한 곳)",https://blog.naver.com/lhj9406/223284047505
2023-12-05,,https://blog.naver.com/phenomenon5358
2023-12-05,성수동 초밥 맛집 오사이초밥 성수점 분위기도 좋았던곳,https://blog.naver.com/phenomenon5358/223284041871
2023-12-05,,https://blog.naver.com/soj1305
2023-12-05,"[성수] 12월 성수동 팝업스토어 | 선양소주, 몰티져스 | 서울 연말 데이트 코스",https://blog.naver.com/soj1305/223284019117
2023-12-05,,https://blog.naver.com/dowhatyoucan
2023-12-05,선양소주 팝업스토어 12월 성수데이트코스로 추천해요!,https://blog.naver.com/dowhatyoucan/223283990175
2023-12-05,,https://blog.naver.com/rudcjs3616
2023-12-05,오뜨로 성수 서울숲맛집오뜨로성수 성수명소,https://blog.naver.com/rudcjs3616/223283876767
2023-12-05,,https://blog.naver.com/grigonanhoo
2023-12-05,[도쿄 여행 : 11.08] 아오야마 거리 걷고 스시집 토미타에서 오마카세까지,https://blog.naver.com/grigonanhoo/223283828907
2023-12-05,,https://blog.naver.com/yjlee731112
2023-12-05,[성수 맛집] 대취 성수동 핫플레이스 술안주 맛집,https://blog.naver.com/yjlee731112/223283820764
2023-12-05,,https://blog.naver.com/godmoter3
2023-12-05,링크정보 서울명소 - 한국문화의집(KOUS) 정수인 판소리 심청가 슬픔 淚 관람37건 [12.05 18:39],https://blog.naver.com/godmoter3/223283817606
2023-12-05,,https://blog.naver.com/jongnomaza
2023-12-05,[기록] 신영동 통장님은 이미자 모창 가수 임희자,https://blog.naver.com/jongnomaza/223283778444
2023-12-05,,https://blog.naver.com/577ilssdit736uofid-
2023-12-05,"매력 넘치는 성수동의 맛집, 오스테리아 파로에서의 놀라운 경험",https://blog.naver.com/577ilssdit736uofid-/223283665611
2023-12-05,,https://blog.naver.com/beebeebig1023
2023-12-05,포도흑미도우를 사용한 외형부터 아름다운: 서울숲 포도피자,https://blog.naver.com/beebeebig1023/223283617955
2023-12-05,서울 크리스마스 트리 명소 성수동 12월 팝업스토어 코카-콜라 오너먼트 겟,https://blog.naver.com/grazianam1/223283453489
2023-12-05,서울 크리스마스 데이트 가볼만한곳 영등포 타임스퀘어 명동성당 신세계백화점 야경,https://blog.naver.com/zinizio/223283337185
2023-12-05,,https://blog.naver.com/mt_hikingkorea
2023-12-05,[Mt.HikingKorea] 국내여행 두 바퀴로 대구 한 바퀴 Tourist Guide,https://blog.naver.com/mt_hikingkorea/223283267331
2023-12-05,,https://blog.naver.com/amwochenende
2023-12-05,"[독일] 함부르크 근교, 브레멘 주말 여행기 : 브레멘 필수 볼거리",https://blog.naver.com/amwochenende/223283209068
2023-12-05,,https://blog.naver.com/rich10785
2023-12-05,"최고의 한우를 즐길 수 있는 서울의 명소, 성수 맛집 무식당 성수본점을 경험하다!",https://blog.naver.com/rich10785/223283103648
2023-12-05,,https://blog.naver.com/travelandreceipt
2023-12-05,"다양한 전통주를 맛볼 수 있는 성수동 맛집, 다모토리혼",https://blog.naver.com/travelandreceipt/223283092054
2023-12-06,강아지 동반여행 가볼만한곳 성수동 서울숲 숲길 피크닉 음식 산책 코스 주차장 주말에뭐하지,https://blog.naver.com/teddyprincess/223285073899
2023-12-06,,https://blog.naver.com/topchefjh
2023-12-06,"새로운 시리단길 랜드마크, 첨단 보타니크 쌍암동 아파트 신규분양소식!",https://blog.naver.com/topchefjh/223285060106
2023-12-06,,https://blog.naver.com/9r4pokxm
2023-12-06,"성수동의 최고 한우를 선사하는 맛의 명소, 무식당 성수본점에서의 풍성한 한우 체험",https://blog.naver.com/9r4pokxm/223284988514
2023-12-06,서울숲 포도 피자 성수 성수동 피자,https://blog.naver.com/rldud7710/223284670839
2023-12-06,,https://blog.naver.com/ly5y0o5a
2023-12-06,"서울 도심속 숨은 명소, '숨도'에서의 평온한 휴식과 다채로운 경험",https://blog.naver.com/ly5y0o5a/223284655315
2023-12-06,,https://blog.naver.com/cocos2_
2023-12-06,조용한카페 성수지앵 서울숲놀거리 발견!!,https://blog.naver.com/cocos2_/223284620236
2023-12-06,신용산역 점심 후라토식당 용산점,https://blog.naver.com/vudod1/223283702726
2023-12-06,,https://blog.naver.com/artireview
2023-12-06,"다양성을 인정하고 포용하는 문화가 성장동력, 성동문화재단 대표이사 윤광식",https://blog.naver.com/artireview/223284375068
2023-12-06,,https://blog.naver.com/dangdda
2023-12-06,"[서울] 성수,명동 데이트_맛집 탐방 팝업스토어 핫플 구경 추천 리스트",https://blog.naver.com/dangdda/223284361882
2023-12-06,,https://blog.naver.com/com2uson
2023-12-06,컴투스 직원들의 겨울 추억,https://blog.naver.com/com2uson/223282374974
2023-12-06,,https://blog.naver.com/h5k926qo
2023-12-06,"서울숲 근처 한우의 맛을 제대로 즐길 수 있는 성수동 고기 맛집, 무식당 성수본점 방문 후기",https://blog.naver.com/h5k926qo/223284298665
2023-12-06,,https://blog.naver.com/virgin9817
2023-12-06,"숯불향 가득한 고소한 한우승부, 입안가득 행복감을 안겨줄 성수 맛집 무식당 성수본점",https://blog.naver.com/virgin9817/223284278303
2023-12-06,,https://blog.naver.com/doctor7988
2023-12-06,특색있는 소스와 고수의 손길로 진정한 한우의 맛을 즐길 수 있는 성수 맛집 무식당 성수본점,https://blog.naver.com/doctor7988/223284194579
2023-12-06,,https://blog.naver.com/wrong10542
2023-12-06,"서울숲맛집 요소쿠, 아늑한 분위기에 기름지지 않은 토실토실한 돈가스 파티",https://blog.naver.com/wrong10542/223284179047
2023-12-06,,https://blog.naver.com/ksbeen0709
2023-12-06,성수동 카페투어 필수코스! 폴인레미유 성수점,https://blog.naver.com/ksbeen0709/223284172168
2023-12-06,,https://blog.naver.com/3lolchw7
2023-12-06,성수동의 픽컬러 브랜딩센터: 개인의 빛을 발하는 브랜드 매니지먼트,https://blog.naver.com/3lolchw7/223284171534
2023-12-07,성수동 크리마스 소품샵 제인마치메종 데이트코스로 딱이야,https://blog.naver.com/jintamin428/223286170541
2023-12-07,,https://blog.naver.com/ohsjws
2023-12-07,성수동 맛집.. 삼촌카세 원탑! 분위기 좋은 장소에서 다양한 퓨전요리 맛볼 수 있는 맛집 (내돈내먹),https://blog.naver.com/ohsjws/223286165567
2023-12-07,,https://blog.naver.com/kksl416
2023-12-07,"성수 루프탑 다이닝 와인바 리호, 데이트 코스로 좋은 맛집",https://blog.naver.com/kksl416/223286158939
2023-12-07,,https://blog.naver.com/ij060202
2023-12-07,나는 집 대신 땅에 투자한다(2),https://blog.naver.com/ij060202/223286010523
2023-12-07,,https://blog.naver.com/goa3hsjg
2023-12-07,서울성동구 서울 성동구 날씨 희망을 놓치지 마세요!!,https://blog.naver.com/goa3hsjg/223285921552
2023-12-07,,https://blog.naver.com/ideant0
2023-12-07,대세는 성수동 요즘 가장 핫한 지역,https://blog.naver.com/ideant0/223285851492
2023-12-07,,https://blog.naver.com/letslookandeat
2023-12-07,여주 맛집 바하리야 신세계 프리미엄 아울렛 카페 | 이천 시몬스테라스 크리스마스트리 매트리스 주차 도슨트,https://blog.naver.com/letslookandeat/223285593649
2023-12-07,,https://blog.naver.com/buy12693
2023-12-07,성수동데이트 타코튜즈데이 성수점 가보세요,https://blog.naver.com/buy12693/223285574730
2023-12-07,,https://blog.naver.com/realtodaykorea
2023-12-07,오프라인쇼핑을 집에서?...집안에 대형쇼핑몰이 들어왔다,https://blog.naver.com/realtodaykorea/223818449740
2023-12-07,,https://blog.naver.com/yena2321
2023-12-07,[애틀란타 폰즈시티마켓] 애틀란타 핫플레이스 폰즈시티마켓,https://blog.naver.com/yena2321/223285431225
2023-12-07,,https://blog.naver.com/jo_penquin
2023-12-07,성수동데이트코스추천! [성수향수공방 닷노트]나만의 향수만들기,https://blog.naver.com/jo_penquin/223285408981
2023-12-07,,https://blog.naver.com/wade_kim
2023-12-07,성수동 데이트코스 서울숲 / 가을풍경,https://blog.naver.com/wade_kim/223285102007
2023-12-07,,https://blog.naver.com/jrlee0625
2023-12-07,옛길을 가다-봉화길(1) 서울 구간(1),https://blog.naver.com/jrlee0625/223285406350
2023-12-07,압구정 로데오 카페 우디집 도산점 - 성수동에 이은 도산공원 커피 맛집,https://blog.naver.com/maroyuki/223285390426
2023-12-07,,https://blog.naver.com/gorgeous4511
2023-12-07,10년 전통의 최상의 한우 숙성육을 즐길 수 있는 성수 맛집 무식당 성수본점,https://blog.naver.com/gorgeous4511/223285353416
2023-12-07,,https://blog.naver.com/1z40wjci
2023-12-07,뚝섬역에서 몇 분 거리에 위치한 맛의 달인들이 모인 성수맛집 무식당 성수본점을 다녀와서,https://blog.naver.com/1z40wjci/223285313853
2023-12-07,,https://blog.naver.com/effni1014
2023-12-07,교환학생 일지 #1,https://blog.naver.com/effni1014/223285266078
2023-12-07,,https://blog.naver.com/v58j0cr0
2023-12-07,"경이로운 성수동의 한우맛집, 무식당 성수본점에서 맛보는 최상급 육질과 환상의 조화",https://blog.naver.com/v58j0cr0/223285255678
2023-12-07,,https://blog.naver.com/collapse14187
2023-12-07,오랜 시간 사랑받아온 서울의 명소 최상급 한우를 맛볼 수 있는 성수 맛집 무식당 성수본점 방문 리뷰,https://blog.naver.com/collapse14187/223285240845
2023-12-07,,https://blog.naver.com/ess1231
2023-12-07,서울 여행: 서울숲 자전거 힐링 & DDP·동묘·덕수궁 등 명소 다녀온 현실 후기,https://blog.naver.com/ess1231/223285230504
2023-12-07,,https://blog.naver.com/dsun9826
2023-12-07,성수동맛집 가성비가 좋은 아파스타먼 성수,https://blog.naver.com/dsun9826/223285141631
2023-12-08,성수볼거리 I 디올성수 밤에 성수에 와야하는 이유! 보는 즉시 사진기 드는 핫플!,https://blog.naver.com/seongsu_manim/223287151011
2023-12-08,소금빵 성지는 여기라고? 성수동 베통 솔직 리뷰,https://blog.naver.com/la_ultima/223286931668
2023-12-08,,https://blog.naver.com/jida___
2023-12-08,2박 3일 대만 타이베이 여행,https://blog.naver.com/jida___/223286831004
2023-12-08,,https://blog.naver.com/mayinsu
2023-12-08,"어느 날 즐긴 야외 카페 데이트 분위기 좋은 양평카페 문릿,",https://blog.naver.com/mayinsu/223286805984
2023-12-08,2024 한국관광 100선 지도 국내여행지 어디로ㅣ 관광명소 가볼 만한 곳,https://blog.naver.com/yujin1627/223286776182
2023-12-08,"""성수의 매력이 묻어나는 타이거풀, 성수 맛집 탐방기""",https://blog.naver.com/gywjdtjdaks/223286715580
2023-12-08,96호: 100인이 추천하는 100개의 디자인스팟,https://blog.naver.com/designpress2016/223719945668
2023-12-08,,https://blog.naver.com/sandy2011
2023-12-08,When October Goes,https://blog.naver.com/sandy2011/223286587947
2023-12-08,,https://blog.naver.com/kiwoomhero
2023-12-08,이번 주 당신이 놓친 이슈 총정리!!!,https://blog.naver.com/kiwoomhero/223286535188
2023-12-08,,https://blog.naver.com/kavrb4kd0
2023-12-08,성수동 심장을 사로잡는 풍미 무식당 성수본점에서 체험한 최상급 한우의 진수,https://blog.naver.com/kavrb4kd0/223286441961
2023-12-08,"[오늘의 맛집 소식] 23.12.08 안과·산부인과가 '도수치료 맛집'… 결국 실손보험료 인상 부메랑 & 할리스, 강변뷰 맛집 ‘양평북한강DI점’ 열어 & [생방송 투데이 맛집]",https://blog.naver.com/032gms/223286430119
2023-12-08,,https://blog.naver.com/senius_official
2023-12-08,[트렌드 스토리] 유통가 크리스마스 대전!,https://blog.naver.com/senius_official/223286429234
2023-12-08,,https://blog.naver.com/e16iljox
2023-12-08,"성수 맛집 무식당 성수본점에서의 가을 날, 한우의 깊은 맛을 경험하다",https://blog.naver.com/e16iljox/223286357445
2023-12-08,,https://blog.naver.com/f94ajhi01
2023-12-08,"뚝섬역에서 쉽게 찾아간 성수동의 명소, 서울숲 인근의 맛과 품격을 자랑하는 무식당 성수본점에서의 경험",https://blog.naver.com/f94ajhi01/223286339744
2023-12-08,,https://blog.naver.com/tosirii79
2023-12-08,성수역 고기집 무식당 서울숲 회식 장소로 추천! 성수맛집에서 고품격 한우 맛보기,https://blog.naver.com/tosirii79/223286322592
2023-12-08,,https://blog.naver.com/mujjingu
2023-12-08,"뚝섬역 고기집에서 성수동 한우의 맛을 느낄 수 있는 곳, 무식당 성수본점에서의 특별한 경험",https://blog.naver.com/mujjingu/223286291098
2023-12-08,,https://blog.naver.com/onesol10003
2023-12-08,"서울숲 근처에서 찾은 무화살이 매력적인 고기집, 무식당 성수본점에서의 만찬",https://blog.naver.com/onesol10003/223286246448
2023-12-09,서울 놀거리 12월 성수팝업스토어 강릉여행 BT21 트립풀강릉,https://blog.naver.com/eulenbaum/223287931205
2023-12-09,서울 성수동 크리스마스 트리 맛집 카페 연말 데이트코스 가볼만한곳 성수 핫플,https://blog.naver.com/snr829/223287865472
2023-12-09,성수 12월 팝업스토어 BT21 트립풀강릉 강릉 여행 가이드 팝업,https://blog.naver.com/llllstyle/223287718978
2023-12-09,,https://blog.naver.com/gmltnr18
2023-12-09,"성수의 특별한 분위기, '심퍼티쿠시 성수점'에서의 감동적인 성수맛집",https://blog.naver.com/gmltnr18/223287544132
2023-12-09,,https://blog.naver.com/uchoa
2023-12-09,서울 크리스마스 데이트 가볼만한곳 BEST 6 직접 다녀온 트리 명소 추천,https://blog.naver.com/uchoa/223287465486
2023-12-09,,https://blog.naver.com/hhm6725
2023-12-09,"성수동의 명소, 타이거풀에서 즐기는 세계급 스테이크와 특별한 분위기",https://blog.naver.com/hhm6725/223287422047
2023-12-10,,https://blog.naver.com/sallylmj
2023-12-10,"[서울숲 데이트] 성수, 서울숲 데이트 코스 추천 / 크리스마스 데이트 코스 추천 =디타워, 다반, 광야, 탬버린스, 디올=",https://blog.naver.com/sallylmj/223288600087
2023-12-10,,https://blog.naver.com/soheencl
2023-12-10,"연말 데이트) 서울 크리스마스 트리 스팟 총정리 : 더현대, 코엑스, 잠실, 성수 등",https://blog.naver.com/soheencl/223288558659
2023-12-10,,https://blog.naver.com/78tprud
2023-12-10,추억팔이 성수동여행,https://blog.naver.com/78tprud/223288552824
2023-12-10,,https://blog.naver.com/ljb4199
2023-12-10,주말필독! 성수동데이트 지도(알아야 시간낭비안함..),https://blog.naver.com/ljb4199/223288517087
2023-12-10,추운 날씨에 따뜻한 샤브샤브가 좋았던 ‘강호연파 성수 숲속산장점’ (성수 직장인 맛집),https://blog.naver.com/min_ttoni/223288444040
2023-12-10,,https://blog.naver.com/q4rw43
2023-12-10,마블상회 성수역에서 성수동 맛집 소고기의 최고 품질을 만나다!,https://blog.naver.com/q4rw43/223284568437
2023-12-10,성수 데이트 코스 성수동 맛집 고로고로 추천,https://blog.naver.com/mjeeeee/223288424961
2023-12-10,,https://blog.naver.com/present-today
2023-12-10,[스위스] 취리히 웨스트_ 도시재생사업/한국의 성수동,https://blog.naver.com/present-today/223288375959
2023-12-10,,https://blog.naver.com/bizman5620
2023-12-10,서울에서 왜? 소도시로 이주하나요.,https://blog.naver.com/bizman5620/223288326375
2023-12-10,,https://blog.naver.com/milktea_cat
2023-12-10,아베베베이커리 서울 광장시장 빵집 핫플 등극,https://blog.naver.com/milktea_cat/223288296379
2023-12-10,,https://blog.naver.com/hossong_
2023-12-10,서울숲 상권 둘러 보기 - 플래그쉽 스토어와 팝업스토어로 유명한 성동구 상권탐방기 (장문주의),https://blog.naver.com/hossong_/223288141756
2023-12-10,,https://blog.naver.com/generous1566
2023-12-10,연구 개발을 게을리하지 않는 성수 맛집 무화살이 인상적인 무식당 성수본점,https://blog.naver.com/generous1566/223288008821
2023-12-10,,https://blog.naver.com/culture3576
2023-12-10,성수동 코 앞! 성수맛집 무식당 성수본점에서 육즙 가득 한우의 향연,https://blog.naver.com/culture3576/223287978362
2023-12-11,,https://blog.naver.com/hadurang
2023-12-11,성수 믹순 팝업스토어 방문 후기!! 핫한 K-뷰티 브랜드 mixsoon,https://blog.naver.com/hadurang/223289782353
2023-12-11,,https://blog.naver.com/mimiwaves
2023-12-11,"10월의 주말 / 미사 커피 맛집 '로우프레스' / 성수동 나들이 '요넥스' 테니스 팝업스토어, 성수역 고깃집 '청년냉삼집'",https://blog.naver.com/mimiwaves/223289698256
2023-12-11,‘5곳이나 직접 가봤다’…대만 메리어트 호텔 시설 총정리,https://blog.naver.com/the_trip/223289613078
2023-12-11,,https://blog.naver.com/shoot8282
2023-12-11,"‘생방송투데이-리얼맛집’ 포천 이동 양념소갈비 식당 위치, 45년 전통",https://blog.naver.com/shoot8282/223289539018
2023-12-11,,https://blog.naver.com/0__0jjan
2023-12-11,성수 맛집 위드번 데이트 코스로 추천하는 수제버거 맛집으로 가볼만한곳,https://blog.naver.com/0__0jjan/223289529185
2023-12-11,,https://blog.naver.com/foodtoday1
2023-12-11,푸드투데이 오늘의 식품 경제 생활 이슈,https://blog.naver.com/foodtoday1/223289461950
2023-12-11,"최근 성수동 핫플 맛집! 연말, 여기 어때?",https://blog.naver.com/aehh0425/223289438664
2023-12-11,,https://blog.naver.com/localhive
2023-12-11,"핫플 성수동 여성전용 쉐어하우스 24년 1월 입주 공실예정 안내, 성수동 루프탑, 회의실 대여도 역시!",https://blog.naver.com/localhive/223289378938
2023-12-11,,https://blog.naver.com/u13188yz
2023-12-11,성수맛집 심퍼티쿠시 성수점 가성비 갑 맛도 갑이었던 맛집! 추천드립니당 ㅋㅎㅋㅎ,https://blog.naver.com/u13188yz/223289345936
2023-12-11,,https://blog.naver.com/1putzt31
2023-12-11,성수가볼만한곳 심퍼티쿠시 성수점 진짜 맛있어서 또 가고 싶어요,https://blog.naver.com/1putzt31/223289341277
2023-12-11,,https://blog.naver.com/euni__jjang
2023-12-11,"[성수 칵테일바] dyxz - 성수동 이색 술집, 레트로 맛집 핫플 / 성수 데이트 코스 / 막베쓰, 조롱하이, 띤또, 얼린 청포도와 크림요거트",https://blog.naver.com/euni__jjang/223289247821
2023-12-11,,https://blog.naver.com/with_moment_
2023-12-11,[성동구/성수동화덕피자] 이탈리아 파스타 맛과 인테리어까지 그대로 재현해낸 ‘까사아지오 성수본점’,https://blog.naver.com/with_moment_/223288839313
2023-12-11,성수 핫플 소품샵 포인트오브뷰 문구 팬시 전문점 주차 놀거리 데이트 코스 추천,https://blog.naver.com/pang_doo/223284398522
2023-12-11,,https://blog.naver.com/mobile14855
2023-12-11,"한우의 풍미가 살아있는, 최상의 숙성을 자랑하는 성수 맛집 무식당 성수본점",https://blog.naver.com/mobile14855/223288807844
2023-12-11,,https://blog.naver.com/anshovy
2023-12-11,"전시장같은 거리가 매력적인 성수동 데이트 코스 추천 / 친구, 가족, 연인과 함께 하기 좋은 거리",https://blog.naver.com/anshovy/223288761531
2023-12-11,,https://blog.naver.com/preference91131
2023-12-11,"MZ세대와 Z세대를 위한 서울 강남 압구정 DABS 거래 장소 , 강남 압구정, 대신증권의 투자로 DABS 거래 플랫폼 카사 인수",https://blog.naver.com/preference91131/223288744065
2023-12-11,,https://blog.naver.com/goodbye10405
2023-12-11,매혹적인 일본과 서양의 융합을 맛볼 수 있는 회전률 높은 성수 맛집 요쇼쿠 서울숲 본점에서의 경험,https://blog.naver.com/goodbye10405/223288731349
2023-12-11,,https://blog.naver.com/pierrelumir
2023-12-11,"[거제] 16개월 아기랑 여행_벨버디어 한화리조트 고메이, 매미성, 요트 선셋투어",https://blog.naver.com/pierrelumir/223288678891
2023-12-12,,https://blog.naver.com/ribe8
2023-12-12,나는 집 대신 땅에 투자한다. (최종),https://blog.naver.com/ribe8/223290808408
2023-12-12,,https://blog.naver.com/youaremysoul52
2023-12-12,서울 신세계백화점 본점 크리스마스 미디어파사드 점등시간 관람위치명당,https://blog.naver.com/youaremysoul52/223290764848
2023-12-12,"성수 데이트 코스 점심 맛집 마오, 성수동 카페 밀스",https://blog.naver.com/teemogogo/223290606480
2023-12-12,,https://blog.naver.com/fun_9701
2023-12-12,성수동맛집 부우이가 소개하는 진짜 맛있는 성수동 맛집 TOP 3,https://blog.naver.com/fun_9701/223290491233
2023-12-12,,https://blog.naver.com/boonjour
2023-12-12,행궁동 크리스마스카페 골디스,https://blog.naver.com/boonjour/223290480313
2023-12-12,롯데월드타워 전망대 서울스카이 가격 할인 주차장,https://blog.naver.com/virginia07/223290451744
2023-12-12,,https://blog.naver.com/ezcompanycorp
2023-12-12,[마케팅 인사이트] 무신사의 이유있는 변심,https://blog.naver.com/ezcompanycorp/223290397153
2023-12-12,,https://blog.naver.com/9up1kq23
2023-12-12,"서울의 숨은 보석, 성수동 카페거리! 도시 속 이국적인 휴식지",https://blog.naver.com/9up1kq23/223290320848
2023-12-12,,https://blog.naver.com/lovetheplace
2023-12-12,[신사 볼거리/ 가볼만한 곳] 신사동 탬버린즈/ 누데이크/ 르라보/ SW19,https://blog.naver.com/lovetheplace/223290308223
2023-12-12,,https://blog.naver.com/jsybhna
2023-12-12,국내여행안내사 2차 면접 100선,https://blog.naver.com/jsybhna/223290289345
2023-12-12,,https://blog.naver.com/yuniyam_
2023-12-12,"[성수역]연말 느낌 낭낭한 데이트 코스 추천, 트리 카페 투어, 핫플 칵테일바 무근본",https://blog.naver.com/yuniyam_/223290192080
2023-12-12,,https://blog.naver.com/na_rae411
2023-12-12,데이트 하기좋은 성수맛집 심퍼티쿠시 성수점 다녀왔어요,https://blog.naver.com/na_rae411/223290177567
2023-12-12,"생방송투데이-리얼맛집' 포천 이동 양념소갈비 식당 위치는? ""한결같은 부드러움"" 45년 전통",https://blog.naver.com/prime201/223289990423
2023-12-12,성수동 카페거리 핫플 가볼만한곳 5 (베통 대림창고 자연도 디올),https://blog.naver.com/davi-kim/223280157940
2023-12-13,,https://blog.naver.com/sola011226
2023-12-13,[우리마키] 성수동 맛집 성수핫플 웨이팅 성수 데이트코스,https://blog.naver.com/sola011226/223291950669
2023-12-13,성동구 크리스마스 트리 구경하기 좋은 곳,https://blog.naver.com/dolstone2002/223291947336
2023-12-13,,https://blog.naver.com/tiger_m
2023-12-13,성수동 데이트 코스 추천 블루리본 치즈케익 맛집 샌드카베/터키식 커피 전문점,https://blog.naver.com/tiger_m/223291918376
2023-12-13,,https://blog.naver.com/jjojjomi0
2023-12-13,서울카페 빠니드엠무니 압구정빠니드엠무니 프랑스감성카페 신사동베이커리카페 크리스마스포토존카페 압구정데이트코스 연말데이트추천,https://blog.naver.com/jjojjomi0/223291896302
2023-12-13,서울 합정역 신상 카페 올더어글리쿠키&트레몽 쿠키 맛집 크리스마스 트리 데이트 코스 가볼만한곳,https://blog.naver.com/snr829/223291780156
2023-12-13,,https://blog.naver.com/coosv56
2023-12-13,[성수 데이트 코스] 핫플로 인정하는 & 성수 가볼만한곳 후기,https://blog.naver.com/coosv56/223291752109
2023-12-13,,https://blog.naver.com/life_0201
2023-12-13,서울 연말모임장소 추천 캠핑 감성으로 즐기는 옥탑방성수,https://blog.naver.com/life_0201/223291734460
2023-12-13,,https://blog.naver.com/choyeonhada
2023-12-13,"(23년) 07. 방콕 사는 사람이 데려가 준 맛집과 카페 후기(Thai Niyom Cuisine/RISE COFFEE, 메뉴 소개, 프롬칫역 맛집)",https://blog.naver.com/choyeonhada/223291685572
2023-12-13,,https://blog.naver.com/galhun002
2023-12-13,월차내고 성수탐방 2차 카페거리에서 뚝섬역까지 걷기 성수 블루보틀 자연도 밀도 테디스오븐 온량 서울앵무새등등,https://blog.naver.com/galhun002/223291631294
2023-12-13,,https://blog.naver.com/sus0416kr
2023-12-13,영등포당산역skv1타워 지식산업센터 분양정보,https://blog.naver.com/sus0416kr/223291553419
2023-12-13,생생정보맛집여행촬영지 서울성수동 황금토마호크스테이크 채끝등심파스타 담양금성산성오토캠핑장 담양호용마루길폭포 죽녹원 죽순빵 관방재림전동스쿠터,https://blog.naver.com/hsc660312/223291473733
2023-12-13,,https://blog.naver.com/seek__1219
2023-12-13,"성수동 핫플 | 평일 성수동 최고 (성수 리타르단도, 에이투비)",https://blog.naver.com/seek__1219/223291199180
2023-12-13,,https://blog.naver.com/gabvwz
2023-12-13,[뉴욕] 여행 정보 4 (관광명소/쇼핑),https://blog.naver.com/gabvwz/223279526318
2023-12-13,,https://blog.naver.com/hinissy
2023-12-13,2023년 마름달의 일상 (2),https://blog.naver.com/hinissy/223291126884
2023-12-13,,https://blog.naver.com/jka0417
2023-12-13,"서울 성수동 ""서울숲""나들이",https://blog.naver.com/jka0417/223291126532
2023-12-13,성수동 놀거리 핫플레이스인 디올 성수 이색 데이트 후기,https://blog.naver.com/davi-kim/223279635989
2023-12-13,,https://blog.naver.com/dobichphuong
2023-12-13,자연도 소금방 성수 웨이팅|성수 핫플 맛집 필수 코스,https://blog.naver.com/dobichphuong/223290347286
2023-12-14,,https://blog.naver.com/dwyllwyd_
2023-12-14,11월 홍콩,https://blog.naver.com/dwyllwyd_/223292788063
2023-12-14,,https://blog.naver.com/9622518
2023-12-14,1박 2일 런던여행: 스위스에서 영국으로 맛집투어 온 후기,https://blog.naver.com/9622518/223292783279
2023-12-14,성수 크리스마스 명소 디올 성수 & 소품샵 먼치스앤구디스,https://blog.naver.com/flskfl88/223292602882
2023-12-14,"성수 서울숲 브리오신 x 세임디 팝업스토어 방문 후기, 포토존",https://blog.naver.com/dudtns1112/223292463982
2023-12-14,,https://blog.naver.com/misulin2022
2023-12-14,"[눈에들어온 전시] '하이퍼 팝아트' 작가 홍승태 개인展: 'HI, POP ART'",https://blog.naver.com/misulin2022/223292445421
2023-12-14,"성수동 크리스마스/연말 가 볼만한 인증샷 핫플 추천(성수역 3,4번 출구)",https://blog.naver.com/tesoro88/223292368398
2023-12-14,,https://blog.naver.com/gpals60211
2023-12-14,성수한정식 이색 국수 맛집 데이릿,https://blog.naver.com/gpals60211/223292312661
2023-12-14,,https://blog.naver.com/kdk1983111
2023-12-14,"""성수 스테이크 성수의 완벽한 레스토랑, '타이거풀'의 세련된 맛과 분위기""",https://blog.naver.com/kdk1983111/223292271493
2023-12-14,[성수동 근린생활시설 사무실 임대]전용34평. 카페거리 도로변 지식산업센터 근린생활시설 임대.,https://blog.naver.com/joseph3371/223292259423
2023-12-14,,https://blog.naver.com/kumh4222
2023-12-14,이것저것 35탄 (조금 늦은 가을 기록),https://blog.naver.com/kumh4222/223292252119
2023-12-14,"[오늘의 맛집 소식] 23.12.14 강진군, 숨은 맛집 20곳 리플릿 제작 & 유명 식당 갈비찜, 사찰요리가 기내식…항공사들 ‘하늘 맛집’ 경쟁 & 무주군 The 맛집 이벤트",https://blog.naver.com/032gms/223292204717
2023-12-14,,https://blog.naver.com/tray12908
2023-12-14,성수동 인싸들만 아는 그 집 한정판 고기부터 비빔냉면까지 성수 맛집 무식당,https://blog.naver.com/tray12908/223292173224
2023-12-14,,https://blog.naver.com/lsb3002
2023-12-14,"MZ세대의 핫플성지, 핫플성수 100% 즐기기! (feat. 성수대작전)",https://blog.naver.com/lsb3002/223292119990
2023-12-14,,https://blog.naver.com/cocoajoha
2023-12-14,서울 크리스마스 여행 성수동 카페 투어_ 테디스오븐 내돈내산 방문 후기,https://blog.naver.com/cocoajoha/223292072671
2023-12-15,,https://blog.naver.com/dalgayeon
2023-12-15,"뚝섬역 성수 카페 데이트, 크로우 KROW 에스프레소 바 사이폰 커피 후기",https://blog.naver.com/dalgayeon/223294092537
2023-12-15,,https://blog.naver.com/sisibabies
2023-12-15,크리스마스 가볼만 한 곳_서울,https://blog.naver.com/sisibabies/223294065138
2023-12-15,,https://blog.naver.com/roomie_lee
2023-12-15,"MZ세대의 핫플! 성수동 데이트 코스 추천(+흑임자 라떼 맛집, 소품샵)",https://blog.naver.com/roomie_lee/223294040906
2023-12-15,,https://blog.naver.com/happyhome420
2023-12-15,서울 연말모임장소! 옥탑방성수 정말 좋아요!,https://blog.naver.com/happyhome420/223293932635
2023-12-15,,https://blog.naver.com/matebd
2023-12-15,"12월 둘째주 부동산 뉴스, 美, 기준금리 내년 세 차례 금리 인하 예상",https://blog.naver.com/matebd/223293729010
2023-12-15,,https://blog.naver.com/5_min_counseling
2023-12-15,[한강변개발] 한강변에서 어떤일이 일어나고 있을까? 재개발 등 한강변 개발계획①,https://blog.naver.com/5_min_counseling/223293724004
2023-12-15,"성수 SW19 무신사 전시 팝업 스토어 데이트코스로 굿! 연말선물로 니치향수, 핸드크림 추천",https://blog.naver.com/danikang1/223293716620
2023-12-15,,https://blog.naver.com/kaheui7
2023-12-15,성수동 핫플 고우성수 퓨전한식 먹방후 성수 카페데이트,https://blog.naver.com/kaheui7/223293699760
2023-12-15,,https://blog.naver.com/ddend94284
2023-12-15,"서울숲술집 아주 좋다. 밤토리 성수 , 고모 친구가 운영하는 술집이라고 해서 다녀와 본 성동구 매우 유명한 요리주점 reivew",https://blog.naver.com/ddend94284/223291473445
2023-12-15,"성수동 데이트 코스,서울숲 놀거리가 가득한 성수 디타워 총정리!",https://blog.naver.com/whtmdwo13/223293394855
2023-12-15,성수동 맛집 데이트코스 추천 바피에스 BarPostscript Bar P.S 루프탑와인바,https://blog.naver.com/toki_home/223293378202
2023-12-15,,https://blog.naver.com/pinegn
2023-12-15,"강릉여행의 길잡이, BT21 Tripful 강릉 출간기념 팝업스토어에 다녀왔어요.",https://blog.naver.com/pinegn/223293316900
2023-12-16,성수동 겨울데이트크리스마스 포토스팟 코스 5곳,https://blog.naver.com/yipi1000/223294875829
2023-12-16,,https://blog.naver.com/yu-ri
2023-12-16,서울숲 데이트코스 와인바 조용한 207다이닝,https://blog.naver.com/yu-ri/223294843601
2023-12-16,,https://blog.naver.com/altnr44444
2023-12-16,성수맛집 '타이거풀'로 떠나는 크리스마스여행~가요,https://blog.naver.com/altnr44444/223294778081
2023-12-16,,https://blog.naver.com/hojjumma
2023-12-16,서울숲 데이트 맛집 산도스 성수: 진짜 힙한 뉴욕식 보드카 카츠산도,https://blog.naver.com/hojjumma/223294748158
2023-12-16,2023 푸에르자부르타 웨이라 인 서울 [2023 FUERZA BRUTA WAYRA IN SEOUL] 관람 후기 / 핫플레이스/ 국내공연추천,https://blog.naver.com/jrosekk/223294728326
2023-12-16,,https://blog.naver.com/akdhzkdl6165
2023-12-16,마곡역 술집 흥겹게 즐긴 넛츠비어 시그니처 탕수육칩이 일품인 넛츠비어발산점,https://blog.naver.com/akdhzkdl6165/223294719471
2023-12-16,,https://blog.naver.com/ssomiyami
2023-12-16,"[고우성수]성수맛집, 성수동맛집, 성수동데이트, 서울숲맛집, 서울가볼만한곳, 건대맛집, 성수한식맛집, 데이트코스 추천, 떡갈비튀김, 성수역 맛집 (서이추 환영)",https://blog.naver.com/ssomiyami/223294462279
2023-12-16,,https://blog.naver.com/cobaltblue3167
2023-12-16,제주 아라리오뮤지엄 탑동시네마 제주시내 볼거리 미술관 전시 후기,https://blog.naver.com/cobaltblue3167/223294457265
2023-12-16,,https://blog.naver.com/yehgamja
2023-12-16,[서울 성수역 카페] 뉴욕 전통 베이글_분위기 좋은 브런치 카페_서울 3대 베이글 맛집_블루리본 선정_니커버커 베이글 성수점_방문 후기,https://blog.naver.com/yehgamja/223294441755
2023-12-16,,https://blog.naver.com/kgmin8200
2023-12-16,"히밥도 다녀간 성수동 이자카야 신월, 성수데이트코스로 추천",https://blog.naver.com/kgmin8200/223294439135
2023-12-16,,https://blog.naver.com/aaalang2
2023-12-16,성수 :: 데이트코스로 딱인 스시도쿠 더성수,https://blog.naver.com/aaalang2/223294439339
2023-12-16,"[오늘의 맛집 소식] 23.12.16 ""'양육비 50만원' 합의한 전처…'맛집' 성공하자 500만원 달라네요"" & [포토]'하트맛집' 영케이 & 전현무, 이장우에 ""대만은 내 전",https://blog.naver.com/032gms/223294385690
2023-12-16,,https://blog.naver.com/sorrowinner
2023-12-16,"성동구 1인가구 반값중개수수료, 최대규모 공영주차장, 성수전략정비구역 재정비안",https://blog.naver.com/sorrowinner/223293935883
2023-12-16,,https://blog.naver.com/jung198a
2023-12-16,"동남아시아 휴양지 느낌의 색다른 체험, 태국 음식점 성수동 '살라댕템플'",https://blog.naver.com/jung198a/223294309910
2023-12-16,"나의 블로그 - 2023-12월, 9위 순위별 제목별 조회수 실적 [12/15, 1,063명 방문]",https://blog.naver.com/ktxcks/223294286205
2023-12-16,,https://blog.naver.com/sawyer0131
2023-12-16,"[임장] 성수 핫플과 붙어있는 서울숲힐스테이트 임장후기(feat. 성수카페거리, 크래프톤, 성수이마트)",https://blog.naver.com/sawyer0131/223294144633
2023-12-17,,https://blog.naver.com/lisa53553
2023-12-17,크리스마스 분위기가 예쁜 성수 테디스오븐,https://blog.naver.com/lisa53553/223295687324
2023-12-17,,https://blog.naver.com/suuny0919
2023-12-17,크리스마스 모임에서 빛나는 가성비 맛집으로 높은 만족도 보장하는 타이거풀,https://blog.naver.com/suuny0919/223295622503
2023-12-17,,https://blog.naver.com/yeoyeocho
2023-12-17,[2023정리] #1. 식당들,https://blog.naver.com/yeoyeocho/223295611936
2023-12-17,,https://blog.naver.com/leehyeyeon11
2023-12-17,성수동술집 이자카야 아카보시 성수동데이트코스 추천,https://blog.naver.com/leehyeyeon11/223295611035
2023-12-17,,https://blog.naver.com/rlvmxmek
2023-12-17,"타이거풀, 성수동의 빛나는 크리스마스 레스토랑",https://blog.naver.com/rlvmxmek/223295527999
2023-12-17,성수 맛집 니커버커 베이글 전문점 브런치 추천,https://blog.naver.com/ruduqhk/223295494288
2023-12-17,BTS·레이디 가가도 다녀갔다…‘이곳’ 가면 한 번쯤 가봐야 된다는 호텔들 직접 가봤다,https://blog.naver.com/ehdtladkdl/223294907365
2023-12-17,서울숲커피 / 웨이크앤 베이크성수,https://blog.naver.com/benqq8816/223295140616
2023-12-17,,https://blog.naver.com/yhk3535
2023-12-17,"[호주 신혼여행] 멜버른3일차,피츠로이 에어비앤비,마리오 카페,브런즈윅 서점,룬 크로아상,칼튼스 가든,세븐시즈, SURE편집샵,플린더스역 1970 포토부스",https://blog.naver.com/yhk3535/223295101981
2023-12-17,최근 서울의 핫플인 성수 상권 특징 확인 통한 투자 분석,https://blog.naver.com/rightnow2032/223288053383
2023-12-17,,https://blog.naver.com/dnjsdud9834
2023-12-17,성수동일식 성수동 데이트코스 추천 진작다이닝 후토마끼 차돌깻잎파스타 사케동 후기,https://blog.naver.com/dnjsdud9834/223294996504
2023-12-17,성수동 데이트코스 완전강추! 루프탑 와인바 바피에스 Bar P.S (자부타임),https://blog.naver.com/nr_factory/223294988690
2023-12-17,,https://blog.naver.com/sweetrains08
2023-12-17,[12월 일상기록] 골프하고 먹고 먹고 또 먹는 일상,https://blog.naver.com/sweetrains08/223294980430
2023-12-18,,https://blog.naver.com/kooblogs
2023-12-18,서울 3대 베이글 중 하나! 드디어 나도 가봤다! - 코끼리베이글 성수,https://blog.naver.com/kooblogs/223296680131
2023-12-18,,https://blog.naver.com/jynsb
2023-12-18,[성수/이자카야] 전통주와 안주 맛집 '다모토리 혼',https://blog.naver.com/jynsb/223296663162
2023-12-18,[윤경양식당] 성수동 서울숲에서 꼭 가봐야 하는 돈까스 맛집.,https://blog.naver.com/yukta-kbeef/223296648051
2023-12-18,,https://blog.naver.com/87rabbitlife
2023-12-18,"[서울 성수동] 솥밥 한식 '고우성수'& 근처 구경거리 (+ 씨에떼 양말, 밀리언아카이브 크리스마스 스웨터샵)",https://blog.naver.com/87rabbitlife/223296505908
2023-12-18,,https://blog.naver.com/wowtjsdud_56
2023-12-18,"뚝섬, 성수데이트코스 , 성수향수공방 닷노트",https://blog.naver.com/wowtjsdud_56/223296071599
2023-12-18,성수 편집샵 엠프티 스타일리스트 케이팝 아티스트 아이돌 스팟 데이트코스 추천 !,https://blog.naver.com/01099227467/223296054329
2023-12-18,,https://blog.naver.com/95thvldk
2023-12-18,빵빵이 팝업스토어 예약하는 법 : 성수 크리스마스데이트 코스로 추천!,https://blog.naver.com/95thvldk/223296051337
2023-12-18,,https://blog.naver.com/simhyojiin
2023-12-18,서울 성수동 크리스마스 데이트 코스 코카콜라 팝업스토어,https://blog.naver.com/simhyojiin/223296029548
2023-12-18,,https://blog.naver.com/sc4m8rxi
2023-12-18,한 번 가면 단골되는 무화살 구이로 유명한 성수 맛집 무식당 성수본점,https://blog.naver.com/sc4m8rxi/223295823508
2023-12-19,,https://blog.naver.com/eded4
2023-12-19,서울 겨울철 실내데이트 명소 알아보기,https://blog.naver.com/eded4/223297879650
2023-12-19,"부평구 맛집, 보쌈 꿀맛이었던 인천 가족모임 보릿골정찬",https://blog.naver.com/al_dente/223297843243
2023-12-19,,https://blog.naver.com/nglemfk7
2023-12-19,"연말 모임 ,송년회 장소 분위기 좋은 스케줄 성수 | 스케줄 성수",https://blog.naver.com/nglemfk7/223297799401
2023-12-19,,https://blog.naver.com/moon1ightserenade
2023-12-19,꼬박 한달,https://blog.naver.com/moon1ightserenade/223297608585
2023-12-19,,https://blog.naver.com/sms2613
2023-12-19,인천(연수동)_ 이색한우곰탕/씨장/송도G타워 전망대,https://blog.naver.com/sms2613/223297415486
2023-12-19,,https://blog.naver.com/mods77
2023-12-19,[성수 아임파인강릉]BT21트립풀강릉 출간 기념 팝업스토어에서 드립커피마시고 테라로사드립백 받고^^,https://blog.naver.com/mods77/223296915675
2023-12-19,,https://blog.naver.com/whitekori
2023-12-19,서울 야경 명소 - 한강다리 야경,https://blog.naver.com/whitekori/223297210552
2023-12-19,,https://blog.naver.com/dbtngus-669
2023-12-19,"[서울 성수동] 성수동 맛집 내돈내산 후기와 디올성수 사진, 소품샵 솔직후기, 와인바 후기 (고우성수, point of view, Mormro)",https://blog.naver.com/dbtngus-669/223297193095
2023-12-19,,https://blog.naver.com/3kduhwy9
2023-12-19,서울성동구 서울 성동구 날씨 체킹 비교몰 제대로 활용하기,https://blog.naver.com/3kduhwy9/223297172264
2023-12-19,,https://blog.naver.com/greensmile
2023-12-19,"성수맛집 브리비트, 연말 데이트코스로 좋은 레스토랑",https://blog.naver.com/greensmile/223297058035
2023-12-19,,https://blog.naver.com/pinkpiggggg
2023-12-19,"[독서모임]대한민국 부동산 부의 역사/이상우, 유성운",https://blog.naver.com/pinkpiggggg/223297014126
2023-12-19,,https://blog.naver.com/homedriverservice
2023-12-19,올해 크리스마스에 꼭 가봐야할 곳,https://blog.naver.com/homedriverservice/223296966237
2023-12-19,,https://blog.naver.com/siraasony
2023-12-19,"성수 이탈리안 다이닝 맛집, 소개팅 및 서울 데이트 코스 추천 세디치",https://blog.naver.com/siraasony/223296727520
2023-12-19,,https://blog.naver.com/ksh4931
2023-12-19,혼자가 아니었던 시드니 혼여행기 (3) : 이 날만큼은 나도 P 그 잡채,https://blog.naver.com/ksh4931/223296839785
2023-12-20,오뜨로 성수 성수명소 서울숲맛집오뜨로성수,https://blog.naver.com/leader_ksh/223298741512
2023-12-20,,https://blog.naver.com/iamenjoyingmylife
2023-12-20,"당일치기 서울여행, 성수코스 성수동 놀거리 팝업 정리",https://blog.naver.com/iamenjoyingmylife/223298673701
2023-12-20,,https://blog.naver.com/kst3175
2023-12-20,명동·홍대·보신각·정동진…성탄절~연말연시 인파 사고 없게 관리 강화,https://blog.naver.com/kst3175/223298667170
2023-12-20,,https://blog.naver.com/jejujini
2023-12-20,제주 크리스마스 코스 추천 / 이대로만 가도 대성공!,https://blog.naver.com/jejujini/223298645956
2023-12-20,,https://blog.naver.com/mopaspr
2023-12-20,연말연시 축제‧행사에 대한 선제적 인파 안전관리 추진합니다.,https://blog.naver.com/mopaspr/223298410738
2023-12-20,,https://blog.naver.com/0fy06txtrys
2023-12-20,서울성동구 서울 성동구 날씨 1초만에,https://blog.naver.com/0fy06txtrys/223298189735
2023-12-20,,https://blog.naver.com/fjqm2676
2023-12-20,"성북동 맛집 문화식당 완벽한 데이트코스 (주차, 예약 정보)",https://blog.naver.com/fjqm2676/223297654173
2023-12-20,,https://blog.naver.com/kokkokii
2023-12-20,성수 크리스마스 데이트 카페 케이크맛집 디저트 맛집 성수동 데이트 코스 라에비뉴 카페,https://blog.naver.com/kokkokii/223298146969
2023-12-20,,https://blog.naver.com/be_jsh
2023-12-20,"[서울 핫플] 연말 분위기를 만끽하고 싶다면! 서울 크리스마스 명소 2탄(디올 성수, 아모레 성수, 피치스도원)",https://blog.naver.com/be_jsh/223298032455
2023-12-20,서울 성동구 응봉역 손품,https://blog.naver.com/son2104/223298028866
2023-12-20,,https://blog.naver.com/izgc85jj
2023-12-20,맛있는 한정판매 메뉴로 더욱 특별하게 즐기는 성수 맛집 무식당 성수본점,https://blog.naver.com/izgc85jj/223298026566
2023-12-20,,https://blog.naver.com/jnh1906
2023-12-20,[국내여행 / 서울]성수동 데이트코스::서울 당일치기 다녀왔어요 / 성수 팝업스토어 거리 모아보기 2023년 명동 신세계 미디어파사드,https://blog.naver.com/jnh1906/223297355036
2023-12-20,,https://blog.naver.com/yoondante
2023-12-20,[손품] 2023.12. 성수역 (in 성동구),https://blog.naver.com/yoondante/223296876841
2023-12-20,,https://blog.naver.com/ysl6161015
2023-12-20,서울숲 맛집 성수 데이트 코스로 딱 좋은 서우 룸 다이닝,https://blog.naver.com/ysl6161015/223298014916
2023-12-20,,https://blog.naver.com/fvour43728
2023-12-20,"마스턴투자운용, 에너지의 날 행사 참석 예정 에너지의 날 이벤트, 마스턴투자운용 참석",https://blog.naver.com/fvour43728/223297990646
2023-12-20,"해운대 놀거리｜부산 데이트코스로 추천, 해리단길 소품샵과 카페 등",https://blog.naver.com/himawari_tw/223295487159
2023-12-20,,https://blog.naver.com/soogil_hyun
2023-12-20,북리뷰] 트렌드 코리아 2024 - 김난도 경제 경영 베스트셀러 추천,https://blog.naver.com/soogil_hyun/223297917747
2023-12-20,,https://blog.naver.com/chochon56
2023-12-20,BTS·레이디 가가도 다녀갔다…‘이곳’ 가면 한 번쯤 가봐야 된다는 호텔들,https://blog.naver.com/chochon56/223295058607
2023-12-21,,https://blog.naver.com/soobin1_2-1_2
2023-12-21,"스케줄 성수,디올 성수 나들이",https://blog.naver.com/soobin1_2-1_2/223299879055
2023-12-21,,https://blog.naver.com/mu_jamm
2023-12-21,[컨츄리시티즌 로컬 에디터] 성수 서울숲에서 '경기도 구석구석 관광테마골목' 만나기_경기로 9393 팝업 후기,https://blog.naver.com/mu_jamm/223299731727
2023-12-21,,https://blog.naver.com/zhuxi-
2023-12-21,성수 데이트 코스 서울숲 근처 맛집 메종파이프그라운드 예약 및 후기,https://blog.naver.com/zhuxi-/223299696642
2023-12-21,,https://blog.naver.com/thdtjsdn1
2023-12-21,2023년 12월 21일 17:30 - 종목 뉴스,https://blog.naver.com/thdtjsdn1/223299651097
2023-12-21,,https://blog.naver.com/xo-elliott
2023-12-21,서울 송년회 장소 추천 송년회 파티룸 옥탑방성수,https://blog.naver.com/xo-elliott/223299617348
2023-12-21,"[오늘의 맛집 소식] 23.12.21 롯데카드 “근처 맛집부터 착한가격업소, 카드 혜택까지 한 눈에” & 솔로지옥3 천국도로 나온 호텔은 어디? ""제주 뷰맛집"" & 여기가 뷰 맛",https://blog.naver.com/032gms/223299138981
2023-12-21,,https://blog.naver.com/s736
2023-12-21,서울 4박 5일 여행 추천코스!,https://blog.naver.com/s736/223296697431
2023-12-21,,https://blog.naver.com/smilelulu_
2023-12-21,[바르셀로나 1일차] 라 보케리아 - 크리스마스 마켓 - 고딕지구 - Moco 갤러리 - 개선문 - Els 4Gats,https://blog.naver.com/smilelulu_/223299095101
2023-12-21,,https://blog.naver.com/ash1106
2023-12-21,연말연시 축제·행사에 대한 선제적 인파 안전관리 추진,https://blog.naver.com/ash1106/223298697576
2023-12-21,,https://blog.naver.com/starandtour
2023-12-21,[⛰️가성비 등산] 30분이면 화려한 서울의 야경을 볼 수 있는 아차산(광나루역) [231209],https://blog.naver.com/starandtour/223299079151
2023-12-22,서울 크리스마스 트리 야경 명소 8곳 더현대 서울 디올 성수 데이트 추천,https://blog.naver.com/travel_baek/223300906936
2023-12-22,,https://blog.naver.com/nuri02lee
2023-12-22,성수맛집 고우성수 성수동데이트 맛집,https://blog.naver.com/nuri02lee/223300898833
2023-12-22,,https://blog.naver.com/minsu9310
2023-12-22,"성수가볼만한곳의 최고 명소, 심퍼티쿠시 성수점에서의 맛있는 여정",https://blog.naver.com/minsu9310/223300884085
2023-12-22,,https://blog.naver.com/dmsenote
2023-12-22,나 혼자 산다 팜유 대만 야시장 위치 이장우 족발 국수 식당 어디? 나혼산 526회 재방송,https://blog.naver.com/dmsenote/223300883182
2023-12-22,,https://blog.naver.com/smile11410
2023-12-22,기아 언플러그드 그라운드 성수 아이와 가볼만한 곳 아이와 함께 가볼만한 곳 자동차 좋아하는 아이 추천 성수 가볼만한,https://blog.naver.com/smile11410/223300850474
2023-12-22,,https://blog.naver.com/cherish_5959
2023-12-22,[서울] 성수동 놀거리 추천 | 소품샵&쇼룸 투어 모음,https://blog.naver.com/cherish_5959/223300849502
2023-12-22,,https://blog.naver.com/50lovely23
2023-12-22,"[성수] 앙뜨__크리스마스, 집들이 선물하기에 좋은 성수 빈티지 소품샵 | 성수동 놀거리",https://blog.naver.com/50lovely23/223300721658
2023-12-22,성수 팝업스토어 12월 도어투성수 코카콜라 크리스마스 팝업 놀거리 데이트,https://blog.naver.com/llllstyle/223300580879
2023-12-22,,https://blog.naver.com/cjiwons2
2023-12-22,"다반 | 서울숲 뚝섬 맛집 고급스러운 퓨전 한식, 성수동 트리 포토존",https://blog.naver.com/cjiwons2/223300518436
2023-12-22,,https://blog.naver.com/ilsangseulii
2023-12-22,"[서울] 연말 데이트 장소로 딱이었던 문래동! :: 양키 통닭(시금치 통닭), 갤러리 문래",https://blog.naver.com/ilsangseulii/223300493052
2023-12-22,서울 성수동 맛집 니커버커 베이글 성수 핫플 데이트코스,https://blog.naver.com/clala70/223300479304
2023-12-22,,https://blog.naver.com/ecm1111
2023-12-22,[최나경이사 칼럼] 뻔하고 fun한 빌딩 이야기,https://blog.naver.com/ecm1111/223300454459
2023-12-22,크리스마스 잠실 데이트 코스 롯데백화점 잠실점 롯데월드타워 아레나 잔디광장 크리스마스 마켓 위치 운영 시간 입점 매장,https://blog.naver.com/lovely_pinkpig/223300260877
2023-12-22,성수 카페 데이트 니커버커베이글 예쁜 내부와 크림치즈베이글,https://blog.naver.com/bymin0418/223300004718
2023-12-22,,https://blog.naver.com/kq33swjliwh
2023-12-22,무안회산백련지 확실한check,https://blog.naver.com/kq33swjliwh/223300082087
2023-12-22,성수 팝업스토어 언더스탠드에비뉴 경기도 구석구석 관광테마골목 12월 pop up 가볼만한곳,https://blog.naver.com/yesun81/223299997228
2023-12-23,,https://blog.naver.com/jkc5603
2023-12-23,"패션 전문가의 방한 쇼핑 꿀팁 공개, 주요 도시 쇼핑 장소 노하우 등 K-쇼핑 소개",https://blog.naver.com/jkc5603/223301577087
2023-12-23,,https://blog.naver.com/duckjiduckjii
2023-12-23,미쁘동 서울숲 일식당 맛집 후기,https://blog.naver.com/duckjiduckjii/223301566075
2023-12-23,,https://blog.naver.com/woodi_world
2023-12-23,성수동 크리스마스 마켓 분위기 물씬 나는 소품샵 데이트 코스 추천 '제인 마치',https://blog.naver.com/woodi_world/223301561576
2023-12-23,서울숲 데이트 맛집 서울스트롤 귀여운 단호박뇨끼 냐미,https://blog.naver.com/gilu333/223301558314
2023-12-23,,https://blog.naver.com/hane1982
2023-12-23,연말에 약속 없어도 괜찮아! 도심 속 크리스마스트리 찾기,https://blog.naver.com/hane1982/223301555586
2023-12-23,,https://blog.naver.com/sull2__
2023-12-23,성수동 데이트 휩드 팝업스토어 ‘나만의 휘핑 팩클렌저 만들기’ 방문 후기 및 주차 꿀팁,https://blog.naver.com/sull2__/223301538937
2023-12-23,,https://blog.naver.com/ssa0915
2023-12-23,서울 성수동 고기 맛집 ‘몽련’ 회식 및 데이트코스로 굉장히 좋은곳!!,https://blog.naver.com/ssa0915/223301524986
2023-12-23,"초등학생 딸과 성수동 데이트 코스 겨울방학때 가볼만한곳(카페 할아버지공장,르프리크,소영씨스토어)",https://blog.naver.com/pyj0225/223301519615
2023-12-23,,https://blog.naver.com/kimjg19020
2023-12-23,성동구최대규모/ 성수동맛집-플렉스복싱 2호점 OPEN,https://blog.naver.com/kimjg19020/223301475454
2023-12-23,성수동핫플 카페 추천 레인리포트 크루아상 성수동놀거리 데이트코스,https://blog.naver.com/linda603/223301423204
2023-12-23,,https://blog.naver.com/scles93570
2023-12-23,일본느낌의 야키토리 5종세트 먹고 싶어서 찾아가 보았던 회사 입사동기 하고 밖에서 만나서 경험해본 맛집 술집,https://blog.naver.com/scles93570/223301363945
2023-12-23,,https://blog.naver.com/luvsu_seoul
2023-12-23,12월 성수동 팝업 애프터블로우 휩드 썬번프로젝트 카누 성수동 가볼만한곳 데이트 코스 추천,https://blog.naver.com/luvsu_seoul/223301289369
2023-12-23,,https://blog.naver.com/an6951an
2023-12-23,"크리스마스 가볼만한 곳 [ 신세계본점 미디어파사드 시간 , 명동 롯데백화점 본점 ] 연말 일상 모음.zip",https://blog.naver.com/an6951an/223301256837
2023-12-23,,https://blog.naver.com/somcine
2023-12-23,"크리스마스에 가볼만한곳, 가보고싶은곳",https://blog.naver.com/somcine/223301226534
2023-12-23,,https://blog.naver.com/yujeong917
2023-12-23,2023의 끝,https://blog.naver.com/yujeong917/223301224926
2023-12-23,,https://blog.naver.com/inthe_detail
2023-12-23,"부산카페식당인테리어, 나만의 독특한 컨셉을 보여주려면",https://blog.naver.com/inthe_detail/223301194252
2023-12-23,,https://blog.naver.com/ddubug_ddubug
2023-12-23,뚜벅뚜벅 부산여행: 앗 속았다! TOP5,https://blog.naver.com/ddubug_ddubug/223301135878
2023-12-23,성수동 놀거리 서울숲 윈터라이트 핫플 성수 가볼만한곳,https://blog.naver.com/goyamee/223301135886
2023-12-23,,https://blog.naver.com/recomen1825
2023-12-23,여자친구 생기면 가려고 아껴놓은 곳들... 공개,https://blog.naver.com/recomen1825/223300681650
2023-12-23,,https://blog.naver.com/ggkdlzlzl
2023-12-23,마켓컬리 홈파티 성수동 팩피 FAGP 스테이크 키트,https://blog.naver.com/ggkdlzlzl/223301080030
2023-12-23,"피그마리온, 강릉여행 가이드북 'BT21 트립풀 강릉' 여행안내서 출간",https://blog.naver.com/psyche99/223301051506
2023-12-24,,https://blog.naver.com/yeonju3310
2023-12-24,"성수 점심 쌀국수 맛집 마오 데이트 코스로 제격, 카페 밀스까지",https://blog.naver.com/yeonju3310/223302199384
2023-12-24,,https://blog.naver.com/choolan
2023-12-24,성수데이트코스 맛집 화화담 성수 치즈돈까스와 우곱새쌀국수 후기,https://blog.naver.com/choolan/223302198390
2023-12-24,,https://blog.naver.com/mjz2sng7
2023-12-24,맛과 풍미가 넘치는 성수동의 명소 성수 맛집 무식당 성수본점에서의 즐거운 식사 경험,https://blog.naver.com/mjz2sng7/223302013131
2023-12-24,,https://blog.naver.com/omiiing
2023-12-24,2023년 호로록 지나간 11월 일상 zip,https://blog.naver.com/omiiing/223299804271
2023-12-24,,https://blog.naver.com/joojoo0110
2023-12-24,"[이탈리아/피렌체] 두오모 성당 예약, 스테이크 맛집 Trattoria Dall'Oste 그리고 최고의 야경",https://blog.naver.com/joojoo0110/223301957666
2023-12-24,,https://blog.naver.com/drawgreenn
2023-12-24,"2023,코엑스 크리스마스 행사공연 팝업정보 및 나들이 갔다온 후기(별마당도서관 대형트리,해리꿈의상점)",https://blog.naver.com/drawgreenn/223301871098
2023-12-24,,https://blog.naver.com/yoonbaby44
2023-12-24,"[성수크리스마스]제인마치,포인트오브뷰,성수팝업스토어,디올성수까지",https://blog.naver.com/yoonbaby44/223300529121
2023-12-24,,https://blog.naver.com/kniti19577
2023-12-24,데이트명소 부우이 서울숲맛집,https://blog.naver.com/kniti19577/223301708297
2023-12-24,,https://blog.naver.com/becky0524
2023-12-24,크리스마스 갈만한 곳 서울숲 크리스토퍼 바우더 전시,https://blog.naver.com/becky0524/223301640676
2023-12-25,,https://blog.naver.com/bryan337
2023-12-25,카페 브라운핸즈 안양 명소 서원풍력 옛공장자리에 잘 숨어있는 곳,https://blog.naver.com/bryan337/223302829407
2023-12-25,서울 겨울데이트 코스 7곳 서울 데이트 추천,https://blog.naver.com/goyamee/223302727477
2023-12-25,,https://blog.naver.com/eehnuynihs
2023-12-25,성수동 재개발 썰푼다!,https://blog.naver.com/eehnuynihs/223302605789
2023-12-25,,https://blog.naver.com/mykate1
2023-12-25,성수 카페거리 이탈리안 파스타 맛집 오스테리아 로에로 내돈내산 와인바 연말 데이트 장소/ 소규모 연말모임로 원픽,https://blog.naver.com/mykate1/223302604318
2023-12-25,,https://blog.naver.com/513film
2023-12-25,CONTAX G2 #1,https://blog.naver.com/513film/223302507094
2023-12-25,디올 성수 예약 카페 크리스마스 주차 핫플 가볼만한곳,https://blog.naver.com/chaehj92/223302312131
2023-12-25,,https://blog.naver.com/hi7u67hm
2023-12-25,맛과 멋이 어우러진 성수의 명소 무식당 성수본점에서의 기억에 남는 식사,https://blog.naver.com/hi7u67hm/223302281018
2023-12-26,,https://blog.naver.com/lollo_ollol
2023-12-26,서울 성수동 데이트코스 닷노트 향수공방에서 만드는 나만의 향수,https://blog.naver.com/lollo_ollol/223303898020
2023-12-26,,https://blog.naver.com/moatory
2023-12-26,리치온 독서 04 강남 되는 강북 부동산은 정해져 있다.,https://blog.naver.com/moatory/223303878167
2023-12-26,따종디엔핑 공식협력사 에코앤컴퍼니가 알려주는 중국관광객 유커 싼커 마케팅,https://blog.naver.com/sweetbora1024/223303849853
2023-12-26,,https://blog.naver.com/tunk875au87bu
2023-12-26,"오스테리아 파로와 함께한 성수동의 로맨틱 저녁, 달콤한 기억 찐후기",https://blog.naver.com/tunk875au87bu/223303835655
2023-12-26,,https://blog.naver.com/sumni_0201
2023-12-26,성수공방 성수데이트코스로 좋은 향수만들기 닷노트,https://blog.naver.com/sumni_0201/223303728766
2023-12-26,,https://blog.naver.com/bbony9
2023-12-26,"9월 토론토의 7박 8일 여행_2️⃣ 오타와,몬트리올,퀘백,나이아가라",https://blog.naver.com/bbony9/223303724884
2023-12-26,,https://blog.naver.com/lfgmby8309
2023-12-26,친구들과 즐거운 저녁 식사를 했던 성수 맛집 무식당 성수본점,https://blog.naver.com/lfgmby8309/223303721532
2023-12-26,,https://blog.naver.com/jibin0318
2023-12-26,신사소곱창 성수점 성수곱창 성수명소,https://blog.naver.com/jibin0318/223303646873
2023-12-26,,https://blog.naver.com/miinjji811
2023-12-26,2023 11월,https://blog.naver.com/miinjji811/223303631192
2023-12-26,,https://blog.naver.com/sujung8107
2023-12-26,성수동 피자 까사아지오 데이트 코스로 굿,https://blog.naver.com/sujung8107/223303492978
2023-12-26,"2024 꼭 가볼 성수동 편집샵, 팝업 쇼룸.5 무신사, 엠프티, EQL 등",https://blog.naver.com/semolookbook/223303404685
2023-12-26,,https://blog.naver.com/pingkyak
2023-12-26,2023 화이트 크리스마스 선물,https://blog.naver.com/pingkyak/223303379270
2023-12-26,,https://blog.naver.com/berry320
2023-12-26,성수 피자 까사아지오 성수본점 casa AGIO,https://blog.naver.com/berry320/223303349666
2023-12-26,,https://blog.naver.com/learn13212
2023-12-26,서울숲 본점에서 즐기는 소울푸드 요쇼쿠의 다양한 맛 체험 여정,https://blog.naver.com/learn13212/223303108168
2023-12-27,,https://blog.naver.com/x260sow7
2023-12-27,"성수동맛집 심퍼티쿠시 성수점, 아트 갤러리 분위기의 고급 레스토랑!",https://blog.naver.com/x260sow7/223304817715
2023-12-27,에테로노 압구정 라파엘 모네오의 새로운 걸작 분양 안내,https://blog.naver.com/ritz_01/223304711722
2023-12-27,,https://blog.naver.com/09factory
2023-12-27,젠트리피케이션 뜻 의미 문제점 이해하기,https://blog.naver.com/09factory/223304387390
2023-12-27,아모레 성수 - 공간 소개 및 나다운 아름다움 사진전 리뷰,https://blog.naver.com/eunicemin/223301574018
2023-12-27,,https://blog.naver.com/qtzlse7810
2023-12-27,숨은 맛의 보물창고 노포 느낌의 성수 맛집 무식당 성수본점,https://blog.naver.com/qtzlse7810/223304179833
2023-12-27,,https://blog.naver.com/yeeunlovesj
2023-12-27,성수역탕후루 맛집 산타탕후루가 있는 미니탕후루(feat.디올),https://blog.naver.com/yeeunlovesj/223304155998
2023-12-27,,https://blog.naver.com/carrot106082
2023-12-27,서울 성수동 서울숲 하이라인카페,https://blog.naver.com/carrot106082/223304152088
2023-12-27,서울 야경 명소 3+3 야간 드라이브 코스 추천,https://blog.naver.com/goyamee/223304122945
2023-12-28,성수데이트코스 성수역 근처 밥집 미도인 성수,https://blog.naver.com/jinidag/223305897701
2023-12-28,,https://blog.naver.com/yujung0803
2023-12-28,후쿠오카 핫플 일본감성을 느끼고 싶다면 야쿠인 추천코스,https://blog.naver.com/yujung0803/223305839354
2023-12-28,,https://blog.naver.com/timeis0215
2023-12-28,[서울/성동] 뚝섬맛집 성수동 데이트코스 퓨전한식 '다반',https://blog.naver.com/timeis0215/223305821868
2023-12-28,,https://blog.naver.com/logbook70
2023-12-28,"있는 공간, 없는 공간",https://blog.naver.com/logbook70/223305546612
2023-12-28,,https://blog.naver.com/allergic_kiwi
2023-12-28,[호주여행(멜버른)] 멜버른 피츠로이 마켓 / 로즈스트릿 마켓 / 룬 크루와상 / 멜버른 왕립전시관 / 호시어레인 / 듁스커피,https://blog.naver.com/allergic_kiwi/223305501236
2023-12-28,,https://blog.naver.com/willsmithkr
2023-12-28,성수동 팝업 스토어와 브랜드 매장 탐방,https://blog.naver.com/willsmithkr/223305477293
2023-12-28,성수동상권_박병찬의부동산투자방법,https://blog.naver.com/willsmithkr/223305461493
2023-12-28,,https://blog.naver.com/mcst_pr
2023-12-28,새해맞이 인파 집중 지역 안전관리… 해넘이·해맞이 등 주요명소 현장점검,https://blog.naver.com/mcst_pr/223305418926
2023-12-28,,https://blog.naver.com/khlcd00182
2023-12-28,"우시야 성수점의 특별한 맛, 성수동 한우 오마카세로 즐기는 환상의 식사",https://blog.naver.com/khlcd00182/223299296071
2023-12-28,,https://blog.naver.com/aaxxs
2023-12-28,"오스테리아 파로에서의 성수동 저녁 데이트, 달콤하고 로맨틱한 시간 찐후기",https://blog.naver.com/aaxxs/223305234826
2023-12-29,,https://blog.naver.com/dbfk1541
2023-12-29,[성수 데이트 추천] 성수동 분위기좋은 칵테일바 구아바,https://blog.naver.com/dbfk1541/223306873235
2023-12-29,[성수동화덕피자] 성수동혼밥도 가능한 화덕 1인 피자와 파스타 맛집 – 까사아지오 성수본점,https://blog.naver.com/80eun_98/223306870506
2023-12-29,,https://blog.naver.com/cynicalsun
2023-12-29,미식 경제학,https://blog.naver.com/cynicalsun/223306785117
2023-12-29,,https://blog.naver.com/oh4182
2023-12-29,오프라인 공간의 변화를 보여준 2023 팝업스토어 | 책 요약,https://blog.naver.com/oh4182/223306775524
2023-12-29,,https://blog.naver.com/debin171
2023-12-29,기분좋게 즐기는 야키토리 5종세트 먹고 싶어서 찾아가 보았던 형 하고 밖에서 만나서 즐기고 온 맛집술집,https://blog.naver.com/debin171/223306734446
2023-12-29,,https://blog.naver.com/ltter700
2023-12-29,"성수동맛집성수동술집 핫한 곳 성수동 현지 술집 요리주점 다리살(모모), 껍질(카와), 모래집(스나기모) 안주들도 좋은 장소",https://blog.naver.com/ltter700/223306691272
2023-12-29,,https://blog.naver.com/all_think
2023-12-29,"[신혼여행]뉴욕 2일차_덤보, 브루클린브릿지, 월스트리트, 리틀이태리",https://blog.naver.com/all_think/223306677404
2023-12-29,,https://blog.naver.com/jeonmin0417
2023-12-29,"서울숲야끼소바맛집의 명소, 핫쵸 성수점",https://blog.naver.com/jeonmin0417/223306625137
2023-12-29,데이트하기 좋은 중국집 성수동 짬뽕 맛집 호호반점,https://blog.naver.com/vtelecom1/223306589124
2023-12-29,성수 데이트코스로 LCDC SEOUL 언노운코드 팝업스토어 어때? / 연말 새해 선물 추천,https://blog.naver.com/hews2010/223306576363
2023-12-29,"성수동 덮밥의 신세계, 맛의 비밀을 가진 곳 - 핵밥",https://blog.naver.com/nonna0628/223306511244
2023-12-29,나혼자산다 팜유 세미나 타이중 여행 추억 돋는 대만 여행지,https://blog.naver.com/youliyan/223306451462
2023-12-29,성수동 삼표 부지 한강변 최고 60층 랜드마크,https://blog.naver.com/gnbre/223298784934
2023-12-29,,https://blog.naver.com/enterside
2023-12-29,성수 데이트 코스 스시도쿠 더성수 분위기 굿,https://blog.naver.com/enterside/223306393212
2023-12-29,,https://blog.naver.com/cloudnine220
2023-12-29,성수동 피자 데이트코스로 좋은 피자시즌,https://blog.naver.com/cloudnine220/223306072613
2023-12-29,이번 주 당신이 놓친 이슈 총정리!! (12월 마지막 주차),https://blog.naver.com/kiwoomhero/223306387990
2023-12-29,,https://blog.naver.com/bugook789
2023-12-29,23.12.29.(금) 경찰 관련 기사 스크린,https://blog.naver.com/bugook789/223306322882
2023-12-29,성수 팝업스토어 LCDC 서울 데이트코스 가볼만한곳,https://blog.naver.com/davi-kim/223306115742
2023-12-29,,https://blog.naver.com/no_ily
2023-12-29,서울 향수공방 - 라오크 성수 / 향수만들기 원데이클래스 서울숲 데이트코스로 제격!,https://blog.naver.com/no_ily/223306286581
2023-12-29,,https://blog.naver.com/toi300
2023-12-29,뉴브리핑 기술과 기업 다양한 이슈정리 (231229),https://blog.naver.com/toi300/223306278829
2023-12-29,,https://blog.naver.com/y_unjiv_v
2023-12-29,"[뚝섬역 맛집] 서울숲 데이트 코스 맛집, 포피나",https://blog.naver.com/y_unjiv_v/223306267696
2023-12-29,,https://blog.naver.com/woori4042788
2023-12-29,23년12월29일 부동산 주요 뉴스(50억 훌쩍... 불경기에도 연일 신고가 찍는 한강변 상급지 外),https://blog.naver.com/woori4042788/223305351413
2023-12-29,성수명소 부우이 성수부우이,https://blog.naver.com/leader_kim_0618/223306219621
2023-12-29,,https://blog.naver.com/wake13868
2023-12-29,간선도로 1톤 화물 입문을 하신다면 지금이 기회!1200만원 매출,https://blog.naver.com/wake13868/223306202544
2023-12-29,,https://blog.naver.com/zhijl89320
2023-12-29,도시 생활자를 위한 조깅 코스 추천,https://blog.naver.com/zhijl89320/223306136974
2023-12-30,"성수 후토마끼 맛집 추천 : 우리마키 성수점 웨이팅 꿀팁 | 성수 핫플, 성수 웨이팅 맛집",https://blog.naver.com/uon__/223307756880
2023-12-30,,https://blog.naver.com/sinyu065
2023-12-30,테디스오븐 성수 솔직한 후기 | 서울숲 핫플 성수동 디저트 카페,https://blog.naver.com/sinyu065/223307608144
2023-12-30,"[치앙마이한달살기9] 아사히볼 맛집 쿤캐쥬스바, 블루누들, 캐롯커피 카공 카페, 필수코스 추천 캄빌리지, 디지털노마드인의 하루",https://blog.naver.com/kw-gom/223307453343
2023-12-30,,https://blog.naver.com/jin_zer0_
2023-12-30,Adieu 2023 ! 사람 이진영의 2023년,https://blog.naver.com/jin_zer0_/223307415994
2023-12-30,,https://blog.naver.com/moonfully
2023-12-30,성수 데이트 코스 오스테리아 파로 내돈내산 가성비 양식 맛집,https://blog.naver.com/moonfully/223307299349
2023-12-30,,https://blog.naver.com/mycatissolovely
2023-12-30,41_(Italy),https://blog.naver.com/mycatissolovely/223307230630
2023-12-30,,https://blog.naver.com/ucsk-em
2023-12-30,"로맨틱한 성수동 데이트, 오스테리아 파로와의 맛있는 저녁 탐험 가보았어요",https://blog.naver.com/ucsk-em/223307217109
2023-12-30,,https://blog.naver.com/dbrtk95_
2023-12-30,[서울스트롤/서울숲 데이트] 정말 맛있는 파스타맛집! 데이트장소추천!,https://blog.naver.com/dbrtk95_/223288073655
2023-12-30,,https://blog.naver.com/rlawjddk000
2023-12-30,2023 끝,https://blog.naver.com/rlawjddk000/223307072790
2023-12-31,,https://blog.naver.com/lakebigyw
2023-12-31,2023 사진 결산,https://blog.naver.com/lakebigyw/223308678687
2023-12-31,,https://blog.naver.com/ninis0611
2023-12-31,성수 카페 요즘엔 프레즐이 유행 브레디포스트 성수점,https://blog.naver.com/ninis0611/223308625871
2023-12-31,,https://blog.naver.com/cielo0506
2023-12-31,"대만여행 7일차 타이난&가오슝, 타이난일일투어 (록이문 성모묘, 쓰차오 녹색터널, 안평옛거리, 안평수옥, 블루프린트 문화창의공원, 치메이 박물관) 그리고 루이펑야시장",https://blog.naver.com/cielo0506/223308498209
2023-12-31,,https://blog.naver.com/chlwnstj1107-
2023-12-31,성수동명소 성수동맛집 능동미나리 성수점,https://blog.naver.com/chlwnstj1107-/223308457682
2023-12-31,문화식당 성수 & 도어 투 성수 성수동 데이트 코스,https://blog.naver.com/mung-mung-/223308384632
2023-12-31,,https://blog.naver.com/hyunsup98
2023-12-31,"2023 데이트코스 TOP5 ! | BEST 맛집, 데이트 코스, 핫플레이스 뽑기 | 키야네 시상식 | 내년에도 가고싶은 곳",https://blog.naver.com/hyunsup98/223307808325
2023-12-31,,https://blog.naver.com/kang1746
2023-12-31,23년 12월 태영건설 워크아웃 이끈 성수동 오피스 사업,https://blog.naver.com/kang1746/223308250977
2023-12-31,,https://blog.naver.com/jys801020
2023-12-31,<트렌드 코리아 2024>새해의 화룡점정은 바로 '이것',https://blog.naver.com/jys801020/223308235496
2023-12-31,,https://blog.naver.com/lovely_ud
2023-12-31,성수 중국집 성수 데이트코스 호호반점 성수낙낙점 왕문어짬뽕 최고,https://blog.naver.com/lovely_ud/223308181245
2023-12-31,,https://blog.naver.com/frogpark
2023-12-31,연말 데이트 코스 더현대 카페 레이어드와 뵈르뵈르 아이스크림 후기,https://blog.naver.com/frogpark/223306986009
2023-12-31,,https://blog.naver.com/victory1620
2023-12-31,먹어보자고 서울숲 돌아다니다 발견한 깔끔한 맛의 성수동 명소 요쇼쿠 서울숲 본점,https://blog.naver.com/victory1620/223307957699
